block_id,n_events,n_distinct_events,warn_err_ratio,evt_0,evt_1,evt_2,evt_3,evt_4,evt_5,evt_6,evt_7,evt_8,evt_9,evt_10,label
blk_0003275196,6,6,0.0,0,1,1,1,1,0,1,1,0,0,0,0
blk_0015643086,6,6,0.16666666666666666,0,1,1,1,1,0,1,1,0,0,0,0
blk_0019748945,6,6,0.16666666666666666,0,1,1,1,1,0,1,1,0,0,0,0
blk_0022622707,6,6,0.16666666666666666,0,1,1,1,1,0,1,1,0,0,0,0
blk_0023112381,5,5,0.6,0,1,1,1,0,0,1,1,0,0,0,0
blk_0025075468,5,5,0.2,0,1,1,1,1,0,0,1,0,0,0,0
blk_0026250831,6,6,0.0,0,1,1,1,1,0,1,1,0,0,0,0
blk_0026845181,4,4,0.0,0,1,1,1,1,0,0,0,0,0,0,0
blk_0043259650,6,6,0.3333333333333333,0,1,1,1,1,0,1,1,0,0,0,0
blk_0044631396,5,5,0.2,0,1,1,1,0,0,1,1,0,0,0,0
blk_0048570172,4,4,0.25,0,1,0,1,0,0,1,1,0,0,0,0
blk_0057392541,4,4,0.25,0,1,1,1,1,0,0,0,0,0,0,0
blk_0057554389,4,4,0.5,0,1,1,1,0,0,1,0,0,0,0,0
blk_0061448917,4,4,0.25,0,1,0,0,1,0,1,1,0,0,0,0
blk_0095706806,4,4,0.25,0,0,1,1,1,0,0,1,0,0,0,0
blk_0097202614,4,4,0.0,0,1,0,0,1,0,1,1,0,0,0,0
blk_0097830719,5,5,0.0,0,1,1,1,1,0,1,0,0,0,0,0
blk_0103626873,5,5,0.2,0,1,1,1,1,0,0,1,0,0,0,0
blk_0106353822,4,4,0.25,0,1,1,0,1,0,1,0,0,0,0,0
blk_0108401182,4,4,0.5,0,1,1,1,0,0,0,1,0,0,0,0
blk_0118610412,6,6,0.3333333333333333,0,1,1,1,1,0,1,1,0,0,0,0
blk_0121290939,6,6,0.8333333333333334,0,1,1,1,1,0,1,1,0,0,0,0
blk_0123511284,4,4,0.75,0,1,0,0,1,0,1,1,0,0,0,0
blk_0130401828,4,4,0.5,0,1,0,0,1,0,1,1,0,0,0,0
blk_0130898391,6,6,0.16666666666666666,0,1,1,1,1,0,1,1,0,0,0,0
blk_0131044288,4,4,0.5,0,1,0,1,1,0,1,0,0,0,0,0
blk_0131215945,6,6,0.0,0,1,1,1,1,0,1,1,0,0,0,0
blk_0134945758,5,5,0.2,0,1,0,1,1,0,1,1,0,0,0,0
blk_0137800651,6,6,0.3333333333333333,0,1,1,1,1,0,1,1,0,0,0,0
blk_0140326034,5,5,0.2,0,1,1,0,1,0,1,1,0,0,0,0
blk_0144634234,5,5,0.4,0,1,1,1,1,0,0,1,0,0,0,0
blk_0146560415,6,6,0.5,0,1,1,1,1,0,1,1,0,0,0,0
blk_0148963470,5,5,0.0,0,1,1,1,1,0,0,1,0,0,0,0
blk_0161213596,6,6,0.0,0,1,1,1,1,0,1,1,0,0,0,0
blk_0169183877,5,5,0.8,0,1,0,1,1,0,1,1,0,0,0,0
blk_0170451092,6,6,0.16666666666666666,0,1,1,1,1,0,1,1,0,0,0,0
blk_0172838659,5,5,0.2,0,1,1,1,0,0,1,1,0,0,0,0
blk_0173620510,6,6,0.5,0,1,1,1,1,0,1,1,0,0,0,0
blk_0174020081,5,5,0.6,0,1,0,1,0,0,1,1,1,0,0,1
blk_0177730641,4,4,0.0,0,0,1,1,1,0,1,0,0,0,0,0
blk_0178035495,4,4,0.25,0,1,0,1,1,0,1,0,0,0,0,0
blk_0182283416,5,5,0.4,0,1,1,1,1,0,1,0,0,0,0,0
blk_0185440223,6,6,0.16666666666666666,0,1,1,1,1,0,1,1,0,0,0,0
blk_0189017115,4,4,0.25,0,0,1,1,0,0,1,1,0,0,0,0
blk_0197000449,4,4,0.0,0,1,1,1,1,0,0,0,0,0,0,0
blk_0205623176,5,5,0.4,0,1,0,1,1,0,1,1,0,0,0,0
blk_0211538670,6,6,0.5,0,1,1,1,1,0,1,1,0,0,0,0
blk_0212394304,5,5,0.6,0,1,1,0,0,0,0,1,1,1,0,1
blk_0216222369,5,5,0.2,0,1,1,0,1,0,1,1,0,0,0,0
blk_0218645410,5,5,0.4,0,1,1,1,0,0,1,1,0,0,0,0
blk_0221574920,4,4,0.25,0,1,0,1,1,0,1,0,0,0,0,0
blk_0221804909,6,6,0.16666666666666666,0,1,1,1,1,0,1,1,0,0,0,0
blk_0222881248,6,6,0.16666666666666666,0,1,1,1,1,0,1,1,0,0,0,0
blk_0223883293,5,5,1.0,1,0,1,0,1,0,1,1,0,0,0,1
blk_0226330654,4,4,0.25,0,1,1,0,1,0,1,0,0,0,0,0
blk_0226511393,6,6,0.3333333333333333,0,1,1,1,1,0,1,1,0,0,0,0
blk_0234407740,6,6,0.16666666666666666,0,1,1,1,1,0,1,1,0,0,0,0
blk_0235875917,4,4,0.25,0,1,1,1,0,0,1,0,0,0,0,0
blk_0242106779,5,5,0.6,0,1,1,1,1,0,1,0,0,0,0,0
blk_0249584386,4,4,0.5,0,0,1,1,1,0,0,1,0,0,0,0
blk_0252524716,4,4,0.25,0,1,1,1,1,0,0,0,0,0,0,0
blk_0256053460,6,6,0.0,0,1,1,1,1,0,1,1,0,0,0,0
blk_0258792055,4,4,0.25,0,1,1,0,1,0,1,0,0,0,0,0
blk_0261151354,5,5,0.4,0,0,1,1,1,0,1,1,0,0,0,0
blk_0262543177,6,6,0.16666666666666666,0,1,1,1,1,0,1,1,0,0,0,0
blk_0263231084,4,4,0.0,0,0,1,1,1,0,0,1,0,0,0,0
blk_0273543121,5,5,0.4,0,1,1,1,1,0,0,1,0,0,0,0
blk_0276695345,4,4,0.0,0,1,0,1,1,0,1,0,0,0,0,0
blk_0278278713,6,6,0.0,0,1,1,1,1,0,1,1,0,0,0,0
blk_0280818276,6,6,0.16666666666666666,0,1,1,1,1,0,1,1,0,0,0,0
blk_0281985501,4,4,0.75,0,1,0,1,1,0,1,0,0,0,0,0
blk_0284369241,4,4,0.25,0,1,1,1,1,0,0,0,0,0,0,0
blk_0293388786,6,6,0.0,0,1,1,1,1,0,1,1,0,0,0,0
blk_0298468446,5,5,0.8,0,0,1,0,1,1,1,1,0,0,0,1
blk_0299943651,5,5,0.0,0,0,1,1,1,0,1,1,0,0,0,0
blk_0304411469,5,5,0.6,0,0,1,1,1,0,1,1,0,0,0,0
blk_0310873246,5,5,0.2,0,1,1,1,1,0,0,1,0,0,0,0
blk_0312505339,5,5,0.4,0,1,1,1,1,0,0,1,0,0,0,0
blk_0319088751,5,5,0.2,0,1,1,1,1,0,1,0,0,0,0,0
blk_0327866709,5,5,0.4,0,1,0,1,1,0,1,1,0,0,0,0
blk_0332216417,5,5,0.2,0,1,1,1,0,0,1,1,0,0,0,0
blk_0333134971,4,4,0.5,0,1,1,1,0,0,1,0,0,0,0,0
blk_0336332752,6,6,0.5,0,1,1,1,1,0,1,1,0,0,0,0
blk_0357132958,4,4,0.0,0,1,0,0,1,0,1,1,0,0,0,0
blk_0363564215,4,4,0.25,0,0,1,1,0,0,1,1,0,0,0,0
blk_0364752042,5,5,0.4,0,1,1,1,1,0,0,1,0,0,0,0
blk_0381707040,5,5,0.2,0,1,0,1,1,0,1,1,0,0,0,0
blk_0382146421,5,5,0.4,0,1,0,1,1,0,1,1,0,0,0,0
blk_0383281360,5,5,0.2,0,1,0,1,1,0,1,1,0,0,0,0
blk_0392579822,6,6,0.16666666666666666,0,1,1,1,1,0,1,1,0,0,0,0
blk_0412741967,6,6,0.16666666666666666,0,1,1,1,1,0,1,1,0,0,0,0
blk_0420741752,4,4,0.0,0,1,0,1,0,0,1,1,0,0,0,0
blk_0423497717,4,4,0.5,0,1,1,0,1,0,0,1,0,0,0,0
blk_0423804914,7,7,0.7142857142857143,0,1,1,1,1,1,1,0,1,0,0,1
blk_0428874667,6,6,0.0,0,1,1,1,1,0,1,1,0,0,0,0
blk_0431167727,6,6,0.3333333333333333,0,1,1,1,1,0,1,1,0,0,0,0
blk_0431605966,6,6,0.16666666666666666,0,1,1,1,1,0,1,1,0,0,0,0
blk_0437940184,6,6,0.16666666666666666,0,1,1,1,1,0,1,1,0,0,0,0
blk_0440038146,5,5,0.2,0,1,1,1,1,0,0,1,0,0,0,0
blk_0440242969,6,6,0.16666666666666666,0,1,1,1,1,0,1,1,0,0,0,0
blk_0441989496,8,8,0.625,0,1,1,1,1,1,1,1,0,0,1,1
blk_0451527814,5,5,0.4,0,1,1,1,1,0,1,0,0,0,0,0
blk_0453391783,6,6,0.16666666666666666,0,1,1,1,1,0,1,1,0,0,0,0
blk_0457377191,5,5,0.2,0,0,1,1,1,0,1,1,0,0,0,0
blk_0466202235,5,5,0.0,0,1,0,1,1,0,1,1,0,0,0,0
blk_0480339101,6,6,0.5,0,1,1,1,1,0,1,1,0,0,0,0
blk_0481490294,6,6,0.16666666666666666,0,1,1,1,1,0,1,1,0,0,0,0
blk_0483324241,4,4,0.0,0,1,1,1,0,0,0,1,0,0,0,0
blk_0489136129,4,4,0.25,0,1,1,1,0,0,1,0,0,0,0,0
blk_0502262785,6,6,0.0,0,1,1,1,1,0,1,1,0,0,0,0
blk_0503104660,5,5,0.2,0,0,1,1,1,0,1,1,0,0,0,0
blk_0507753276,5,5,0.2,0,1,1,0,1,0,1,1,0,0,0,0
blk_0509672443,4,4,0.0,0,1,1,1,1,0,0,0,0,0,0,0
blk_0509800875,4,4,0.25,0,1,1,1,0,0,1,0,0,0,0,0
blk_0520120001,6,6,0.3333333333333333,0,1,1,1,1,0,1,1,0,0,0,0
blk_0521287239,5,5,0.0,0,1,1,1,1,0,1,0,0,0,0,0
blk_0528295521,6,6,0.16666666666666666,0,1,1,1,1,0,1,1,0,0,0,0
blk_0557840969,5,5,0.4,0,1,0,1,1,0,1,1,0,0,0,0
blk_0561237528,5,5,0.2,0,1,0,1,1,0,1,1,0,0,0,0
blk_0570387980,6,6,0.0,0,1,1,1,1,0,1,1,0,0,0,0
blk_0582671834,6,6,0.16666666666666666,0,1,1,1,1,0,1,1,0,0,0,0
blk_0586627154,4,4,0.0,0,0,1,1,0,0,1,1,0,0,0,0
blk_0599221851,5,5,0.2,0,1,1,1,1,0,0,1,0,0,0,0
blk_0600936771,5,5,0.4,0,0,1,1,1,0,1,1,0,0,0,0
blk_0601375429,6,6,0.16666666666666666,0,1,1,1,1,0,1,1,0,0,0,0
blk_0604911102,4,4,0.25,0,1,1,0,0,0,1,1,0,0,0,0
blk_0609243116,4,4,0.5,0,1,1,0,1,0,0,1,0,0,0,0
blk_0613329223,6,6,0.16666666666666666,0,1,1,1,1,0,1,1,0,0,0,0
blk_0617062215,6,6,0.0,0,1,1,1,1,0,1,1,0,0,0,0
blk_0618803534,5,5,0.4,0,1,1,1,1,0,1,0,0,0,0,0
blk_0632653434,4,4,0.25,0,1,0,1,0,0,1,1,0,0,0,0
blk_0633608745,4,4,0.0,0,1,1,0,1,0,0,1,0,0,0,0
blk_0633848179,6,6,0.16666666666666666,0,1,1,1,1,0,1,1,0,0,0,0
blk_0640082855,5,5,0.2,0,1,1,1,0,0,1,1,0,0,0,0
blk_0644634257,5,5,0.2,0,1,1,1,1,0,0,1,0,0,0,0
blk_0645156311,5,5,0.0,0,1,1,1,1,0,1,0,0,0,0,0
blk_0657754703,4,4,0.5,0,1,0,1,1,0,1,0,0,0,0,0
blk_0666345323,6,6,0.6666666666666666,0,0,1,1,1,0,1,1,0,0,1,1
blk_0682162245,5,5,1.0,1,1,1,1,0,0,0,0,0,0,1,1
blk_0682171415,6,6,0.16666666666666666,0,1,1,1,1,0,1,1,0,0,0,0
blk_0684392813,5,5,0.6,1,0,1,0,1,0,1,1,0,0,0,1
blk_0689509900,5,5,0.4,0,1,0,1,1,0,1,1,0,0,0,0
blk_0695298507,5,5,0.2,0,1,1,1,1,0,1,0,0,0,0,0
blk_0706508937,5,5,0.6,0,1,1,1,1,0,0,1,0,0,0,0
blk_0710015927,5,5,0.0,0,1,1,1,1,0,0,1,0,0,0,0
blk_0711635050,5,5,0.2,0,1,1,1,0,0,1,1,0,0,0,0
blk_0712016198,6,6,0.3333333333333333,0,1,1,1,1,0,1,1,0,0,0,0
blk_0713496365,6,6,0.3333333333333333,0,1,1,1,1,0,1,1,0,0,0,0
blk_0714203635,6,6,0.16666666666666666,0,1,1,1,1,0,1,1,0,0,0,0
blk_0725183167,6,6,0.16666666666666666,0,1,1,1,1,0,1,1,0,0,0,0
blk_0729101423,6,6,0.3333333333333333,0,1,1,1,1,0,1,1,0,0,0,0
blk_0729882464,4,4,0.25,0,0,1,1,1,0,1,0,0,0,0,0
blk_0739129579,6,6,0.0,0,1,1,1,1,0,1,1,0,0,0,0
blk_0748310729,4,4,0.0,0,1,0,1,0,0,1,1,0,0,0,0
blk_0751886393,5,5,0.8,0,1,1,1,0,0,1,0,0,0,1,1
blk_0752431518,6,6,0.16666666666666666,0,1,1,1,1,0,1,1,0,0,0,0
blk_0757412451,4,4,0.25,0,1,1,1,1,0,0,0,0,0,0,0
blk_0758587681,4,4,0.25,0,0,0,1,1,0,1,1,0,0,0,0
blk_0766270445,7,6,0.42857142857142855,0,1,1,0,1,0,1,1,0,2,0,1
blk_0795641328,5,5,0.0,0,1,0,1,1,0,1,1,0,0,0,0
blk_0798629508,4,4,0.25,0,1,1,1,1,0,0,0,0,0,0,0
blk_0799657742,6,6,0.5,0,1,1,1,1,0,1,1,0,0,0,0
blk_0806445651,5,5,0.4,0,1,1,1,0,0,1,1,0,0,0,0
blk_0810431452,5,5,0.0,0,0,1,1,1,0,1,1,0,0,0,0
blk_0824049940,7,7,0.8571428571428571,1,1,1,1,0,1,1,1,0,0,0,1
blk_0836092548,6,6,0.16666666666666666,0,1,1,1,1,0,1,1,0,0,0,0
blk_0836432072,6,6,0.0,0,1,1,1,1,0,1,1,0,0,0,0
blk_0838755864,5,5,0.6,0,0,0,0,1,1,1,1,0,1,0,1
blk_0839299063,6,6,0.3333333333333333,0,1,1,1,1,0,1,1,0,0,0,0
blk_0841630636,6,6,0.16666666666666666,0,1,1,1,1,0,1,1,0,0,0,0
blk_0842127462,6,6,0.3333333333333333,0,1,1,1,1,0,1,1,0,0,0,0
blk_0842190268,6,6,0.3333333333333333,0,1,1,1,1,0,1,1,0,0,0,0
blk_0848115962,6,6,0.16666666666666666,0,1,1,1,1,0,1,1,0,0,0,0
blk_0851902096,6,6,0.3333333333333333,0,1,1,1,1,0,1,1,0,0,0,0
blk_0852324953,4,4,0.25,0,1,0,1,1,0,0,1,0,0,0,0
blk_0860318355,5,5,0.2,0,1,1,1,1,0,1,0,0,0,0,0
blk_0861279237,4,4,0.25,0,0,0,1,1,0,1,1,0,0,0,0
blk_0861286533,4,4,0.25,0,1,0,1,1,0,1,0,0,0,0,0
blk_0861620050,4,4,0.0,0,0,1,1,0,0,1,1,0,0,0,0
blk_0863203606,4,4,0.5,0,1,1,1,0,0,0,1,0,0,0,0
blk_0867344255,4,4,0.25,0,1,0,1,1,0,1,0,0,0,0,0
blk_0885021510,4,4,0.25,0,1,0,1,0,0,1,1,0,0,0,0
blk_0895118327,4,4,0.5,0,1,1,1,0,0,0,1,0,0,0,0
blk_0906422224,4,4,0.5,0,0,1,1,1,0,1,0,0,0,0,0
blk_0908688778,5,5,0.4,0,0,1,1,0,0,1,1,0,1,0,1
blk_0911497800,6,6,0.3333333333333333,0,1,1,1,1,0,1,1,0,0,0,0
blk_0922929194,5,5,0.2,0,1,1,0,1,0,1,1,0,0,0,0
blk_0923472848,5,5,0.4,0,1,1,0,1,0,1,1,0,0,0,0
blk_0928986707,6,6,0.16666666666666666,0,1,1,1,1,0,1,1,0,0,0,0
blk_0935771311,4,4,0.5,0,0,1,1,1,0,0,1,0,0,0,0
blk_0937695483,6,6,0.16666666666666666,0,1,1,1,1,0,1,1,0,0,0,0
blk_0956831409,6,6,0.3333333333333333,0,1,1,1,1,0,1,1,0,0,0,0
blk_0958326726,5,5,0.4,0,1,1,1,1,0,1,0,0,0,0,0
blk_0960257924,5,5,0.0,0,1,1,1,1,0,1,0,0,0,0,0
blk_0961448023,6,6,0.6666666666666666,1,1,1,1,1,0,1,0,0,0,0,1
blk_0975772600,4,4,0.5,0,0,1,1,1,0,0,1,0,0,0,0
blk_0978963168,4,4,0.25,0,1,0,1,0,0,1,1,0,0,0,0
blk_0985059262,5,5,0.2,0,1,1,0,1,0,1,1,0,0,0,0
blk_0990544120,5,5,0.6,0,0,1,1,1,0,1,1,0,0,0,0
blk_0994217846,5,5,0.2,0,0,1,1,1,0,1,1,0,0,0,0
blk_1000860908,6,6,0.16666666666666666,0,1,1,1,1,0,1,1,0,0,0,0
blk_1004146929,5,5,0.4,0,0,1,1,1,0,1,1,0,0,0,0
blk_1011652671,6,6,0.5,0,1,1,1,1,0,1,1,0,0,0,0
blk_1015377625,5,5,0.0,0,1,1,0,1,0,1,1,0,0,0,0
blk_1018879286,5,5,0.4,0,1,1,1,1,0,0,1,0,0,0,0
blk_1021834066,4,4,0.75,0,1,0,0,1,0,1,1,0,0,0,0
blk_1030049089,4,4,0.25,0,1,1,1,1,0,0,0,0,0,0,0
blk_1030626345,6,6,0.16666666666666666,0,1,1,1,1,0,1,1,0,0,0,0
blk_1037382789,4,4,0.0,0,1,1,0,1,0,1,0,0,0,0,0
blk_1037717736,6,6,0.3333333333333333,0,1,1,1,1,0,1,1,0,0,0,0
blk_1046172470,4,4,0.5,0,1,0,0,1,0,1,1,0,0,0,0
blk_1047951064,6,6,0.0,0,1,1,1,1,0,1,1,0,0,0,0
blk_1049834477,6,6,0.16666666666666666,0,1,1,1,1,0,1,1,0,0,0,0
blk_1061067402,6,6,0.0,0,1,1,1,1,0,1,1,0,0,0,0
blk_1061260868,5,5,0.0,0,1,1,1,1,0,1,0,0,0,0,0
blk_1061295760,8,8,0.75,1,1,1,1,1,0,1,1,0,1,0,1
blk_1061701751,5,5,0.4,0,1,0,1,1,0,1,1,0,0,0,0
blk_1064472445,4,4,0.75,0,1,1,0,0,0,1,1,0,0,0,0
blk_1065641165,5,5,0.4,0,1,1,1,1,0,1,0,0,0,0,0
blk_1065992718,6,6,0.3333333333333333,0,1,1,1,1,0,1,1,0,0,0,0
blk_1067174325,6,6,0.3333333333333333,0,1,1,1,1,0,1,1,0,0,0,0
blk_1070590506,5,5,0.2,0,1,1,1,0,0,1,1,0,0,0,0
blk_1075279682,5,5,0.2,0,1,1,1,1,0,0,1,0,0,0,0
blk_1081705354,5,5,0.4,0,1,1,1,1,0,0,1,0,0,0,0
blk_1099825570,6,6,0.3333333333333333,0,1,1,1,1,0,1,1,0,0,0,0
blk_1112920201,4,4,0.25,0,1,0,0,1,0,1,1,0,0,0,0
blk_1121664072,5,5,0.2,0,1,1,1,1,0,0,1,0,0,0,0
blk_1123795167,6,6,0.16666666666666666,0,1,1,1,1,0,1,1,0,0,0,0
blk_1132640136,6,6,0.6666666666666666,0,1,0,0,1,1,1,1,0,1,0,1
blk_1133775374,4,4,0.0,0,1,1,1,1,0,0,0,0,0,0,0
blk_1137999534,4,4,0.0,0,1,0,1,1,0,1,0,0,0,0,0
blk_1138799415,4,4,0.0,0,0,1,1,0,0,1,1,0,0,0,0
blk_1145322925,4,4,0.0,0,1,1,1,1,0,0,0,0,0,0,0
blk_1157426821,5,5,0.0,0,1,1,1,1,0,0,1,0,0,0,0
blk_1157670690,5,5,0.2,0,1,1,1,1,0,0,1,0,0,0,0
blk_1160744695,6,6,0.5,0,1,1,1,1,0,1,1,0,0,0,0
blk_1162966620,4,4,0.0,0,0,1,1,1,0,0,1,0,0,0,0
blk_1176252263,6,6,0.6666666666666666,0,1,1,1,1,0,1,1,0,0,0,0
blk_1179435731,6,6,0.16666666666666666,0,1,1,1,1,0,1,1,0,0,0,0
blk_1182733062,6,6,0.3333333333333333,0,1,1,1,1,0,1,1,0,0,0,0
blk_1185687973,6,6,0.0,0,1,1,1,1,0,1,1,0,0,0,0
blk_1187643785,6,6,0.5,0,1,1,1,1,0,1,1,0,0,0,0
blk_1187925560,5,5,0.4,0,0,1,1,1,0,1,1,0,0,0,0
blk_1190317328,5,5,0.2,0,0,1,1,1,0,1,1,0,0,0,0
blk_1214638416,4,4,0.0,0,0,1,1,1,0,0,1,0,0,0,0
blk_1218685557,4,4,0.25,0,1,0,1,1,0,1,0,0,0,0,0
blk_1219316022,5,5,0.2,0,1,1,1,1,0,1,0,0,0,0,0
blk_1220887175,4,4,0.5,0,1,1,1,0,0,0,1,0,0,0,0
blk_1240592027,4,4,0.5,0,0,0,1,1,0,1,1,0,0,0,0
blk_1242474559,5,5,0.0,0,1,0,1,1,0,1,1,0,0,0,0
blk_1248420191,4,4,0.25,0,0,1,1,1,0,1,0,0,0,0,0
blk_1260197424,6,6,0.5,0,1,1,1,1,0,1,1,0,0,0,0
blk_1272357901,4,4,0.25,0,1,1,0,1,0,1,0,0,0,0,0
blk_1276565466,6,6,0.16666666666666666,0,1,1,1,1,0,1,1,0,0,0,0
blk_1280962745,5,5,0.4,0,1,1,1,1,0,1,0,0,0,0,0
blk_1289202936,4,4,0.25,0,0,1,1,1,0,1,0,0,0,0,0
blk_1291918315,6,6,0.5,1,1,0,1,0,0,1,1,0,1,0,1
blk_1297684444,4,4,0.5,0,0,0,1,1,0,1,1,0,0,0,0
blk_1301894574,6,6,0.0,0,1,1,1,1,0,1,1,0,0,0,0
blk_1315183658,6,6,0.0,0,1,1,1,1,0,1,1,0,0,0,0
blk_1315901308,4,4,0.25,0,1,1,1,0,0,1,0,0,0,0,0
blk_1324194973,6,6,0.8333333333333334,0,1,1,0,0,0,1,1,0,1,1,1
blk_1339398461,6,6,0.0,0,1,1,1,1,0,1,1,0,0,0,0
blk_1351295621,6,6,0.5,0,1,1,1,1,0,1,1,0,0,0,0
blk_1353655264,6,6,0.3333333333333333,0,1,1,1,1,0,1,1,0,0,0,0
blk_1358013317,5,5,0.2,0,0,1,1,1,0,1,1,0,0,0,0
blk_1360882202,6,6,0.16666666666666666,0,1,1,1,1,0,1,1,0,0,0,0
blk_1362335442,5,5,0.4,0,1,1,1,0,0,1,1,0,0,0,0
blk_1364192285,4,4,0.25,0,1,1,0,1,0,1,0,0,0,0,0
blk_1364842641,4,4,0.0,0,0,0,1,1,0,1,1,0,0,0,0
blk_1367127646,5,5,0.0,0,1,1,1,0,0,1,1,0,0,0,0
blk_1371555255,6,6,0.16666666666666666,0,1,1,1,1,0,1,1,0,0,0,0
blk_1372560409,6,6,0.5,0,1,1,1,1,0,1,1,0,0,0,0
blk_1376524796,4,4,0.25,0,1,1,0,0,0,1,1,0,0,0,0
blk_1389264618,4,4,0.5,0,1,0,1,1,0,1,0,0,0,0,0
blk_1398225078,6,6,0.5,0,1,1,1,1,0,1,1,0,0,0,0
blk_1401211033,6,6,0.6666666666666666,0,1,1,1,1,0,1,1,0,0,0,0
blk_1404826533,6,6,0.16666666666666666,0,1,1,1,1,0,1,1,0,0,0,0
blk_1405851133,4,4,0.0,0,1,1,1,0,0,0,1,0,0,0,0
blk_1410435426,6,6,0.5,0,1,1,1,1,0,1,1,0,0,0,0
blk_1430075522,5,5,0.0,0,1,1,1,1,0,1,0,0,0,0,0
blk_1432770293,6,6,0.3333333333333333,0,1,1,1,1,0,1,1,0,0,0,0
blk_1433140554,4,4,0.25,0,1,0,1,1,0,1,0,0,0,0,0
blk_1444775447,6,6,0.5,0,1,1,1,1,0,1,1,0,0,0,0
blk_1449103466,6,6,0.16666666666666666,0,1,1,1,1,0,1,1,0,0,0,0
blk_1452556932,6,6,0.5,0,1,1,1,1,0,1,1,0,0,0,0
blk_1454908527,4,4,0.25,0,1,0,1,1,0,1,0,0,0,0,0
blk_1458944148,6,6,0.5,0,1,1,1,1,0,1,1,0,0,0,0
blk_1476309278,4,4,0.0,0,1,0,0,1,0,1,1,0,0,0,0
blk_1476425365,5,5,0.4,0,1,0,1,1,0,1,1,0,0,0,0
blk_1481010157,5,5,0.6,0,1,1,0,1,0,1,1,0,0,0,0
blk_1483985792,4,4,0.0,0,0,1,1,1,0,1,0,0,0,0,0
blk_1492430052,4,4,0.0,0,1,1,0,1,0,0,1,0,0,0,0
blk_1495664634,4,4,0.5,0,0,1,1,1,0,0,1,0,0,0,0
blk_1513103123,6,6,0.0,0,1,1,1,1,0,1,1,0,0,0,0
blk_1514835122,5,5,0.0,0,1,1,0,1,0,1,1,0,0,0,0
blk_1519767560,4,4,0.25,0,0,1,0,1,0,1,1,0,0,0,0
blk_1520183765,5,5,0.0,0,0,1,1,1,0,1,1,0,0,0,0
blk_1525302722,5,5,0.6,0,0,1,1,1,0,1,1,0,0,0,0
blk_1533144957,6,6,0.3333333333333333,0,1,1,1,1,0,1,1,0,0,0,0
blk_1536211239,5,5,0.0,0,1,0,1,1,0,1,1,0,0,0,0
blk_1537741886,5,5,0.2,0,0,1,1,1,0,1,1,0,0,0,0
blk_1539155428,5,5,0.2,0,1,0,1,1,0,1,1,0,0,0,0
blk_1571078372,4,4,0.5,0,0,0,1,1,0,1,1,0,0,0,0
blk_1572367741,5,5,0.0,0,0,1,1,1,0,1,1,0,0,0,0
blk_1581300782,5,5,0.4,0,0,1,1,1,0,1,1,0,0,0,0
blk_1583325226,4,4,0.25,0,1,1,0,1,0,0,1,0,0,0,0
blk_1584280981,6,6,0.3333333333333333,0,1,1,1,1,0,1,1,0,0,0,0
blk_1588042181,5,5,0.4,0,1,1,1,1,0,0,1,0,0,0,0
blk_1592169284,5,5,0.4,0,1,0,1,1,0,1,1,0,0,0,0
blk_1595907659,4,4,0.25,0,0,1,1,1,0,0,1,0,0,0,0
blk_1596842298,5,4,0.6,0,0,0,0,1,0,1,1,0,0,2,1
blk_1598904724,4,4,0.5,0,0,1,1,1,0,1,0,0,0,0,0
blk_1604324097,4,4,0.0,0,1,1,0,0,0,1,1,0,0,0,0
blk_1605484051,6,6,0.3333333333333333,0,1,1,1,1,0,1,1,0,0,0,0
blk_1608344668,6,6,0.5,0,1,1,1,1,0,1,1,0,0,0,0
blk_1610980394,6,6,0.0,0,1,1,1,1,0,1,1,0,0,0,0
blk_1611713004,4,4,0.75,0,1,0,1,1,0,0,1,0,0,0,0
blk_1614563369,6,6,0.3333333333333333,0,1,1,1,1,0,1,1,0,0,0,0
blk_1629692815,6,6,0.16666666666666666,0,1,1,1,1,0,1,1,0,0,0,0
blk_1632404836,5,5,0.4,0,0,1,1,1,0,1,1,0,0,0,0
blk_1634521588,5,4,0.6,0,1,0,1,0,0,1,0,2,0,0,1
blk_1655258769,4,4,0.25,0,0,0,1,1,0,1,1,0,0,0,0
blk_1658843143,4,4,0.5,0,1,1,0,1,0,1,0,0,0,0,0
blk_1664434094,4,4,0.25,0,0,0,1,1,0,1,1,0,0,0,0
blk_1667230969,5,5,0.2,0,1,1,1,1,0,1,0,0,0,0,0
blk_1667816779,6,6,0.3333333333333333,0,1,1,1,1,0,1,1,0,0,0,0
blk_1668613946,6,6,0.5,0,1,0,1,1,0,1,1,0,1,0,1
blk_1675938504,5,5,0.4,0,1,1,1,1,0,0,1,0,0,0,0
blk_1684548895,5,5,0.2,0,0,1,1,1,0,1,1,0,0,0,0
blk_1685411411,4,4,0.5,0,1,0,0,1,0,1,1,0,0,0,0
blk_1687939493,6,6,0.16666666666666666,0,1,1,1,1,0,1,1,0,0,0,0
blk_1696445011,6,6,0.16666666666666666,0,1,1,1,1,0,1,1,0,0,0,0
blk_1711060698,5,5,0.0,0,1,1,0,1,0,1,1,0,0,0,0
blk_1721492836,6,6,0.5,0,1,1,1,1,0,1,1,0,0,0,0
blk_1722532780,4,4,0.25,0,0,1,1,0,0,1,1,0,0,0,0
blk_1723324496,6,6,0.16666666666666666,0,1,1,1,1,0,1,1,0,0,0,0
blk_1728258460,5,5,0.2,0,1,1,1,1,0,1,0,0,0,0,0
blk_1742139426,6,6,0.6666666666666666,0,1,1,0,1,0,1,1,0,1,0,1
blk_1744640296,5,5,0.4,0,0,1,1,1,0,1,1,0,0,0,0
blk_1750559662,5,5,0.2,0,0,1,1,1,0,1,1,0,0,0,0
blk_1757587047,6,6,0.3333333333333333,0,1,1,1,1,0,1,1,0,0,0,0
blk_1758734229,6,6,0.5,0,1,1,1,1,0,1,1,0,0,0,0
blk_1761787379,5,5,0.2,0,1,1,0,1,0,1,1,0,0,0,0
blk_1770952942,4,4,0.5,0,1,1,1,1,0,0,0,0,0,0,0
blk_1778966053,6,6,0.16666666666666666,0,1,1,1,1,0,1,1,0,0,0,0
blk_1779632330,5,5,0.2,0,0,1,1,1,0,1,1,0,0,0,0
blk_1781456536,5,5,0.2,0,1,1,0,1,0,1,1,0,0,0,0
blk_1786843642,6,6,0.3333333333333333,0,1,1,1,1,0,1,1,0,0,0,0
blk_1796144157,4,4,0.25,0,0,1,1,1,0,0,1,0,0,0,0
blk_1797925777,6,6,0.3333333333333333,0,1,1,1,1,0,1,1,0,0,0,0
blk_1806259453,5,5,0.0,0,1,1,1,1,0,1,0,0,0,0,0
blk_1817456203,6,6,0.3333333333333333,0,1,1,1,1,0,1,1,0,0,0,0
blk_1827132370,6,6,0.16666666666666666,0,1,1,1,1,0,1,1,0,0,0,0
blk_1829938854,6,6,0.8333333333333334,0,1,1,0,1,0,1,0,1,0,1,1
blk_1830626496,4,4,0.25,0,1,1,1,0,0,1,0,0,0,0,0
blk_1835660793,5,5,0.2,0,1,1,1,1,0,0,1,0,0,0,0
blk_1836727041,5,5,0.2,0,1,1,1,1,0,1,0,0,0,0,0
blk_1853396077,5,5,0.4,0,1,1,0,1,0,1,1,0,0,0,0
blk_1857494074,5,5,0.0,0,1,1,1,1,0,0,1,0,0,0,0
blk_1858306178,4,4,0.0,0,1,1,0,1,0,0,1,0,0,0,0
blk_1860725525,5,5,0.6,0,0,1,1,1,0,1,1,0,0,0,0
blk_1869676546,5,5,0.4,0,0,1,1,1,0,1,1,0,0,0,0
blk_1877770742,7,7,1.0,0,1,1,1,1,0,1,1,1,0,0,1
blk_1878706809,4,4,0.5,0,0,1,1,1,0,1,0,0,0,0,0
blk_1912732348,4,4,0.25,0,1,1,1,0,0,1,0,0,0,0,0
blk_1913516761,6,6,0.3333333333333333,0,1,1,1,1,0,1,1,0,0,0,0
blk_1925523235,4,4,0.5,0,1,1,0,1,0,0,1,0,0,0,0
blk_1926296159,5,5,0.2,0,1,1,1,0,0,1,1,0,0,0,0
blk_1928067870,4,4,0.0,0,1,1,1,0,0,1,0,0,0,0,0
blk_1934681416,6,6,0.3333333333333333,0,1,1,1,1,0,1,1,0,0,0,0
blk_1944890169,6,6,0.16666666666666666,0,1,1,1,1,0,1,1,0,0,0,0
blk_1947263230,5,5,0.8,0,1,0,1,1,1,1,0,0,0,0,1
blk_1954403036,4,4,0.5,0,0,0,1,0,0,1,1,0,1,0,1
blk_1955824063,5,5,0.2,0,1,1,0,1,0,1,1,0,0,0,0
blk_1958202127,6,6,0.5,0,1,1,1,1,0,1,1,0,0,0,0
blk_1960812531,5,5,0.4,0,1,0,1,1,0,1,1,0,0,0,0
blk_1962019116,5,5,0.2,0,0,1,1,1,0,1,1,0,0,0,0
blk_1966327002,6,6,0.3333333333333333,0,1,1,1,1,0,1,1,0,0,0,0
blk_1968999242,5,5,0.2,0,1,1,1,1,0,0,1,0,0,0,0
blk_1969747229,6,6,0.0,0,1,1,1,1,0,1,1,0,0,0,0
blk_1970181661,5,5,0.6,0,1,1,1,1,0,1,0,0,0,0,0
blk_1976154249,6,6,0.16666666666666666,0,1,1,1,1,0,1,1,0,0,0,0
blk_1982995421,5,5,0.2,0,1,1,0,1,0,1,1,0,0,0,0
blk_1983140716,5,5,0.0,0,1,1,0,1,0,1,1,0,0,0,0
blk_1986317255,5,5,0.4,0,1,1,1,0,0,1,1,0,0,0,0
blk_1988848150,4,4,0.0,0,1,1,1,1,0,0,0,0,0,0,0
blk_1989664371,5,5,0.2,0,1,1,1,0,0,1,1,0,0,0,0
blk_1997131193,6,6,0.0,0,1,1,1,1,0,1,1,0,0,0,0
blk_1998442586,4,4,0.25,0,0,0,1,1,0,1,1,0,0,0,0
blk_1998523780,6,6,0.3333333333333333,0,1,1,1,1,0,1,1,0,0,0,0
blk_2001714098,4,4,0.25,0,1,0,0,1,0,1,1,0,0,0,0
blk_2002012673,4,4,0.0,0,0,1,1,1,0,0,1,0,0,0,0
blk_2009450297,4,4,0.0,0,1,0,0,1,0,1,1,0,0,0,0
blk_2009645065,6,6,0.8333333333333334,0,1,1,0,1,0,1,1,0,1,0,1
blk_2012369543,4,4,0.25,0,1,1,0,1,0,0,1,0,0,0,0
blk_2016009207,6,6,0.3333333333333333,0,1,1,1,1,0,1,1,0,0,0,0
blk_2024049117,4,4,0.0,0,0,1,1,0,0,1,1,0,0,0,0
blk_2025417926,4,4,0.0,0,0,1,1,1,0,1,0,0,0,0,0
blk_2032427558,6,6,0.16666666666666666,0,1,1,1,1,0,1,1,0,0,0,0
blk_2032924795,5,5,0.4,0,0,1,1,1,0,1,1,0,0,0,0
blk_2042930698,6,6,0.5,0,1,1,1,1,0,1,1,0,0,0,0
blk_2057391397,8,8,0.625,0,1,1,1,1,1,1,1,1,0,0,1
blk_2066570659,6,6,0.16666666666666666,0,1,1,1,1,0,1,1,0,0,0,0
blk_2068138239,5,5,0.6,0,1,0,1,1,0,1,1,0,0,0,0
blk_2068302952,5,5,0.0,0,0,1,1,1,0,1,1,0,0,0,0
blk_2073075449,4,4,0.25,0,1,0,0,1,0,1,1,0,0,0,0
blk_2073647686,4,4,0.0,0,0,1,1,0,0,1,1,0,0,0,0
blk_2074557127,4,4,0.0,0,1,0,1,1,0,0,1,0,0,0,0
blk_2078761326,4,4,1.0,0,1,0,1,1,0,1,0,0,0,0,0
blk_2079575538,4,4,0.25,0,1,1,1,0,0,1,0,0,0,0,0
blk_2082684754,5,5,0.0,0,0,1,1,1,0,1,1,0,0,0,0
blk_2092298354,4,4,0.25,0,0,1,1,0,0,1,1,0,0,0,0
blk_2103260322,4,4,0.25,0,0,1,1,0,0,1,1,0,0,0,0
blk_2112063108,4,4,0.5,0,1,0,1,0,0,1,1,0,0,0,0
blk_2112825569,6,6,0.3333333333333333,0,1,1,1,1,0,1,1,0,0,0,0
blk_2113175172,6,6,0.16666666666666666,0,1,1,1,1,0,1,1,0,0,0,0
blk_2116312974,6,6,0.8333333333333334,1,1,1,1,1,0,0,1,0,0,0,1
blk_2119541482,5,5,0.4,0,0,1,1,1,0,1,1,0,0,0,0
blk_2120691300,4,4,0.75,0,1,0,1,1,0,1,0,0,0,0,0
blk_2121084149,5,5,0.0,0,0,1,1,1,0,1,1,0,0,0,0
blk_2121713405,5,5,0.4,0,1,1,1,1,0,1,0,0,0,0,0
blk_2121888401,4,4,0.0,0,1,0,1,1,0,1,0,0,0,0,0
blk_2122552926,6,6,0.0,0,1,1,1,1,0,1,1,0,0,0,0
blk_2126411572,5,5,0.0,0,1,1,0,1,0,1,1,0,0,0,0
blk_2126844308,6,6,0.3333333333333333,0,1,1,1,1,0,1,1,0,0,0,0
blk_2126910781,6,6,0.3333333333333333,0,1,1,1,1,0,1,1,0,0,0,0
blk_2132655493,5,5,0.4,0,1,1,1,1,0,1,0,0,0,0,0
blk_2144763133,6,6,0.3333333333333333,0,1,1,1,1,0,1,1,0,0,0,0
blk_2152906275,6,6,0.8333333333333334,0,1,1,0,1,0,1,1,1,0,0,1
blk_2158133691,6,6,0.3333333333333333,0,1,1,1,1,0,1,1,0,0,0,0
blk_2167387985,5,5,0.4,0,1,1,1,0,0,1,1,0,0,0,0
blk_2169110967,5,5,0.4,0,1,1,1,0,0,1,1,0,0,0,0
blk_2174741320,5,5,0.6,0,1,0,1,1,0,1,1,0,0,0,0
blk_2177279238,4,4,0.0,0,0,1,1,0,0,1,1,0,0,0,0
blk_2190075604,4,4,0.25,0,0,1,1,1,0,1,0,0,0,0,0
blk_2201679631,5,5,0.0,0,0,1,1,1,0,1,1,0,0,0,0
blk_2204421741,5,5,0.2,0,1,1,1,1,0,1,0,0,0,0,0
blk_2204708959,6,6,0.5,0,1,1,1,1,0,1,1,0,0,0,0
blk_2209895621,4,4,0.25,0,0,1,1,1,0,1,0,0,0,0,0
blk_2220999470,6,6,0.16666666666666666,0,1,1,1,1,0,1,1,0,0,0,0
blk_2224310093,4,4,0.0,0,1,1,0,1,0,1,0,0,0,0,0
blk_2230585880,6,6,0.5,0,1,1,1,1,0,1,1,0,0,0,0
blk_2242119395,5,5,0.6,0,1,0,1,1,0,1,1,0,0,0,0
blk_2267637929,4,4,0.5,0,0,1,1,1,0,0,1,0,0,0,0
blk_2269025669,4,4,0.25,0,1,0,0,1,0,1,1,0,0,0,0
blk_2276804025,6,6,0.6666666666666666,1,1,1,1,1,1,0,0,0,0,0,1
blk_2276814655,5,5,0.2,0,1,1,1,1,0,0,1,0,0,0,0
blk_2286462367,5,5,0.4,0,1,1,1,1,0,1,0,0,0,0,0
blk_2286978537,4,4,0.0,0,1,1,0,1,0,0,1,0,0,0,0
blk_2295461718,6,6,0.3333333333333333,0,1,1,1,1,0,1,1,0,0,0,0
blk_2315662202,5,5,0.2,0,1,1,0,1,0,1,1,0,0,0,0
blk_2322955320,6,6,0.3333333333333333,0,1,1,1,1,0,1,1,0,0,0,0
blk_2323192691,6,6,0.16666666666666666,0,1,1,1,1,0,1,1,0,0,0,0
blk_2328129615,4,4,0.25,0,1,1,0,1,0,1,0,0,0,0,0
blk_2328806928,4,4,0.5,0,1,0,1,0,0,1,1,0,0,0,0
blk_2329527445,4,4,0.0,0,1,1,1,0,0,1,0,0,0,0,0
blk_2333072825,6,6,0.5,0,1,1,1,1,0,1,1,0,0,0,0
blk_2333122429,6,6,0.0,0,1,1,1,1,0,1,1,0,0,0,0
blk_2335115071,6,6,0.6666666666666666,0,1,1,1,1,0,1,0,0,1,0,1
blk_2342281132,6,6,0.3333333333333333,0,1,1,1,1,0,1,1,0,0,0,0
blk_2346537139,5,5,0.2,0,1,1,1,0,0,1,1,0,0,0,0
blk_2354892838,6,6,0.0,0,1,1,1,1,0,1,1,0,0,0,0
blk_2355949574,5,5,0.0,0,0,1,1,1,0,1,1,0,0,0,0
blk_2363812687,5,5,0.2,0,1,1,1,0,0,1,1,0,0,0,0
blk_2364886743,5,5,0.2,0,1,1,1,1,0,0,1,0,0,0,0
blk_2365122767,4,4,0.0,0,1,1,0,0,0,1,1,0,0,0,0
blk_2379046070,5,5,0.0,0,0,1,1,1,0,1,1,0,0,0,0
blk_2379540505,4,4,0.25,0,1,1,0,1,0,1,0,0,0,0,0
blk_2383338697,6,6,0.16666666666666666,0,1,1,1,1,0,1,1,0,0,0,0
blk_2384648538,6,6,0.16666666666666666,0,1,1,1,1,0,1,1,0,0,0,0
blk_2387373156,4,4,0.25,0,0,1,1,0,0,1,1,0,0,0,0
blk_2388651555,5,5,0.2,0,1,1,1,1,0,1,0,0,0,0,0
blk_2396799134,5,5,0.0,0,1,1,1,1,0,0,1,0,0,0,0
blk_2399986316,6,6,0.16666666666666666,0,1,1,1,1,0,1,1,0,0,0,0
blk_2400536988,4,4,0.25,0,1,0,0,1,0,1,1,0,0,0,0
blk_2407360766,6,6,0.16666666666666666,0,1,1,1,1,0,1,1,0,0,0,0
blk_2408610928,4,4,0.5,0,1,1,0,1,0,1,0,0,0,0,0
blk_2410231573,4,4,0.25,0,1,1,0,0,0,1,1,0,0,0,0
blk_2421372319,5,5,0.2,0,0,1,1,1,0,1,1,0,0,0,0
blk_2421657608,5,5,0.2,0,1,0,1,1,0,1,1,0,0,0,0
blk_2437921866,6,6,0.0,0,1,1,1,1,0,1,1,0,0,0,0
blk_2444050809,4,4,0.0,0,1,1,1,1,0,0,0,0,0,0,0
blk_2447228973,6,6,0.0,0,1,1,1,1,0,1,1,0,0,0,0
blk_2454464736,4,4,0.0,0,0,1,1,1,0,1,0,0,0,0,0
blk_2463572240,5,5,0.0,0,0,1,1,1,0,1,1,0,0,0,0
blk_2464953204,4,4,0.5,0,1,1,0,1,0,1,0,0,0,0,0
blk_2482818043,4,4,0.25,0,0,1,1,1,0,0,1,0,0,0,0
blk_2497708439,4,4,0.25,0,1,0,1,1,0,1,0,0,0,0,0
blk_2502586201,4,4,0.25,0,0,1,1,0,0,1,1,0,0,0,0
blk_2504809365,6,6,0.0,0,1,1,1,1,0,1,1,0,0,0,0
blk_2510491789,5,5,0.0,0,1,1,1,0,0,1,1,0,0,0,0
blk_2513320174,5,5,0.2,0,1,1,1,0,0,1,1,0,0,0,0
blk_2521032191,4,4,0.25,0,0,1,0,1,0,1,1,0,0,0,0
blk_2527962850,5,5,0.6,0,1,1,0,1,0,1,1,0,0,0,0
blk_2533638712,5,5,0.4,0,1,0,1,1,0,1,1,0,0,0,0
blk_2553314435,6,6,0.3333333333333333,0,1,1,1,1,0,1,1,0,0,0,0
blk_2555526872,4,4,0.5,0,1,1,1,0,0,1,0,0,0,0,0
blk_2555543755,5,5,0.6,1,0,1,0,1,0,1,1,0,0,0,1
blk_2564635618,5,5,0.4,0,1,1,1,1,0,0,1,0,0,0,0
blk_2575463149,5,5,0.2,0,0,1,1,1,0,1,1,0,0,0,0
blk_2576170584,4,4,0.0,0,0,1,1,1,0,0,1,0,0,0,0
blk_2576609446,4,4,0.25,0,1,1,1,0,0,0,1,0,0,0,0
blk_2582646511,7,7,1.0,1,1,1,1,1,0,1,0,0,0,1,1
blk_2582751488,4,4,0.25,0,1,1,0,0,0,1,1,0,0,0,0
blk_2590032669,6,6,0.0,0,1,1,1,1,0,1,1,0,0,0,0
blk_2599317045,4,4,0.0,0,1,0,0,1,0,1,1,0,0,0,0
blk_2600822298,5,5,0.2,0,1,1,1,1,0,1,0,0,0,0,0
blk_2603335537,4,4,0.5,0,0,0,1,1,0,1,1,0,0,0,0
blk_2617905436,5,5,0.4,0,1,1,1,1,0,0,1,0,0,0,0
blk_2624536468,4,4,0.5,0,1,1,1,0,0,0,1,0,0,0,0
blk_2625547582,6,6,0.0,0,1,1,1,1,0,1,1,0,0,0,0
blk_2627808746,4,4,0.25,0,1,1,1,0,0,0,1,0,0,0,0
blk_2632734162,5,5,0.2,0,1,1,0,1,0,1,1,0,0,0,0
blk_2633973015,5,5,0.8,1,1,1,1,0,0,1,0,0,0,0,1
blk_2635316187,6,6,0.0,0,1,1,1,1,0,1,1,0,0,0,0
blk_2644241576,6,6,0.3333333333333333,0,1,1,1,1,0,1,1,0,0,0,0
blk_2646796401,7,7,0.8571428571428571,0,1,1,1,1,1,0,1,0,1,0,1
blk_2648507380,5,5,0.2,0,1,1,1,1,0,1,0,0,0,0,0
blk_2651624206,6,6,0.16666666666666666,0,1,1,1,1,0,1,1,0,0,0,0
blk_2671164109,6,6,0.0,0,1,1,1,1,0,1,1,0,0,0,0
blk_2672241545,4,4,0.25,0,1,0,1,0,0,1,1,0,0,0,0
blk_2675620223,6,6,0.3333333333333333,0,1,1,1,1,0,1,1,0,0,0,0
blk_2688173325,5,5,0.2,0,1,1,0,1,0,1,1,0,0,0,0
blk_2707251331,6,6,0.16666666666666666,0,1,1,1,1,0,1,1,0,0,0,0
blk_2718819506,5,5,0.2,0,1,1,1,0,0,1,1,0,0,0,0
blk_2725585347,4,4,0.0,0,0,1,0,1,0,1,1,0,0,0,0
blk_2726306290,5,5,0.2,0,1,1,1,1,0,1,0,0,0,0,0
blk_2727034434,5,5,0.0,0,0,1,1,1,0,1,1,0,0,0,0
blk_2730558461,5,5,0.0,0,0,1,1,1,0,1,1,0,0,0,0
blk_2738936257,6,6,0.5,0,1,1,1,1,0,1,1,0,0,0,0
blk_2740223420,5,5,0.8,0,1,1,1,0,0,1,1,0,0,0,0
blk_2743994631,6,6,0.3333333333333333,0,1,1,1,1,0,1,1,0,0,0,0
blk_2749635348,4,4,0.5,0,1,1,1,1,0,0,0,0,0,0,0
blk_2752267198,4,4,0.25,0,1,1,0,1,0,1,0,0,0,0,0
blk_2755756865,4,4,0.5,0,1,1,0,0,0,1,1,0,0,0,0
blk_2760750330,5,5,0.4,0,1,1,1,1,0,0,1,0,0,0,0
blk_2765932813,4,4,0.25,0,0,1,1,1,0,1,0,0,0,0,0
blk_2765960542,4,4,0.0,0,0,1,0,1,0,1,1,0,0,0,0
blk_2770810096,6,6,0.3333333333333333,0,1,1,1,1,0,1,1,0,0,0,0
blk_2775151873,6,6,0.0,0,1,1,1,1,0,1,1,0,0,0,0
blk_2779103630,6,6,0.16666666666666666,0,1,1,1,1,0,1,1,0,0,0,0
blk_2779949400,4,4,0.25,0,0,0,1,1,0,1,1,0,0,0,0
blk_2780276106,4,4,0.25,0,0,1,1,1,0,0,1,0,0,0,0
blk_2780485111,4,4,0.0,0,0,1,1,1,0,1,0,0,0,0,0
blk_2786521743,6,6,0.3333333333333333,0,1,1,1,1,0,1,1,0,0,0,0
blk_2789471496,6,6,0.5,0,1,1,1,1,0,1,1,0,0,0,0
blk_2799746528,6,6,0.3333333333333333,0,1,1,1,1,0,1,1,0,0,0,0
blk_2802546244,6,6,0.0,0,1,1,1,1,0,1,1,0,0,0,0
blk_2804383400,6,6,0.16666666666666666,0,1,1,1,1,0,1,1,0,0,0,0
blk_2817167800,4,4,0.5,0,1,0,1,1,0,1,0,0,0,0,0
blk_2818672425,4,4,0.0,0,0,0,1,1,0,1,1,0,0,0,0
blk_2822534994,5,5,0.2,0,1,0,1,1,0,1,1,0,0,0,0
blk_2824512652,4,4,0.75,0,0,1,0,1,0,1,1,0,0,0,0
blk_2825851893,5,5,0.6,1,1,0,1,1,0,0,0,0,0,1,1
blk_2830298810,4,4,0.5,0,1,1,1,1,0,0,0,0,0,0,0
blk_2833373336,5,5,0.2,0,1,0,1,1,0,1,1,0,0,0,0
blk_2836037860,5,5,0.2,0,1,0,1,1,0,1,1,0,0,0,0
blk_2848906008,6,6,0.16666666666666666,0,1,1,1,1,0,1,1,0,0,0,0
blk_2850924238,5,5,0.2,0,1,1,1,1,0,0,1,0,0,0,0
blk_2852636688,5,5,0.2,0,1,0,1,1,0,1,1,0,0,0,0
blk_2863720727,6,6,0.16666666666666666,0,1,1,1,1,0,1,1,0,0,0,0
blk_2873278394,4,4,0.25,0,0,0,1,1,0,1,1,0,0,0,0
blk_2874265525,4,4,0.25,0,1,0,1,1,0,1,0,0,0,0,0
blk_2880263382,7,7,0.2857142857142857,1,1,1,1,1,0,1,1,0,0,0,1
blk_2897542661,4,4,0.0,0,1,0,1,0,0,1,1,0,0,0,0
blk_2901797515,4,4,0.25,0,1,0,1,1,0,0,1,0,0,0,0
blk_2906158567,6,6,0.3333333333333333,0,1,1,1,1,0,1,1,0,0,0,0
blk_2908169795,4,4,0.25,0,0,1,1,0,0,1,1,0,0,0,0
blk_2923300257,4,4,0.5,0,0,1,1,1,0,0,1,0,0,0,0
blk_2930936859,5,5,0.4,0,1,1,1,1,0,1,0,0,0,0,0
blk_2934237371,4,4,0.5,0,0,1,1,1,0,0,1,0,0,0,0
blk_2937074212,6,6,0.5,0,1,1,1,1,0,1,1,0,0,0,0
blk_2939985015,6,6,0.0,0,1,1,1,1,0,1,1,0,0,0,0
blk_2942170017,5,5,0.4,0,1,1,0,1,0,1,1,0,0,0,0
blk_2947860850,4,4,0.25,0,0,0,1,1,0,1,1,0,0,0,0
blk_2953514917,4,4,0.5,0,1,0,1,1,0,0,1,0,0,0,0
blk_2960423422,6,6,0.16666666666666666,0,1,1,1,1,0,1,1,0,0,0,0
blk_2962305713,4,4,0.25,0,0,1,1,0,0,1,1,0,0,0,0
blk_2964932467,8,8,0.375,1,1,1,1,1,0,1,1,1,0,0,1
blk_2975211586,6,6,0.0,0,1,1,1,1,0,1,1,0,0,0,0
blk_2983271683,5,5,0.0,0,1,1,1,1,0,0,1,0,0,0,0
blk_2984039974,4,4,0.5,0,1,1,0,1,0,1,0,0,0,0,0
blk_2984601997,5,5,0.0,0,1,1,0,1,0,1,1,0,0,0,0
blk_2985905495,4,4,0.5,0,0,1,1,1,0,1,0,0,0,0,0
blk_2986219275,5,5,0.4,0,1,1,1,1,0,1,0,0,0,0,0
blk_2993698920,4,4,0.75,1,1,0,1,1,0,0,0,0,0,0,1
blk_2997736986,6,6,0.5,1,1,1,0,1,0,1,1,0,0,0,1
blk_3020771590,5,5,0.2,0,1,1,0,1,0,1,1,0,0,0,0
blk_3027438579,6,6,0.16666666666666666,0,1,1,1,1,0,1,1,0,0,0,0
blk_3037454749,5,5,0.6,0,1,1,0,1,0,1,1,0,0,0,0
blk_3041809304,6,6,0.3333333333333333,0,1,1,1,1,0,1,1,0,0,0,0
blk_3051881280,5,5,0.2,0,1,1,1,1,0,1,0,0,0,0,0
blk_3056606597,5,5,0.6,0,1,1,1,0,0,1,1,0,0,0,0
blk_3064632146,6,6,0.3333333333333333,0,1,1,1,1,0,1,1,0,0,0,0
blk_3069337240,5,5,0.2,0,0,1,1,1,0,1,1,0,0,0,0
blk_3071458858,6,6,0.5,0,1,1,1,1,0,1,1,0,0,0,0
blk_3075808265,4,4,0.0,0,1,1,1,0,0,1,0,0,0,0,0
blk_3086393193,4,4,0.25,0,0,1,1,0,0,1,1,0,0,0,0
blk_3096000358,6,6,0.5,0,1,1,1,1,0,1,1,0,0,0,0
blk_3109104303,6,6,0.16666666666666666,0,1,1,1,1,0,1,1,0,0,0,0
blk_3119237829,6,6,0.3333333333333333,0,1,1,1,1,0,1,1,0,0,0,0
blk_3120622098,5,5,0.4,0,1,1,1,1,0,1,0,0,0,0,0
blk_3121793523,5,5,0.8,0,1,1,0,1,0,1,1,0,0,0,0
blk_3122374089,6,6,0.0,0,1,1,1,1,0,1,1,0,0,0,0
blk_3137601931,5,5,0.4,0,1,1,1,1,0,1,0,0,0,0,0
blk_3149253029,6,6,0.6666666666666666,0,1,1,1,1,0,1,1,0,0,0,0
blk_3154900503,4,4,0.75,0,0,1,0,1,0,1,1,0,0,0,0
blk_3166221545,5,5,0.4,0,1,1,1,1,0,1,0,0,0,0,0
blk_3170596942,5,5,0.2,0,1,1,0,1,0,1,1,0,0,0,0
blk_3172206341,5,5,0.6,0,1,1,1,1,0,1,0,0,0,0,0
blk_3173112336,4,4,0.5,0,1,1,1,0,0,0,1,0,0,0,0
blk_3173461995,4,4,0.75,0,0,1,1,0,0,1,1,0,0,0,0
blk_3177889744,6,6,0.5,0,1,1,1,1,0,1,1,0,0,0,0
blk_3190441587,6,6,0.5,0,1,1,1,1,0,1,1,0,0,0,0
blk_3197835227,5,5,0.0,0,1,1,1,0,0,1,1,0,0,0,0
blk_3198794743,4,4,0.0,0,0,1,1,1,0,0,1,0,0,0,0
blk_3212095973,5,5,0.8,0,0,1,1,1,0,1,1,0,0,0,1
blk_3212307137,7,7,0.5714285714285714,0,1,1,1,1,0,1,1,1,0,0,1
blk_3213414537,4,4,0.25,0,1,0,1,0,0,1,1,0,0,0,0
blk_3216157452,5,5,0.2,0,1,1,1,1,0,0,1,0,0,0,0
blk_3217094747,5,5,0.0,0,1,0,1,1,0,1,1,0,0,0,0
blk_3217905320,5,5,0.2,0,1,1,1,1,0,0,1,0,0,0,0
blk_3223586542,6,6,0.3333333333333333,0,1,1,1,1,0,1,1,0,0,0,0
blk_3228287429,6,6,0.5,1,0,1,1,1,0,1,0,0,1,0,1
blk_3241408535,5,5,0.0,0,0,1,1,1,0,1,1,0,0,0,0
blk_3242847889,5,5,0.4,0,1,1,1,1,0,0,1,0,0,0,0
blk_3243304221,5,5,0.0,0,1,0,1,1,0,1,1,0,0,0,0
blk_3244819431,6,6,0.0,0,1,1,1,1,0,1,1,0,0,0,0
blk_3249730891,5,5,0.6,0,1,1,0,1,0,1,1,0,0,0,0
blk_3250360257,5,5,0.0,0,1,1,1,1,0,0,1,0,0,0,0
blk_3254094893,5,5,0.8,0,1,1,0,1,0,1,1,0,0,0,0
blk_3255748959,7,7,0.8571428571428571,0,0,1,1,1,1,1,1,0,1,0,1
blk_3258078915,4,4,0.0,0,0,0,1,1,0,1,1,0,0,0,0
blk_3269854164,5,5,0.2,0,1,1,1,1,0,1,0,0,0,0,0
blk_3274151067,6,6,0.5,0,1,1,1,1,0,1,1,0,0,0,0
blk_3312355403,6,6,0.16666666666666666,0,1,1,1,1,0,1,1,0,0,0,0
blk_3313878769,5,5,0.0,0,1,1,1,1,0,0,1,0,0,0,0
blk_3317877966,5,5,0.0,0,1,1,0,1,0,1,1,0,0,0,0
blk_3318733706,6,6,0.6666666666666666,0,1,1,1,1,0,1,1,0,0,0,0
blk_3331341689,6,6,0.3333333333333333,0,1,1,1,1,0,1,1,0,0,0,0
blk_3333430170,6,6,0.0,0,1,1,1,1,0,1,1,0,0,0,0
blk_3343323511,4,4,0.0,0,1,1,1,0,0,1,0,0,0,0,0
blk_3346497814,7,6,0.42857142857142855,0,1,0,1,1,0,1,1,0,2,0,1
blk_3346880955,5,5,0.2,0,1,0,1,1,0,1,1,0,0,0,0
blk_3355129424,5,5,0.6,0,1,0,1,1,0,1,0,0,1,0,1
blk_3355743206,6,6,0.3333333333333333,0,1,1,1,1,0,1,1,0,0,0,0
blk_3356537406,4,4,0.0,0,1,1,0,1,0,1,0,0,0,0,0
blk_3357561886,6,6,0.0,0,1,1,1,1,0,1,1,0,0,0,0
blk_3359195557,6,6,0.3333333333333333,0,1,1,1,1,0,1,1,0,0,0,0
blk_3363055881,4,4,0.0,0,1,1,0,0,0,1,1,0,0,0,0
blk_3364434710,4,4,1.0,0,1,0,0,1,0,1,1,0,0,0,1
blk_3367063875,6,6,0.6666666666666666,0,1,1,1,1,0,1,1,0,0,0,0
blk_3367162403,6,6,0.16666666666666666,0,1,1,1,1,0,1,1,0,0,0,0
blk_3374627851,4,4,0.5,0,0,0,1,1,0,1,1,0,0,0,0
blk_3377318975,4,4,0.25,0,0,0,1,1,0,1,1,0,0,0,0
blk_3380283909,4,4,0.5,0,0,1,1,1,0,1,0,0,0,0,0
blk_3380808541,5,5,0.8,0,1,0,1,1,0,1,1,0,0,0,1
blk_3385390776,5,5,0.0,0,0,1,1,1,0,1,1,0,0,0,0
blk_3388913750,5,5,0.8,0,1,1,1,1,0,1,0,0,0,0,0
blk_3394299545,4,4,0.5,0,1,0,1,1,0,1,0,0,0,0,0
blk_3395096510,4,4,0.75,0,0,1,1,1,0,1,0,0,0,0,0
blk_3399293249,5,5,0.2,0,1,1,1,0,0,1,0,0,0,1,1
blk_3400296595,4,4,0.25,0,0,1,1,0,0,1,1,0,0,0,0
blk_3402724983,4,4,0.25,0,1,1,0,1,0,1,0,0,0,0,0
blk_3413100943,6,6,0.3333333333333333,0,1,1,1,1,0,1,1,0,0,0,0
blk_3435814054,4,4,0.0,0,0,1,1,0,0,1,1,0,0,0,0
blk_3440896260,4,4,0.25,0,0,1,1,1,0,0,1,0,0,0,0
blk_3443110066,5,5,0.4,0,0,1,1,1,0,1,1,0,0,0,0
blk_3444016753,6,6,0.3333333333333333,0,1,1,1,1,0,1,1,0,0,0,0
blk_3446722974,6,6,0.16666666666666666,0,1,1,1,1,0,1,1,0,0,0,0
blk_3449253524,4,4,0.25,0,1,0,1,1,0,1,0,0,0,0,0
blk_3450747020,4,4,0.25,0,1,0,1,1,0,0,1,0,0,0,0
blk_3456912828,4,4,0.25,0,1,1,1,1,0,0,0,0,0,0,0
blk_3457462090,6,6,0.16666666666666666,0,1,1,1,1,0,1,1,0,0,0,0
blk_3461676242,5,5,0.2,0,1,1,1,1,0,0,1,0,0,0,0
blk_3468882301,5,5,0.2,0,1,1,1,0,0,1,1,0,0,0,0
blk_3472945602,6,6,0.0,0,1,1,1,1,0,1,1,0,0,0,0
blk_3476068017,6,6,0.3333333333333333,0,1,1,1,1,0,1,1,0,0,0,0
blk_3476454779,5,5,0.2,0,1,1,1,1,0,0,1,0,0,0,0
blk_3476927102,4,4,0.5,0,1,1,0,1,0,0,1,0,0,0,0
blk_3479968802,4,4,0.75,0,1,1,0,1,0,1,0,0,0,0,0
blk_3491120475,5,5,0.2,0,1,0,1,1,0,1,1,0,0,0,0
blk_3491330962,6,6,0.3333333333333333,1,1,1,1,0,0,1,1,0,0,0,1
blk_3503749501,6,6,0.3333333333333333,0,1,1,1,1,0,1,1,0,0,0,0
blk_3508173279,5,5,0.4,0,1,1,1,1,0,0,1,0,0,0,0
blk_3510435464,5,5,0.0,0,1,1,1,0,0,1,1,0,0,0,0
blk_3517965123,4,4,0.25,0,1,1,1,0,0,0,1,0,0,0,0
blk_3524798318,6,6,0.3333333333333333,0,1,1,1,1,0,1,1,0,0,0,0
blk_3529259860,5,5,0.4,0,1,1,1,1,0,1,0,0,0,0,0
blk_3530097488,4,4,0.5,0,1,1,1,1,0,0,0,0,0,0,0
blk_3535725183,4,4,0.5,0,1,0,0,1,0,1,1,0,0,0,0
blk_3557818534,6,6,0.3333333333333333,0,1,1,1,1,0,1,1,0,0,0,0
blk_3559206826,6,6,0.16666666666666666,0,1,1,1,1,0,1,1,0,0,0,0
blk_3561424677,6,6,0.5,0,1,1,1,1,0,1,1,0,0,0,0
blk_3572225603,5,5,0.4,0,1,1,0,1,0,1,1,0,0,0,0
blk_3575965976,5,5,0.0,0,1,1,1,1,0,1,0,0,0,0,0
blk_3580903805,5,5,0.4,0,1,1,1,1,0,1,0,0,0,0,0
blk_3590194168,6,6,0.16666666666666666,0,1,1,1,1,0,1,1,0,0,0,0
blk_3598595960,6,6,0.5,0,0,1,1,1,0,1,1,0,0,1,1
blk_3598759408,4,4,0.25,0,1,1,1,0,0,0,1,0,0,0,0
blk_3599531645,5,5,0.4,0,1,1,1,1,0,0,1,0,0,0,0
blk_3607807063,6,6,0.16666666666666666,0,1,1,1,1,0,1,1,0,0,0,0
blk_3610072762,5,5,0.0,0,1,1,1,1,0,0,1,0,0,0,0
blk_3610300148,6,6,0.16666666666666666,0,1,1,1,1,0,1,1,0,0,0,0
blk_3613474069,5,5,0.4,0,1,1,1,0,0,1,1,0,0,0,0
blk_3614170740,6,6,0.16666666666666666,0,1,1,1,1,0,1,1,0,0,0,0
blk_3621290397,6,6,0.5,0,1,1,1,1,0,1,1,0,0,0,0
blk_3627876754,5,5,0.2,0,0,1,1,1,0,1,1,0,0,0,0
blk_3630757463,6,6,0.8333333333333334,0,1,0,0,1,1,1,1,0,0,1,1
blk_3631625236,4,4,0.0,0,1,1,0,1,0,1,0,0,0,0,0
blk_3643880668,6,6,0.3333333333333333,0,1,1,1,1,0,1,1,0,0,0,0
blk_3645322544,4,4,0.25,0,1,1,1,1,0,0,0,0,0,0,0
blk_3650207261,5,5,0.2,0,1,1,1,1,0,1,0,0,0,0,0
blk_3670508080,4,4,0.0,0,0,1,1,1,0,0,1,0,0,0,0
blk_3674781219,4,4,0.25,0,1,0,0,1,0,1,1,0,0,0,0
blk_3679053069,6,6,0.3333333333333333,0,1,1,1,1,0,1,1,0,0,0,0
blk_3688197306,5,5,0.2,0,1,0,1,1,0,1,1,0,0,0,0
blk_3698645591,4,4,0.25,0,1,1,1,1,0,0,0,0,0,0,0
blk_3714676680,4,4,0.25,0,1,0,1,1,0,1,0,0,0,0,0
blk_3723513009,6,6,0.3333333333333333,0,1,1,1,1,0,1,1,0,0,0,0
blk_3724656070,4,4,0.0,0,1,1,0,1,0,1,0,0,0,0,0
blk_3724715411,4,4,0.5,0,1,0,0,1,0,1,1,0,0,0,0
blk_3724762982,4,4,0.5,0,1,0,0,1,0,1,1,0,0,0,0
blk_3731823393,6,6,0.16666666666666666,0,1,1,1,1,0,1,1,0,0,0,0
blk_3750560674,6,6,0.3333333333333333,0,1,1,1,1,0,1,1,0,0,0,0
blk_3751509572,4,4,1.0,0,1,1,0,1,0,0,1,0,0,0,0
blk_3752371688,5,5,0.4,0,1,1,1,1,0,1,0,0,0,0,0
blk_3757155905,6,6,0.0,0,1,1,1,1,0,1,1,0,0,0,0
blk_3760904004,5,5,0.2,0,1,0,1,1,0,1,1,0,0,0,0
blk_3761816822,4,4,0.0,0,1,1,0,0,0,1,1,0,0,0,0
blk_3762970158,6,6,0.16666666666666666,0,1,1,1,1,0,1,1,0,0,0,0
blk_3765483408,4,4,0.0,0,1,1,1,0,0,1,0,0,0,0,0
blk_3767898324,4,4,0.25,0,1,1,0,0,0,1,1,0,0,0,0
blk_3778767509,6,6,0.16666666666666666,0,1,1,1,1,0,1,1,0,0,0,0
blk_3782380716,8,8,0.5,1,1,1,1,1,0,1,1,0,0,1,1
blk_3782500908,5,5,0.0,0,1,1,1,1,0,0,1,0,0,0,0
blk_3784625546,5,5,0.2,0,1,0,1,1,0,1,1,0,0,0,0
blk_3786629669,6,6,0.3333333333333333,0,1,1,1,1,0,1,1,0,0,0,0
blk_3797975906,6,6,0.16666666666666666,0,1,1,1,1,0,1,1,0,0,0,0
blk_3802735541,6,6,0.3333333333333333,0,1,1,1,1,0,1,1,0,0,0,0
blk_3824069694,4,4,0.25,0,1,0,1,1,0,0,1,0,0,0,0
blk_3832356500,4,4,0.25,0,1,1,0,1,0,1,0,0,0,0,0
blk_3836149659,5,5,0.6,0,0,1,1,1,0,1,1,0,0,0,0
blk_3837078053,4,4,0.0,0,1,1,1,0,0,0,1,0,0,0,0
blk_3844770137,6,6,0.16666666666666666,0,1,1,1,1,0,1,1,0,0,0,0
blk_3845474962,7,7,0.7142857142857143,0,1,1,1,1,1,1,1,0,0,0,1
blk_3850165730,4,4,0.5,0,1,0,1,1,0,0,1,0,0,0,0
blk_3854272288,5,5,0.2,0,1,1,0,1,0,1,1,0,0,0,0
blk_3855669737,6,6,0.16666666666666666,0,1,1,1,1,0,1,1,0,0,0,0
blk_3856401315,5,5,0.0,0,1,0,1,1,0,1,1,0,0,0,0
blk_3865184754,6,6,0.3333333333333333,0,1,1,1,1,0,1,1,0,0,0,0
blk_3871249791,5,5,0.2,0,1,1,1,1,0,1,0,0,0,0,0
blk_3880538701,6,6,0.0,0,1,1,1,1,0,1,1,0,0,0,0
blk_3885652776,4,4,0.5,0,0,1,1,1,0,1,0,0,0,0,0
blk_3888468515,4,4,0.25,0,0,1,1,1,0,1,0,0,0,0,0
blk_3888540282,4,4,0.25,0,1,0,1,1,0,0,1,0,0,0,0
blk_3895125031,6,6,0.16666666666666666,0,1,1,1,1,0,1,1,0,0,0,0
blk_3895657315,6,6,0.16666666666666666,0,1,1,1,1,0,1,1,0,0,0,0
blk_3897627034,6,6,0.3333333333333333,0,1,1,1,1,0,1,1,0,0,0,0
blk_3900645171,6,6,0.5,0,1,1,1,1,0,1,1,0,0,0,0
blk_3905887759,6,6,0.16666666666666666,0,1,1,1,1,0,1,1,0,0,0,0
blk_3927129299,5,5,0.2,0,0,1,1,1,0,1,1,0,0,0,0
blk_3927755637,4,4,0.25,0,1,0,1,0,0,1,1,0,0,0,0
blk_3937277782,4,4,0.5,0,1,0,1,1,0,1,0,0,0,0,0
blk_3938909966,6,6,0.3333333333333333,0,1,1,1,1,0,1,1,0,0,0,0
blk_3942252583,4,4,0.0,0,1,1,1,1,0,0,0,0,0,0,0
blk_3942769640,5,5,0.4,0,1,1,0,1,0,1,1,0,0,0,0
blk_3947552128,5,5,0.0,0,1,1,0,1,0,1,1,0,0,0,0
blk_3957508033,6,6,0.3333333333333333,0,1,1,1,1,0,1,1,0,0,0,0
blk_3969290088,5,5,0.2,0,1,1,0,1,0,1,1,0,0,0,0
blk_3970882968,5,5,0.2,0,0,1,1,1,0,1,1,0,0,0,0
blk_3977036264,5,5,0.4,0,1,1,1,0,0,1,1,0,0,0,0
blk_3979533316,5,5,0.2,0,1,0,1,1,0,1,1,0,0,0,0
blk_3980120255,6,6,0.16666666666666666,0,1,1,1,1,0,1,1,0,0,0,0
blk_3981803676,4,4,0.0,0,1,0,1,1,0,0,1,0,0,0,0
blk_3989137564,4,4,0.0,0,0,0,1,1,0,1,1,0,0,0,0
blk_3997051924,4,4,0.0,0,1,0,1,0,0,1,1,0,0,0,0
blk_4006190603,6,6,0.16666666666666666,0,1,1,1,1,0,1,1,0,0,0,0
blk_4012229739,5,5,0.4,0,0,1,1,1,0,1,1,0,0,0,0
blk_4012909070,4,4,0.25,0,1,0,1,1,0,0,1,0,0,0,0
blk_4014775532,4,4,0.0,0,1,1,0,1,0,1,0,0,0,0,0
blk_4014864348,6,6,0.16666666666666666,0,1,1,1,1,0,1,1,0,0,0,0
blk_4016452164,6,6,0.0,0,1,1,1,1,0,1,1,0,0,0,0
blk_4018513761,6,6,0.3333333333333333,0,1,1,1,1,0,1,1,0,0,0,0
blk_4021264622,5,5,0.0,0,1,1,1,1,0,0,1,0,0,0,0
blk_4022518844,6,6,0.0,0,1,1,1,1,0,1,1,0,0,0,0
blk_4023096776,6,6,0.5,0,1,1,1,1,0,1,1,0,0,0,0
blk_4030783506,7,7,0.8571428571428571,0,1,1,1,1,1,1,1,0,0,0,1
blk_4036641779,5,5,0.0,0,0,1,1,1,0,1,1,0,0,0,0
blk_4052564760,5,5,0.2,0,1,0,1,1,0,1,1,0,0,0,0
blk_4057264402,4,4,0.25,0,1,0,1,0,0,1,1,0,0,0,0
blk_4060857729,5,5,0.6,0,1,1,1,1,0,1,0,0,0,0,0
blk_4061817821,6,6,0.16666666666666666,0,1,1,1,1,0,1,1,0,0,0,0
blk_4067378301,4,4,0.25,0,1,1,1,0,0,0,1,0,0,0,0
blk_4075973674,5,5,0.2,0,1,1,1,1,0,0,1,0,0,0,0
blk_4075991525,6,6,0.3333333333333333,0,1,1,1,1,0,1,1,0,0,0,0
blk_4077428887,6,6,0.3333333333333333,0,1,1,1,1,0,1,1,0,0,0,0
blk_4084543230,5,5,0.8,0,1,1,1,0,1,0,1,0,0,0,1
blk_4087507878,4,4,0.5,0,1,0,0,1,0,1,1,0,0,0,0
blk_4093551332,6,6,0.16666666666666666,0,1,1,1,1,0,1,1,0,0,0,0
blk_4098690119,5,5,0.2,0,1,0,1,1,0,1,1,0,0,0,0
blk_4099599659,5,5,0.4,0,1,1,1,1,0,0,1,0,0,0,0
blk_4106739894,4,4,0.5,0,1,0,1,1,0,1,0,0,0,0,0
blk_4108454382,5,5,0.0,0,1,1,1,0,0,1,1,0,0,0,0
blk_4109114002,4,4,0.25,0,0,1,1,0,0,1,1,0,0,0,0
blk_4110279524,4,4,0.25,0,1,1,0,0,0,1,1,0,0,0,0
blk_4110620408,5,5,0.4,0,1,1,1,1,0,0,1,0,0,0,0
blk_4118864039,5,5,0.4,0,1,0,1,1,0,1,1,0,0,0,0
blk_4119823197,4,4,0.5,0,1,0,1,1,0,1,0,0,0,0,0
blk_4121330283,4,4,0.5,0,1,0,1,1,0,0,1,0,0,0,0
blk_4136425159,6,6,0.5,0,1,1,1,1,0,1,1,0,0,0,0
blk_4139269352,6,6,0.0,0,1,1,1,1,0,1,1,0,0,0,0
blk_4141329761,4,4,0.5,0,1,0,1,1,0,0,1,0,0,0,0
blk_4145014533,8,7,0.625,0,1,1,1,1,0,1,1,0,2,0,1
blk_4148166788,6,6,0.0,0,1,1,1,1,0,1,1,0,0,0,0
blk_4153954058,5,5,0.2,0,1,1,1,1,0,0,1,0,0,0,0
blk_4155023987,4,4,0.75,0,1,0,1,1,0,0,1,0,0,0,0
blk_4161000281,4,4,0.25,0,1,1,1,1,0,0,0,0,0,0,0
blk_4165156198,4,4,0.25,0,1,1,0,1,0,1,0,0,0,0,0
blk_4170871214,5,5,0.4,0,1,1,1,1,0,0,1,0,0,0,0
blk_4204531856,4,4,0.25,0,0,1,1,1,0,0,1,0,0,0,0
blk_4207713736,6,6,0.5,0,1,1,1,1,0,1,1,0,0,0,0
blk_4216115053,6,6,0.0,0,1,1,1,1,0,1,1,0,0,0,0
blk_4222670195,6,6,0.16666666666666666,0,1,1,1,1,0,1,1,0,0,0,0
blk_4222813559,6,6,0.16666666666666666,0,1,1,1,1,0,1,1,0,0,0,0
blk_4230692407,6,6,0.16666666666666666,0,1,1,1,1,0,1,1,0,0,0,0
blk_4230826904,5,5,0.4,0,1,1,0,1,0,1,1,0,0,0,0
blk_4238590493,5,5,0.4,0,1,0,1,1,0,1,1,0,0,0,0
blk_4240863351,4,4,0.25,0,1,1,0,1,0,0,1,0,0,0,0
blk_4241021927,6,6,0.5,0,1,1,1,1,0,1,1,0,0,0,0
blk_4247883480,4,4,0.0,0,1,0,0,1,0,1,1,0,0,0,0
blk_4254584300,4,4,0.0,0,0,1,1,0,0,1,1,0,0,0,0
blk_4263718146,4,4,0.0,0,1,1,1,1,0,0,0,0,0,0,0
blk_4264523505,5,5,0.4,0,1,1,1,0,0,1,1,0,0,0,0
blk_4265816447,6,6,0.3333333333333333,0,1,1,1,1,0,1,1,0,0,0,0
blk_4273803402,6,6,0.0,0,1,1,1,1,0,1,1,0,0,0,0
blk_4302274048,6,6,0.3333333333333333,0,1,1,1,1,0,1,1,0,0,0,0
blk_4313632518,4,4,0.0,0,1,1,1,1,0,0,0,0,0,0,0
blk_4317983383,6,6,0.5,0,1,1,1,1,0,1,1,0,0,0,0
blk_4319092140,4,4,0.5,0,1,1,1,1,0,0,0,0,0,0,0
blk_4320317055,5,5,0.4,0,1,1,0,1,0,1,1,0,0,0,0
blk_4322946965,4,4,0.5,0,1,0,1,1,0,1,0,0,0,0,0
blk_4327683583,5,5,0.0,0,1,1,1,1,0,1,0,0,0,0,0
blk_4336695200,4,4,0.5,0,0,1,0,1,0,0,1,0,1,0,1
blk_4337872614,6,6,0.5,0,1,1,1,1,0,1,1,0,0,0,0
blk_4338672969,6,6,0.3333333333333333,0,1,1,1,1,0,1,1,0,0,0,0
blk_4351415743,6,6,0.3333333333333333,0,1,1,1,1,0,1,1,0,0,0,0
blk_4353209381,5,5,0.0,0,1,1,0,1,0,1,1,0,0,0,0
blk_4371292619,6,6,0.0,0,1,1,1,1,0,1,1,0,0,0,0
blk_4382969417,5,5,0.2,0,1,1,1,1,0,1,0,0,0,0,0
blk_4398133260,6,6,0.0,0,1,1,1,1,0,1,1,0,0,0,0
blk_4401050794,4,4,0.25,0,1,1,1,0,0,1,0,0,0,0,0
blk_4405799702,5,5,0.2,0,1,1,1,1,0,1,0,0,0,0,0
blk_4406256580,4,4,0.25,0,0,0,1,1,0,1,1,0,0,0,0
blk_4409276796,4,4,0.25,0,1,0,0,1,0,1,1,0,0,0,0
blk_4410413392,6,6,0.16666666666666666,0,1,1,1,1,0,1,1,0,0,0,0
blk_4412205731,5,5,0.4,1,1,0,1,1,0,1,0,0,0,0,1
blk_4422152502,5,5,0.4,0,1,1,1,1,0,1,0,0,0,0,0
blk_4425535846,6,6,0.5,0,1,1,1,1,0,1,1,0,0,0,0
blk_4427442253,6,6,0.0,0,1,1,1,1,0,1,1,0,0,0,0
blk_4438440178,6,6,0.8333333333333334,0,1,1,1,0,0,1,1,0,1,0,1
blk_4445432742,5,5,0.4,0,1,0,1,1,0,1,1,0,0,0,0
blk_4445778992,6,6,0.0,0,1,1,1,1,0,1,1,0,0,0,0
blk_4450497915,6,6,0.16666666666666666,0,1,1,1,1,0,1,1,0,0,0,0
blk_4455557243,4,4,0.0,0,1,0,1,1,0,1,0,0,0,0,0
blk_4459687858,4,4,0.5,0,0,1,1,1,0,1,0,0,0,0,0
blk_4468319782,6,6,0.16666666666666666,0,1,1,1,1,0,1,1,0,0,0,0
blk_4471006055,6,6,0.3333333333333333,0,1,1,1,1,0,1,1,0,0,0,0
blk_4482816381,4,4,0.75,0,0,1,1,1,0,1,0,0,0,0,0
blk_4486489710,6,6,0.5,0,1,1,1,1,0,1,1,0,0,0,0
blk_4486511677,5,5,0.6,0,0,1,1,1,0,1,1,0,0,0,0
blk_4487674403,6,6,0.0,0,1,1,1,1,0,1,1,0,0,0,0
blk_4489095691,5,5,0.4,0,1,1,1,1,0,0,1,0,0,0,0
blk_4490630239,4,4,0.25,0,1,1,0,1,0,0,1,0,0,0,0
blk_4500819318,5,5,0.0,0,1,1,0,1,0,1,1,0,0,0,0
blk_4503283973,6,6,0.0,0,1,1,1,1,0,1,1,0,0,0,0
blk_4520891518,6,6,0.0,0,1,1,1,1,0,1,1,0,0,0,0
blk_4521154858,6,6,0.16666666666666666,0,1,1,1,1,0,1,1,0,0,0,0
blk_4523660478,4,4,0.75,0,1,1,0,0,0,1,1,0,0,0,0
blk_4526095923,5,5,0.6,0,1,0,1,1,0,1,1,0,0,0,0
blk_4534502945,5,5,0.0,0,1,1,1,1,0,1,0,0,0,0,0
blk_4539145875,6,6,0.6666666666666666,0,1,0,1,1,0,1,1,0,0,1,1
blk_4540391196,6,6,0.3333333333333333,0,1,1,1,1,0,1,1,0,0,0,0
blk_4540403530,5,5,0.2,0,1,1,1,1,0,0,1,0,0,0,0
blk_4544863202,6,6,0.0,0,1,1,1,1,0,1,1,0,0,0,0
blk_4561569551,5,5,0.2,0,0,1,1,1,0,1,1,0,0,0,0
blk_4563457971,6,6,0.3333333333333333,0,1,1,1,1,0,1,1,0,0,0,0
blk_4563615081,4,4,0.75,0,1,1,1,1,0,0,0,0,0,0,0
blk_4569756698,5,5,0.0,0,1,1,0,1,0,1,1,0,0,0,0
blk_4573065889,5,5,0.2,0,1,1,1,1,0,0,1,0,0,0,0
blk_4573582914,4,4,0.5,0,0,1,1,0,0,1,1,0,0,0,0
blk_4582523154,6,6,0.5,0,1,1,1,1,0,1,1,0,0,0,0
blk_4590247813,6,6,0.5,0,1,1,1,1,0,1,1,0,0,0,0
blk_4594798150,5,5,0.0,0,1,0,1,1,0,1,1,0,0,0,0
blk_4594934824,5,5,0.0,0,1,1,1,0,0,1,1,0,0,0,0
blk_4595242208,6,6,0.16666666666666666,0,1,1,1,1,0,1,1,0,0,0,0
blk_4596938391,4,4,0.5,0,0,0,1,1,0,1,1,0,0,0,0
blk_4598720609,4,4,0.0,0,1,0,1,0,0,1,1,0,0,0,0
blk_4600436234,6,6,0.16666666666666666,0,1,1,1,1,0,1,1,0,0,0,0
blk_4605098265,4,4,0.0,0,0,0,1,1,0,1,1,0,0,0,0
blk_4608473601,5,5,0.4,0,0,1,1,1,0,1,1,0,0,0,0
blk_4614282628,5,5,0.6,0,1,1,1,0,0,0,1,0,0,1,1
blk_4618150130,6,6,0.0,0,1,1,1,1,0,1,1,0,0,0,0
blk_4627564383,6,6,0.16666666666666666,0,1,1,1,1,0,1,1,0,0,0,0
blk_4627924130,4,4,0.0,0,1,0,1,1,0,1,0,0,0,0,0
blk_4633765162,6,6,0.5,0,1,1,1,1,0,1,1,0,0,0,0
blk_4645009718,4,4,0.25,0,1,0,1,1,0,1,0,0,0,0,0
blk_4655857798,4,4,0.25,0,1,0,0,1,0,1,1,0,0,0,0
blk_4656442707,5,5,0.4,0,1,1,1,0,0,1,1,0,0,0,0
blk_4656685909,4,4,0.25,0,1,1,1,0,0,1,0,0,0,0,0
blk_4661865964,4,4,0.5,0,0,1,1,1,0,1,0,0,0,0,0
blk_4665274460,6,6,0.3333333333333333,0,1,1,1,1,0,1,1,0,0,0,0
blk_4669684574,5,5,0.2,0,1,1,0,1,0,1,1,0,0,0,0
blk_4677583038,4,4,0.25,0,0,1,0,1,0,1,1,0,0,0,0
blk_4679050295,5,5,0.6,0,1,1,0,1,0,1,1,0,0,0,0
blk_4680041149,4,4,0.25,0,0,1,1,1,0,0,1,0,0,0,0
blk_4685733499,6,6,0.8333333333333334,0,1,0,1,1,0,1,0,1,1,0,1
blk_4693334445,6,6,0.3333333333333333,0,1,1,1,1,0,1,1,0,0,0,0
blk_4694749247,4,4,0.0,0,0,1,0,1,0,1,1,0,0,0,0
blk_4700106489,4,4,0.0,0,1,1,0,0,0,1,1,0,0,0,0
blk_4701228400,5,5,0.2,0,1,0,1,1,0,1,1,0,0,0,0
blk_4707679743,4,4,0.0,0,1,0,1,0,0,1,1,0,0,0,0
blk_4721639595,5,5,0.2,0,1,1,1,0,0,1,1,0,0,0,0
blk_4731762453,6,6,0.16666666666666666,0,1,1,1,1,0,1,1,0,0,0,0
blk_4759139688,4,4,0.0,0,1,0,0,1,0,1,1,0,0,0,0
blk_4761009125,5,5,0.2,0,1,0,1,1,0,1,1,0,0,0,0
blk_4765391387,5,5,0.2,0,0,1,1,1,0,1,1,0,0,0,0
blk_4766470263,6,6,0.16666666666666666,0,1,1,1,1,0,1,1,0,0,0,0
blk_4767762778,6,6,0.16666666666666666,0,1,1,1,1,0,1,1,0,0,0,0
blk_4769345571,4,4,0.5,0,1,1,1,0,0,1,0,0,0,0,0
blk_4794046968,4,4,0.0,0,0,1,1,1,0,1,0,0,0,0,0
blk_4799973041,6,6,0.0,0,1,1,1,1,0,1,1,0,0,0,0
blk_4805216584,8,8,0.625,0,1,1,1,1,0,1,1,1,0,1,1
blk_4816963861,5,5,0.0,0,1,0,1,1,0,1,1,0,0,0,0
blk_4823234408,5,5,0.2,0,1,1,0,1,0,1,1,0,0,0,0
blk_4827201472,5,5,0.6,0,0,1,1,1,0,1,1,0,0,0,0
blk_4831411206,5,5,0.4,0,1,1,1,1,0,0,1,0,0,0,0
blk_4831748169,6,6,0.3333333333333333,0,1,1,1,1,0,1,1,0,0,0,0
blk_4845131529,4,4,0.0,0,1,1,0,1,0,1,0,0,0,0,0
blk_4845392406,7,7,0.2857142857142857,0,1,1,1,0,0,1,1,0,1,1,1
blk_4848455546,4,4,0.25,0,1,1,0,1,0,1,0,0,0,0,0
blk_4850203975,4,4,0.5,0,0,1,1,1,0,1,0,0,0,0,0
blk_4852384883,6,6,0.6666666666666666,1,1,0,1,0,1,1,1,0,0,0,1
blk_4855061419,6,6,0.5,0,1,1,1,1,0,1,1,0,0,0,0
blk_4856732902,6,6,0.16666666666666666,0,1,1,1,1,0,1,1,0,0,0,0
blk_4857050909,6,6,0.3333333333333333,0,1,1,1,1,0,1,1,0,0,0,0
blk_4861617140,4,4,0.25,0,1,1,0,1,0,0,1,0,0,0,0
blk_4869195190,5,5,0.2,0,1,1,1,1,0,0,1,0,0,0,0
blk_4871710998,6,6,0.16666666666666666,0,1,1,1,1,0,1,1,0,0,0,0
blk_4873067749,6,6,0.0,0,1,1,1,1,0,1,1,0,0,0,0
blk_4873596821,6,6,0.16666666666666666,0,1,1,1,1,0,1,1,0,0,0,0
blk_4899122926,6,6,0.3333333333333333,0,1,1,0,1,0,1,0,1,1,0,1
blk_4899391787,6,6,0.3333333333333333,0,1,1,1,1,0,1,1,0,0,0,0
blk_4910260531,4,4,0.5,0,0,1,1,0,0,1,1,0,0,0,0
blk_4916553192,6,6,0.6666666666666666,1,1,1,0,1,0,1,1,0,0,0,1
blk_4927432256,5,5,0.2,0,1,1,1,1,0,0,1,0,0,0,0
blk_4933994863,5,5,0.2,0,1,1,1,0,0,1,1,0,0,0,0
blk_4935235965,4,4,0.75,0,0,1,0,1,0,1,1,0,0,0,0
blk_4936516706,5,5,0.4,0,1,0,1,1,0,1,1,0,0,0,0
blk_4941811785,6,6,0.3333333333333333,0,1,1,1,1,0,1,1,0,0,0,0
blk_4943269173,6,6,0.16666666666666666,0,1,1,1,1,0,1,1,0,0,0,0
blk_4950863905,6,6,0.16666666666666666,0,1,1,1,1,0,1,1,0,0,0,0
blk_4956857586,5,5,0.2,0,1,0,1,1,0,1,1,0,0,0,0
blk_4964360681,4,4,0.5,0,1,0,1,1,0,1,0,0,0,0,0
blk_4969779149,6,6,0.3333333333333333,0,1,1,1,1,0,1,1,0,0,0,0
blk_4972377155,4,4,0.0,0,1,1,1,0,0,1,0,0,0,0,0
blk_4975692154,4,4,0.25,0,0,1,1,0,0,1,1,0,0,0,0
blk_4981838441,6,6,0.6666666666666666,1,1,1,1,1,0,0,1,0,0,0,1
blk_4985261646,6,6,0.16666666666666666,0,1,1,1,1,0,1,1,0,0,0,0
blk_4985820692,6,6,0.8333333333333334,0,0,1,1,1,0,1,1,0,1,0,1
blk_4986946490,5,5,0.2,0,1,1,1,0,0,1,1,0,0,0,0
blk_4988093121,6,6,0.0,0,1,1,1,1,0,1,1,0,0,0,0
blk_4991162839,7,7,0.5714285714285714,0,1,1,1,1,1,1,1,0,0,0,1
blk_4991586604,4,4,0.25,0,1,1,0,1,0,1,0,0,0,0,0
blk_4991759341,4,4,0.0,0,1,0,0,1,0,1,1,0,0,0,0
blk_4998343533,6,6,0.5,0,1,1,1,1,0,1,1,0,0,0,0
blk_4998413869,5,5,0.2,0,1,1,1,1,0,0,1,0,0,0,0
blk_4999111508,4,4,0.0,0,0,0,1,1,0,1,1,0,0,0,0
blk_5005893367,6,6,0.3333333333333333,0,1,1,1,1,0,1,1,0,0,0,0
blk_5007244891,4,4,0.0,0,0,1,1,0,0,1,1,0,0,0,0
blk_5010456149,5,5,0.4,0,1,1,1,1,0,0,1,0,0,0,0
blk_5010643274,6,6,0.0,0,1,1,1,1,0,1,1,0,0,0,0
blk_5010764203,6,6,0.0,0,1,1,1,1,0,1,1,0,0,0,0
blk_5012922647,5,5,0.2,0,1,1,1,1,0,0,1,0,0,0,0
blk_5018462572,4,4,0.5,0,1,0,1,0,0,1,1,0,0,0,0
blk_5024863958,4,4,0.0,0,1,1,0,1,0,0,1,0,0,0,0
blk_5029681337,4,4,0.0,0,1,1,0,1,0,0,1,0,0,0,0
blk_5030326187,4,4,0.25,0,1,0,0,1,0,1,1,0,0,0,0
blk_5055130224,6,6,0.16666666666666666,0,1,1,1,1,0,1,1,0,0,0,0
blk_5059655791,5,5,0.2,0,1,1,1,1,0,0,1,0,0,0,0
blk_5065861662,6,6,0.5,0,1,1,1,1,0,1,1,0,0,0,0
blk_5070779834,5,5,0.2,0,0,1,1,1,0,1,1,0,0,0,0
blk_5073967379,5,5,0.6,0,1,1,1,1,0,1,0,0,0,0,0
blk_5076512001,6,6,0.3333333333333333,0,1,1,1,1,0,1,1,0,0,0,0
blk_5077452155,6,6,0.6666666666666666,0,1,1,1,1,0,1,1,0,0,0,0
blk_5083882023,5,5,0.0,0,0,1,1,1,0,1,1,0,0,0,0
blk_5086924736,6,6,0.0,0,1,1,1,1,0,1,1,0,0,0,0
blk_5088572439,6,6,0.16666666666666666,0,1,1,1,1,0,1,1,0,0,0,0
blk_5088728639,5,5,1.0,0,1,1,0,1,0,0,1,0,1,0,1
blk_5096030467,5,5,0.8,0,1,1,1,1,0,1,0,0,0,0,0
blk_5096686148,6,6,0.0,0,1,1,1,1,0,1,1,0,0,0,0
blk_5100416185,5,5,0.2,0,1,1,0,1,0,1,1,0,0,0,0
blk_5108193761,4,4,0.5,0,0,1,1,1,0,0,1,0,0,0,0
blk_5110978844,5,5,0.6,0,0,1,1,1,0,1,1,0,0,0,0
blk_5111857219,4,4,0.25,0,0,1,1,0,0,1,1,0,0,0,0
blk_5114834699,6,6,0.3333333333333333,0,1,1,1,1,0,1,1,0,0,0,0
blk_5115232534,5,5,0.4,0,1,1,0,1,0,1,1,0,0,0,0
blk_5120774029,6,6,0.16666666666666666,1,1,1,1,1,0,0,1,0,0,0,1
blk_5122326000,4,4,0.0,0,1,1,0,0,0,1,1,0,0,0,0
blk_5123011703,4,4,0.0,0,1,1,1,0,0,1,0,0,0,0,0
blk_5132941398,4,4,0.25,0,0,1,0,1,0,1,1,0,0,0,0
blk_5142256924,4,4,0.0,0,1,1,1,0,0,1,0,0,0,0,0
blk_5145687854,6,6,0.3333333333333333,0,1,1,1,1,0,1,1,0,0,0,0
blk_5152204355,4,4,0.5,0,1,1,0,1,0,0,1,0,0,0,0
blk_5154916620,6,6,0.8333333333333334,0,1,1,0,1,0,1,1,0,1,0,1
blk_5160553692,6,6,0.16666666666666666,0,1,1,1,1,0,1,1,0,0,0,0
blk_5160910209,4,4,0.25,0,0,0,1,1,0,1,1,0,0,0,0
blk_5170244777,4,4,0.25,0,1,1,0,1,0,0,1,0,0,0,0
blk_5180072419,6,6,0.5,0,1,1,1,1,0,1,1,0,0,0,0
blk_5180168596,6,6,0.0,0,1,1,1,1,0,1,1,0,0,0,0
blk_5187665315,4,4,0.25,0,0,1,0,1,0,1,1,0,0,0,0
blk_5191223327,5,5,0.2,0,1,1,1,0,0,1,1,0,0,0,0
blk_5205525922,5,5,0.8,0,1,1,1,0,0,1,1,0,0,0,0
blk_5208120402,6,6,0.3333333333333333,0,1,1,1,1,0,1,1,0,0,0,0
blk_5213654251,4,4,0.5,0,1,1,1,0,0,1,0,0,0,0,0
blk_5214541612,4,4,0.5,0,0,1,1,1,0,0,1,0,0,0,0
blk_5226800797,6,6,0.5,0,1,1,1,1,0,1,1,0,0,0,0
blk_5229442328,5,5,0.4,0,1,0,1,1,0,1,1,0,0,0,0
blk_5249256988,4,4,0.5,0,0,1,1,1,0,1,0,0,0,0,0
blk_5255693143,4,4,0.25,0,1,1,0,1,0,0,1,0,0,0,0
blk_5258999814,6,6,0.6666666666666666,0,1,1,1,1,0,1,1,0,0,0,0
blk_5260705125,5,5,0.2,0,1,1,1,1,0,0,1,0,0,0,0
blk_5264236219,5,5,0.4,0,1,1,1,0,0,1,1,0,0,0,0
blk_5266992450,6,6,0.3333333333333333,0,1,1,1,1,0,1,1,0,0,0,0
blk_5268577294,4,4,0.5,0,1,0,0,1,0,1,1,0,0,0,0
blk_5275729146,6,6,0.5,0,1,1,1,1,0,1,1,0,0,0,0
blk_5297197963,6,6,0.16666666666666666,0,1,1,1,1,0,1,1,0,0,0,0
blk_5298567461,5,5,0.0,0,1,1,1,0,0,1,1,0,0,0,0
blk_5302922638,5,5,0.4,0,1,0,1,1,0,1,1,0,0,0,0
blk_5306507679,6,6,0.16666666666666666,0,1,1,1,1,0,1,1,0,0,0,0
blk_5312558192,6,6,0.5,0,1,1,1,1,0,1,1,0,0,0,0
blk_5312764644,5,5,0.4,0,1,1,1,1,0,0,1,0,0,0,0
blk_5315717058,4,4,0.5,0,1,1,1,0,0,0,1,0,0,0,0
blk_5317113223,5,5,0.0,0,1,0,1,1,0,1,1,0,0,0,0
blk_5325478204,6,6,0.16666666666666666,0,1,1,1,1,0,1,1,0,0,0,0
blk_5326830997,5,5,0.2,0,1,1,1,1,0,0,1,0,0,0,0
blk_5328198627,4,4,0.25,0,0,1,0,1,0,1,1,0,0,0,0
blk_5334740367,6,6,0.5,0,1,1,1,1,0,1,1,0,0,0,0
blk_5342364660,5,5,0.4,0,0,1,1,1,0,1,1,0,0,0,0
blk_5350330159,4,4,0.5,0,1,0,0,1,0,1,1,0,0,0,0
blk_5363199456,5,5,0.8,0,1,1,0,1,0,1,1,0,0,0,0
blk_5363851155,6,6,0.0,0,1,1,1,1,0,1,1,0,0,0,0
blk_5365577910,5,5,0.2,0,1,1,1,0,0,1,1,0,0,0,0
blk_5367970020,4,4,0.5,0,1,0,1,0,0,1,1,0,0,0,0
blk_5383003765,6,6,0.3333333333333333,0,1,1,1,1,0,1,1,0,0,0,0
blk_5386204749,6,6,0.0,0,1,1,1,1,0,1,1,0,0,0,0
blk_5400944183,6,6,0.3333333333333333,0,1,1,1,1,0,1,1,0,0,0,0
blk_5401969689,5,5,0.0,0,0,1,1,1,0,1,1,0,0,0,0
blk_5402285468,6,6,0.16666666666666666,0,1,1,1,1,0,1,1,0,0,0,0
blk_5407805337,6,6,0.3333333333333333,0,1,1,1,1,0,1,1,0,0,0,0
blk_5431840526,6,6,0.3333333333333333,0,1,1,1,1,0,1,1,0,0,0,0
blk_5437474426,6,6,0.16666666666666666,0,1,1,1,1,0,1,1,0,0,0,0
blk_5437609475,4,4,1.0,0,1,1,1,0,0,0,1,0,0,0,0
blk_5450907620,4,4,0.5,0,1,1,1,1,0,0,0,0,0,0,0
blk_5454031438,6,6,0.0,0,1,1,1,1,0,1,1,0,0,0,0
blk_5459056081,6,6,0.3333333333333333,0,1,1,1,1,0,1,1,0,0,0,0
blk_5461435356,5,5,0.2,0,0,1,1,1,0,1,1,0,0,0,0
blk_5462464320,5,5,0.2,0,1,0,1,1,0,1,1,0,0,0,0
blk_5471324021,5,5,0.2,0,1,1,1,1,0,0,1,0,0,0,0
blk_5474379026,4,4,0.0,0,1,0,1,1,0,0,1,0,0,0,0
blk_5483862008,4,4,0.5,0,0,1,0,1,0,1,1,0,0,0,0
blk_5490005678,4,4,0.25,0,0,1,0,1,0,1,1,0,0,0,0
blk_5492306353,5,5,0.4,0,1,0,1,1,0,1,1,0,0,0,0
blk_5501319238,6,6,0.0,0,1,1,1,1,0,1,1,0,0,0,0
blk_5504675961,8,7,0.875,0,1,1,1,1,0,1,1,0,2,0,1
blk_5506942653,6,6,0.16666666666666666,0,1,1,1,1,0,1,1,0,0,0,0
blk_5511157923,5,5,0.2,0,1,1,1,1,0,0,1,0,0,0,0
blk_5513164739,6,6,0.16666666666666666,0,1,1,1,1,0,1,1,0,0,0,0
blk_5525397860,5,5,0.4,0,1,1,1,0,0,1,1,0,0,0,0
blk_5535816292,4,4,0.25,0,0,0,1,1,0,1,1,0,0,0,0
blk_5538981837,6,6,0.6666666666666666,0,1,1,1,1,0,1,1,0,0,0,0
blk_5555735359,6,6,0.3333333333333333,0,1,1,1,1,0,1,1,0,0,0,0
blk_5557095579,4,4,0.0,0,1,0,1,1,0,1,0,0,0,0,0
blk_5559603892,4,4,0.5,0,1,1,0,1,0,1,0,0,0,0,0
blk_5565989173,5,5,0.4,0,0,1,1,1,0,1,1,0,0,0,0
blk_5568317919,5,5,0.0,0,1,1,1,1,0,0,1,0,0,0,0
blk_5574728357,4,4,0.5,0,1,0,1,0,0,1,1,0,0,0,0
blk_5583285326,4,4,1.0,0,0,1,1,1,0,1,0,0,0,0,0
blk_5586409443,5,5,0.4,0,1,0,1,1,0,1,1,0,0,0,1
blk_5588813706,4,4,0.5,0,1,1,0,1,0,1,0,0,0,0,0
blk_5597049020,6,6,0.5,0,1,1,1,1,0,1,1,0,0,0,0
blk_5599742145,4,4,0.25,0,1,1,1,0,0,1,0,0,0,0,0
blk_5600929718,6,6,0.3333333333333333,0,1,1,1,1,0,1,1,0,0,0,0
blk_5606467976,6,6,0.3333333333333333,0,1,1,1,1,0,1,1,0,0,0,0
blk_5611089936,4,4,0.0,0,1,0,1,0,0,1,1,0,0,0,0
blk_5611763904,5,5,0.4,0,1,1,0,1,0,1,1,0,0,0,0
blk_5611802372,6,6,0.16666666666666666,0,1,1,1,1,0,1,1,0,0,0,0
blk_5619759923,5,5,0.4,0,1,1,1,1,0,0,1,0,0,0,0
blk_5621874965,5,5,0.2,0,0,1,1,1,0,1,1,0,0,0,0
blk_5625901106,5,5,0.2,0,1,1,1,1,0,0,1,0,0,0,0
blk_5630982530,6,6,0.0,0,1,1,1,1,0,1,1,0,0,0,0
blk_5633123509,5,5,0.6,0,0,1,1,1,0,1,1,0,0,0,0
blk_5645552816,5,5,0.0,0,1,1,0,1,0,1,1,0,0,0,0
blk_5645716635,4,4,0.0,0,0,1,1,0,0,1,1,0,0,0,0
blk_5656315358,5,5,0.0,0,1,0,1,1,0,1,1,0,0,0,0
blk_5658318160,5,5,0.4,0,1,1,1,1,0,0,1,0,0,0,0
blk_5661425402,6,6,0.6666666666666666,1,1,1,1,1,0,1,0,0,0,0,1
blk_5662821990,4,4,0.0,0,1,1,1,0,0,1,0,0,0,0,0
blk_5665103464,4,4,0.25,0,1,0,0,1,0,1,1,0,0,0,0
blk_5670142901,5,5,0.8,0,0,0,1,1,0,1,1,0,1,0,1
blk_5696794677,4,4,0.25,0,1,1,1,0,0,1,0,0,0,0,0
blk_5701176775,6,6,0.16666666666666666,0,1,1,1,1,0,1,1,0,0,0,0
blk_5707736719,6,6,0.3333333333333333,0,1,1,1,1,0,1,1,0,0,0,0
blk_5707754694,5,5,0.0,0,1,1,1,1,0,0,1,0,0,0,0
blk_5709377844,5,5,0.2,0,1,1,1,0,0,1,1,0,0,0,0
blk_5714087680,6,6,0.16666666666666666,0,1,1,1,1,0,1,1,0,0,0,0
blk_5716943205,6,6,0.16666666666666666,0,1,1,1,1,0,1,1,0,0,0,0
blk_5727254448,4,4,0.25,0,0,1,1,0,0,1,1,0,0,0,0
blk_5727635185,5,5,0.0,0,1,1,1,0,0,1,1,0,0,0,0
blk_5734060367,6,6,0.16666666666666666,0,1,1,1,1,0,1,1,0,0,0,0
blk_5740671294,4,4,0.0,0,1,1,0,1,0,0,1,0,0,0,0
blk_5745237786,5,5,0.4,0,1,1,1,1,0,0,1,0,0,0,0
blk_5748190821,4,4,0.25,0,1,1,1,0,0,1,0,0,0,0,0
blk_5760718495,4,4,0.5,0,0,1,1,0,0,1,1,0,0,0,0
blk_5760884536,5,5,0.4,0,1,0,1,1,0,1,1,0,0,0,0
blk_5763135047,5,5,0.4,0,1,1,1,1,0,0,1,0,0,0,0
blk_5764922739,5,5,0.2,0,1,1,1,1,0,1,0,0,0,0,0
blk_5771172870,5,5,0.2,0,1,1,1,1,0,0,1,0,0,0,0
blk_5781770842,4,4,0.25,0,0,1,0,1,0,1,1,0,0,0,0
blk_5792583713,5,5,0.2,0,1,1,1,0,0,1,1,0,0,0,0
blk_5794286025,4,4,0.5,0,0,1,0,1,0,1,1,0,0,0,0
blk_5794374689,4,4,0.0,0,1,1,0,1,0,0,1,0,0,0,0
blk_5812121256,6,6,0.3333333333333333,0,1,1,1,1,0,1,1,0,0,0,0
blk_5813747039,4,4,0.0,0,1,0,1,0,0,1,1,0,0,0,0
blk_5815467930,5,5,0.2,0,1,1,1,0,0,1,1,0,0,0,0
blk_5825963921,5,5,0.2,0,1,1,1,1,0,1,0,0,0,0,0
blk_5830271835,4,4,0.5,0,1,1,1,1,0,0,0,0,0,0,0
blk_5866162130,5,5,0.0,0,1,1,1,1,0,1,0,0,0,0,0
blk_5866953547,4,4,0.0,0,0,1,1,1,0,1,0,0,0,0,0
blk_5869113206,4,4,0.25,0,1,1,1,0,0,1,0,0,0,0,0
blk_5881601473,5,5,0.2,0,0,1,1,1,0,1,1,0,0,0,0
blk_5888685598,4,4,0.5,0,0,0,1,1,0,1,1,0,0,0,0
blk_5898688642,4,4,0.25,0,1,0,1,1,0,1,0,0,0,0,0
blk_5902068105,5,5,0.2,0,1,0,1,1,0,1,1,0,0,0,0
blk_5906396379,5,5,0.6,1,1,1,0,1,0,0,0,1,0,0,1
blk_5906734456,4,4,0.25,0,1,0,1,1,0,0,1,0,0,0,0
blk_5909708069,4,4,0.0,0,1,1,0,1,0,0,1,0,0,0,0
blk_5914817948,6,6,0.0,0,1,1,1,1,0,1,1,0,0,0,0
blk_5916874271,5,5,0.2,0,1,1,1,1,0,1,0,0,0,0,0
blk_5923195706,5,5,0.4,0,1,1,0,1,0,1,1,0,0,0,0
blk_5929054235,6,6,0.3333333333333333,0,1,1,1,1,0,1,1,0,0,0,0
blk_5940834677,6,6,0.16666666666666666,0,1,1,1,1,0,1,1,0,0,0,0
blk_5953641323,5,5,0.2,0,1,1,0,1,0,1,1,0,0,0,0
blk_5958063367,4,4,0.0,0,0,1,1,1,0,0,1,0,0,0,0
blk_5967170326,5,5,0.0,0,1,1,0,1,0,1,1,0,0,0,0
blk_5970951659,5,5,0.2,0,1,0,1,1,0,1,1,0,0,0,0
blk_5971008299,6,6,0.16666666666666666,0,1,1,1,1,0,1,1,0,0,0,0
blk_5972551263,5,5,0.4,0,0,1,1,1,0,1,1,0,0,0,0
blk_5979246332,4,4,0.0,0,0,1,0,1,0,1,1,0,0,0,0
blk_5979780092,5,5,0.0,0,1,1,0,1,0,1,1,0,0,0,0
blk_5981827389,6,6,0.16666666666666666,0,1,1,1,1,0,1,1,0,0,0,0
blk_5994644915,5,5,0.4,0,1,1,1,1,0,1,0,0,0,0,0
blk_6001821552,6,6,0.16666666666666666,0,1,1,1,1,0,1,1,0,0,0,0
blk_6005351697,4,4,0.25,0,1,1,0,1,0,1,0,0,0,0,0
blk_6010661134,5,5,0.2,0,1,0,1,1,0,1,1,0,0,0,0
blk_6023246118,6,6,0.5,0,1,1,1,1,0,1,1,0,0,0,0
blk_6028855284,5,5,0.2,0,0,1,1,1,0,1,1,0,0,0,0
blk_6032036627,5,5,0.4,0,0,1,1,1,0,1,1,0,0,0,0
blk_6034103731,4,4,0.25,0,1,0,0,1,0,1,1,0,0,0,0
blk_6035587512,6,6,0.5,0,1,1,1,1,0,1,1,0,0,0,0
blk_6037151389,5,5,0.0,0,0,1,1,1,0,1,1,0,0,0,0
blk_6048969084,5,5,0.4,0,1,1,0,1,0,1,1,0,0,0,0
blk_6060449715,5,5,0.0,0,1,1,1,1,0,1,0,0,0,0,0
blk_6064986540,6,6,0.5,0,1,1,1,1,0,1,1,0,0,0,0
blk_6070317841,4,4,0.0,0,0,1,1,0,0,1,1,0,0,0,0
blk_6071552860,6,6,0.0,0,1,1,1,1,0,1,1,0,0,0,0
blk_6089116301,6,6,0.16666666666666666,0,1,1,1,1,0,1,1,0,0,0,0
blk_6092800462,4,4,0.0,0,0,1,0,1,0,1,1,0,0,0,0
blk_6095810236,6,6,0.6666666666666666,0,1,1,0,0,0,1,1,0,1,1,1
blk_6099173724,6,6,0.16666666666666666,0,1,1,1,1,0,1,1,0,0,0,0
blk_6109776129,6,6,0.16666666666666666,0,1,1,1,1,0,1,1,0,0,0,0
blk_6111720562,7,7,0.7142857142857143,0,1,1,1,1,1,1,1,0,0,0,1
blk_6125005678,4,4,0.5,0,1,1,0,1,0,1,0,0,0,0,0
blk_6125427097,4,4,0.0,0,1,1,0,1,0,1,0,0,0,0,0
blk_6146318802,4,4,0.25,0,1,1,1,0,0,0,1,0,0,0,0
blk_6147504787,6,6,0.16666666666666666,0,1,1,1,1,0,1,1,0,0,0,0
blk_6147843585,6,6,0.3333333333333333,0,1,1,1,1,0,1,1,0,0,0,0
blk_6153464997,6,6,0.5,0,1,1,1,1,0,1,1,0,0,0,0
blk_6154857151,4,4,0.25,0,1,0,1,1,0,1,0,0,0,0,0
blk_6173851943,4,4,0.0,0,0,1,1,1,0,0,1,0,0,0,0
blk_6177306428,4,4,0.25,0,0,1,0,1,0,1,1,0,0,0,0
blk_6179792845,5,5,0.4,0,1,1,0,1,0,1,1,0,0,0,0
blk_6184825929,4,4,0.0,0,1,1,1,1,0,0,0,0,0,0,0
blk_6185755968,5,5,0.4,0,1,0,1,1,0,1,1,0,0,0,0
blk_6194719802,4,4,0.5,0,1,1,0,1,0,1,0,0,0,0,0
blk_6197347851,4,4,0.0,0,0,1,0,1,0,1,1,0,0,0,0
blk_6203413933,4,4,0.0,0,0,1,0,1,0,1,1,0,0,0,0
blk_6209975242,4,4,0.5,0,0,1,1,1,0,0,1,0,0,0,0
blk_6212549619,6,6,0.16666666666666666,0,1,1,1,1,0,1,1,0,0,0,0
blk_6216507956,4,4,0.25,0,1,0,0,1,0,1,1,0,0,0,0
blk_6221881643,4,4,0.0,0,1,1,0,1,0,1,0,0,0,0,0
blk_6239992989,5,5,0.0,0,1,1,1,1,0,1,0,0,0,0,0
blk_6248717494,5,5,0.0,0,1,1,0,1,0,1,1,0,0,0,0
blk_6252464505,5,5,0.2,0,1,1,1,1,0,1,0,0,0,0,0
blk_6263709802,4,4,0.0,0,0,1,0,1,0,1,1,0,0,0,0
blk_6264150926,6,6,0.0,0,1,1,1,1,0,1,1,0,0,0,0
blk_6270501634,5,5,0.0,0,0,1,1,1,0,1,1,0,0,0,0
blk_6280568436,4,4,0.25,0,1,0,1,1,0,1,0,0,0,0,0
blk_6284134549,4,4,0.25,0,1,0,1,1,0,1,0,0,0,0,0
blk_6285127881,4,4,0.25,0,1,0,0,1,0,1,1,0,0,0,0
blk_6287106194,6,6,0.0,0,1,1,1,1,0,1,1,0,0,0,0
blk_6289546453,5,5,0.2,0,1,0,1,1,0,1,1,0,0,0,0
blk_6293109940,5,5,0.8,0,1,1,0,1,0,0,1,0,1,0,1
blk_6294253113,5,5,0.4,0,1,1,0,1,0,1,1,0,0,0,0
blk_6295565249,5,5,0.4,0,1,1,0,1,0,1,1,0,0,0,0
blk_6305464043,4,4,0.25,0,0,0,1,1,0,1,1,0,0,0,0
blk_6306445765,4,4,0.25,0,0,1,0,1,0,1,1,0,0,0,0
blk_6306940731,4,4,0.25,0,0,1,0,1,0,1,1,0,0,0,0
blk_6308220892,6,6,0.3333333333333333,0,1,1,1,1,0,1,1,0,0,0,0
blk_6316995329,5,5,0.2,0,1,1,1,1,0,0,1,0,0,0,0
blk_6325155273,5,5,0.2,0,0,1,1,1,0,1,1,0,0,0,0
blk_6332544187,5,5,0.2,1,0,1,1,0,0,1,1,0,0,0,1
blk_6335438599,5,5,0.4,0,1,1,1,1,0,1,0,0,0,0,0
blk_6339033447,4,4,0.25,0,1,1,1,0,0,1,0,0,0,0,0
blk_6347786484,4,4,0.5,0,1,0,1,0,0,1,1,0,0,0,0
blk_6350150085,6,6,0.16666666666666666,0,1,1,1,1,0,1,1,0,0,0,0
blk_6363005362,4,4,0.0,0,1,1,1,0,0,0,1,0,0,0,0
blk_6369277974,6,6,0.16666666666666666,0,1,1,1,1,0,1,1,0,0,0,0
blk_6371588138,5,5,0.6,0,1,1,1,1,0,1,0,0,0,0,0
blk_6372983212,4,4,0.25,0,0,1,1,0,0,1,1,0,0,0,0
blk_6376448206,4,4,0.25,0,1,1,0,1,0,0,1,0,0,0,0
blk_6377557316,5,5,0.0,0,1,1,0,1,0,1,1,0,0,0,0
blk_6382582542,4,4,0.0,0,1,0,1,0,0,1,1,0,0,0,0
blk_6384253178,5,5,0.6,0,1,1,0,1,0,1,1,0,0,0,0
blk_6391426071,6,6,0.3333333333333333,0,1,1,1,1,0,1,1,0,0,0,0
blk_6394776409,5,5,0.2,1,1,1,0,1,0,1,0,0,0,0,1
blk_6406058598,4,4,0.0,0,1,1,0,1,0,0,1,0,0,0,0
blk_6408312482,5,5,0.2,0,1,1,1,0,0,1,1,0,0,0,0
blk_6417238833,4,4,0.25,0,1,0,1,0,0,1,1,0,0,0,0
blk_6425211037,6,6,0.3333333333333333,0,1,1,1,1,0,0,1,0,0,1,1
blk_6433712165,5,5,0.0,0,0,1,1,1,0,1,1,0,0,0,0
blk_6440150145,4,4,0.0,0,0,1,1,1,0,1,0,0,0,0,0
blk_6442461754,4,4,0.75,0,1,1,1,0,0,0,1,0,0,0,0
blk_6447504899,5,5,0.2,0,1,1,1,0,0,1,1,0,0,0,0
blk_6448671846,4,4,0.0,0,1,1,1,0,0,1,0,0,0,0,0
blk_6449797921,5,5,0.0,0,0,1,1,1,0,1,1,0,0,0,0
blk_6453601055,5,5,0.4,0,1,1,0,1,0,1,1,0,0,0,0
blk_6454319639,6,6,0.0,0,1,1,1,1,0,1,1,0,0,0,0
blk_6465230025,5,5,0.2,0,1,1,1,0,0,1,1,0,0,0,0
blk_6466881266,4,4,0.0,0,0,1,1,1,0,1,0,0,0,0,0
blk_6477787507,5,5,0.4,0,1,1,1,1,0,0,1,0,0,0,0
blk_6483959676,6,6,0.16666666666666666,0,1,1,1,1,0,1,1,0,0,0,0
blk_6484113280,5,5,0.4,0,1,1,0,1,0,1,1,0,0,0,0
blk_6487644461,6,6,0.16666666666666666,0,1,1,1,1,0,1,1,0,0,0,0
blk_6491952623,5,5,0.2,0,0,1,1,1,0,1,1,0,0,0,0
blk_6494815789,6,6,0.3333333333333333,0,1,1,1,1,0,1,1,0,0,0,0
blk_6499721465,4,4,0.5,0,1,0,0,1,0,1,1,0,0,0,0
blk_6501263144,6,6,0.16666666666666666,0,1,1,1,1,0,1,1,0,0,0,0
blk_6503031454,4,4,0.0,0,1,0,1,0,0,1,1,0,0,0,0
blk_6504779636,6,6,0.3333333333333333,0,1,1,1,1,0,1,1,0,0,0,0
blk_6505691018,6,6,0.0,0,1,1,1,1,0,1,1,0,0,0,0
blk_6509704818,4,4,0.25,0,1,1,1,0,0,1,0,0,0,0,0
blk_6517294200,5,5,0.6,0,1,1,1,1,0,1,0,0,0,0,0
blk_6517440489,5,5,0.2,0,1,0,1,1,0,1,1,0,0,0,0
blk_6522768679,5,5,0.0,0,1,1,1,0,0,1,1,0,0,0,0
blk_6524890585,6,6,0.5,0,1,1,1,1,0,1,1,0,0,0,0
blk_6532139238,6,6,0.16666666666666666,0,1,1,1,1,0,1,1,0,0,0,0
blk_6533974643,6,6,0.3333333333333333,0,1,1,1,1,0,1,1,0,0,0,0
blk_6534633813,5,5,0.4,0,0,1,1,1,0,1,1,0,0,0,0
blk_6542020398,4,4,0.0,0,1,1,0,1,0,0,1,0,0,0,0
blk_6548550924,5,5,0.2,0,0,1,1,1,0,1,1,0,0,0,0
blk_6557765279,6,6,0.16666666666666666,0,1,1,1,1,0,1,1,0,0,0,0
blk_6571369067,4,4,0.25,0,0,0,1,1,0,1,1,0,0,0,0
blk_6572739272,6,6,0.6666666666666666,0,1,1,1,1,0,1,1,0,0,0,0
blk_6575842918,4,4,0.0,0,0,1,0,1,0,1,1,0,0,0,0
blk_6576485735,4,4,0.25,0,0,0,1,1,0,1,1,0,0,0,0
blk_6579762660,4,4,0.75,0,0,1,0,1,0,1,1,0,0,0,0
blk_6594119354,6,6,0.3333333333333333,0,1,1,1,1,0,1,1,0,0,0,0
blk_6595973591,5,5,0.0,0,1,1,0,1,0,1,1,0,0,0,0
blk_6609896218,6,6,0.0,0,1,1,1,1,0,1,1,0,0,0,0
blk_6614588537,5,5,0.2,0,1,1,1,1,0,0,1,0,0,0,0
blk_6616076933,4,4,0.0,0,1,1,0,1,0,0,1,0,0,0,0
blk_6627013336,5,5,0.4,0,1,1,1,1,0,1,0,0,0,0,0
blk_6633057532,4,4,0.25,0,0,1,0,1,0,1,1,0,0,0,0
blk_6634070299,6,6,0.16666666666666666,0,1,1,1,1,0,1,1,0,0,0,0
blk_6635613697,4,4,0.75,0,0,1,0,1,0,0,1,0,1,0,1
blk_6640394595,6,6,0.16666666666666666,0,1,1,1,1,0,1,1,0,0,0,0
blk_6640750871,5,5,0.6,0,0,1,1,1,0,1,1,0,0,0,0
blk_6643006039,6,6,0.5,0,1,1,0,1,0,1,1,0,0,1,1
blk_6649345136,6,6,0.3333333333333333,0,1,1,1,1,0,1,1,0,0,0,0
blk_6655074676,5,5,0.2,0,0,1,1,1,0,1,1,0,0,0,0
blk_6655637057,4,4,0.0,0,1,0,0,1,0,1,1,0,0,0,0
blk_6679175412,6,6,0.5,0,1,1,1,1,0,1,1,0,0,0,0
blk_6687921560,4,4,0.25,0,1,1,1,0,0,0,1,0,0,0,0
blk_6689469301,5,5,0.8,0,1,1,1,1,0,0,0,1,0,0,1
blk_6690559890,5,5,0.2,0,1,1,1,1,0,0,1,0,0,0,0
blk_6696877017,4,4,0.75,0,1,0,1,0,0,1,1,0,0,0,0
blk_6701400697,4,4,0.75,0,0,0,1,1,0,1,1,0,0,0,0
blk_6709498653,4,4,0.5,0,0,0,1,1,0,1,1,0,0,0,0
blk_6710995888,6,6,0.3333333333333333,0,1,1,1,1,0,1,1,0,0,0,0
blk_6716394632,6,6,0.3333333333333333,0,0,1,1,1,0,1,0,1,0,1,1
blk_6736410399,4,4,0.25,0,1,0,0,1,0,1,1,0,0,0,0
blk_6743729706,4,4,0.0,0,0,1,0,1,0,1,1,0,0,0,0
blk_6743971330,5,5,0.2,0,0,1,1,1,0,1,1,0,0,0,0
blk_6746498983,5,5,0.2,0,1,1,1,1,0,1,0,0,0,0,0
blk_6757048417,4,4,0.25,0,1,0,1,1,0,0,1,0,0,0,0
blk_6757087355,4,4,0.0,0,0,1,1,1,0,1,0,0,0,0,0
blk_6758452676,4,4,0.25,0,1,0,1,1,0,0,1,0,0,0,0
blk_6760937416,4,4,0.75,0,1,1,1,0,0,0,1,0,0,0,0
blk_6766053852,6,6,0.3333333333333333,0,1,1,1,1,0,1,1,0,0,0,0
blk_6766353281,5,5,0.2,0,1,1,1,1,0,1,0,0,0,0,0
blk_6766943264,6,6,0.3333333333333333,0,1,1,1,1,0,1,1,0,0,0,0
blk_6773122508,4,4,0.5,0,0,1,1,1,0,1,0,0,0,0,0
blk_6776412473,4,4,0.25,0,0,1,1,1,0,1,0,0,0,0,0
blk_6777357218,5,5,0.6,0,1,1,0,1,0,1,1,0,0,0,0
blk_6779869670,5,5,0.0,0,1,1,1,1,0,1,0,0,0,0,0
blk_6782214669,5,5,0.0,0,1,0,1,1,0,1,1,0,0,0,0
blk_6786300567,6,6,0.3333333333333333,0,1,1,1,1,0,1,1,0,0,0,0
blk_6792584304,5,5,0.4,0,1,0,1,1,0,1,1,0,0,0,0
blk_6811628094,4,4,0.5,0,1,1,0,0,0,1,1,0,0,0,0
blk_6815596249,5,5,0.0,0,0,1,1,1,0,1,1,0,0,0,0
blk_6816346072,6,6,0.5,0,1,1,1,1,0,1,1,0,0,0,0
blk_6820016767,4,4,0.0,0,0,0,1,1,0,1,1,0,0,0,0
blk_6824774287,4,4,0.5,0,0,1,1,1,0,1,0,0,0,0,0
blk_6827225489,4,4,0.5,0,1,0,1,1,0,1,0,0,0,0,0
blk_6845098254,6,6,0.16666666666666666,0,1,1,1,1,0,1,1,0,0,0,0
blk_6854332634,6,6,0.16666666666666666,0,1,1,1,1,0,1,1,0,0,0,0
blk_6860448562,6,6,0.16666666666666666,0,1,1,1,1,0,1,1,0,0,0,0
blk_6860757385,5,5,0.2,0,1,1,1,1,0,1,0,0,0,0,0
blk_6862547316,4,4,0.5,0,1,0,1,0,0,1,1,0,0,0,0
blk_6864618617,6,6,0.5,0,1,1,1,1,0,1,1,0,0,0,0
blk_6867233145,5,5,0.2,0,1,1,1,1,0,0,1,0,0,0,0
blk_6869392604,6,6,0.16666666666666666,0,1,1,1,1,0,1,1,0,0,0,0
blk_6872929946,6,6,0.16666666666666666,0,1,1,1,1,0,1,1,0,0,0,0
blk_6878268572,4,4,0.25,0,1,1,0,0,0,1,1,0,0,0,0
blk_6881957817,6,6,0.3333333333333333,0,1,1,1,1,0,1,1,0,0,0,0
blk_6888052186,4,4,0.5,0,1,1,1,0,0,1,0,0,0,0,0
blk_6888075515,5,5,0.2,0,1,0,1,1,0,1,1,0,0,0,0
blk_6888337780,4,4,0.5,0,1,1,0,0,0,1,1,0,0,0,0
blk_6888825694,4,4,0.0,0,0,0,1,1,0,1,1,0,0,0,0
blk_6890691532,5,5,0.2,0,1,1,1,1,0,0,1,0,0,0,0
blk_6895261461,5,5,0.8,0,0,1,1,1,0,1,1,0,0,0,0
blk_6896718168,6,6,0.3333333333333333,0,1,1,1,1,0,1,1,0,0,0,0
blk_6898037146,5,5,0.2,0,1,1,0,1,0,1,1,0,0,0,0
blk_6908017420,6,6,0.3333333333333333,0,1,1,1,1,0,1,1,0,0,0,0
blk_6918066988,6,6,0.5,0,1,1,1,1,0,1,1,0,0,0,0
blk_6923749696,4,4,0.0,0,1,0,1,1,0,0,1,0,0,0,0
blk_6934141817,6,6,0.0,0,1,1,1,1,0,1,1,0,0,0,0
blk_6937235282,5,5,0.6,0,1,1,1,0,0,0,1,1,0,0,1
blk_6942945140,6,6,0.3333333333333333,0,1,1,1,1,0,1,1,0,0,0,0
blk_6952627312,5,5,0.0,0,1,1,1,0,0,1,1,0,0,0,0
blk_6954208134,4,4,0.75,0,1,0,1,1,0,0,1,0,0,0,0
blk_6954854808,5,5,0.2,0,1,1,1,0,0,1,1,0,0,0,0
blk_6956313456,5,5,0.0,0,1,1,0,1,0,1,1,0,0,0,0
blk_6956489727,5,4,0.8,0,1,0,0,1,0,1,0,0,0,2,1
blk_6966772603,6,6,0.16666666666666666,0,1,1,1,1,0,1,1,0,0,0,0
blk_6977288423,6,6,0.16666666666666666,0,1,1,1,1,0,1,1,0,0,0,0
blk_6977772798,6,6,0.16666666666666666,0,1,1,1,1,0,1,1,0,0,0,0
blk_6978822050,4,4,0.0,0,0,1,1,0,0,1,1,0,0,0,0
blk_6993796960,5,5,0.2,0,1,0,1,1,0,1,1,0,0,0,0
blk_6994611808,5,5,0.2,0,1,0,1,1,0,1,1,0,0,0,0
blk_6998180019,6,6,0.16666666666666666,0,1,1,1,1,0,1,1,0,0,0,0
blk_6998481477,6,6,0.16666666666666666,0,1,1,1,1,0,1,1,0,0,0,0
blk_6999597119,4,4,0.0,0,1,0,0,1,0,1,1,0,0,0,0
blk_6999953415,5,5,0.0,0,0,1,1,1,0,1,1,0,0,0,0
blk_7001185496,4,4,0.25,0,1,0,1,1,0,0,1,0,0,0,0
blk_7009443898,4,4,0.0,0,1,1,1,0,0,0,1,0,0,0,0
blk_7014746381,5,5,0.8,0,0,0,0,1,0,1,1,1,0,1,1
blk_7015048455,4,4,0.25,0,1,1,0,0,0,1,1,0,0,0,0
blk_7027235006,4,4,0.0,0,1,1,1,1,0,0,0,0,0,0,0
blk_7027587373,5,5,0.4,0,1,1,0,1,0,1,1,0,0,0,0
blk_7037149418,6,6,0.16666666666666666,0,1,1,1,1,0,1,1,0,0,0,0
blk_7050555135,4,4,0.25,0,0,1,1,1,0,1,0,0,0,0,0
blk_7062715370,6,6,0.5,0,1,1,1,1,0,1,1,0,0,0,0
blk_7066252356,4,4,0.25,0,0,1,0,1,0,1,1,0,0,0,0
blk_7067343315,6,6,0.16666666666666666,0,1,1,1,1,0,1,1,0,0,0,0
blk_7068293098,5,5,0.0,0,1,1,1,1,0,0,1,0,0,0,0
blk_7072334392,6,6,0.6666666666666666,0,1,1,1,1,0,1,1,0,0,0,0
blk_7074590880,6,6,0.16666666666666666,0,1,1,1,1,0,1,1,0,0,0,0
blk_7082321366,4,4,0.0,0,1,1,0,0,0,1,1,0,0,0,0
blk_7094578731,5,5,0.0,0,0,1,1,1,0,1,1,0,0,0,0
blk_7095537616,4,4,0.0,0,1,1,1,1,0,0,0,0,0,0,0
blk_7096761190,6,6,0.0,0,1,1,1,1,0,1,1,0,0,0,0
blk_7099720897,4,4,0.0,0,0,1,0,1,0,1,1,0,0,0,0
blk_7104529265,4,4,0.5,0,0,1,1,1,0,0,1,0,0,0,0
blk_7106569211,4,4,0.5,0,0,0,1,1,0,1,1,0,0,0,0
blk_7114032014,5,5,0.0,0,1,1,1,0,0,1,1,0,0,0,0
blk_7118340804,5,5,0.6,0,1,1,0,1,0,1,1,0,0,0,0
blk_7131734496,6,6,0.16666666666666666,0,1,1,1,1,0,1,1,0,0,0,0
blk_7134478660,6,6,0.3333333333333333,0,1,1,1,1,0,1,1,0,0,0,0
blk_7135702250,5,5,0.0,0,0,1,1,1,0,1,1,0,0,0,0
blk_7149041847,6,6,0.16666666666666666,0,1,1,1,1,0,1,1,0,0,0,0
blk_7154151202,6,6,0.5,0,1,1,1,1,0,1,0,1,0,0,1
blk_7160602831,5,5,0.2,0,1,1,1,1,0,0,1,0,0,0,0
blk_7169948641,4,4,0.5,0,0,0,1,1,0,1,1,0,0,0,0
blk_7169969444,4,4,0.5,0,0,1,1,0,0,1,1,0,0,0,0
blk_7171318915,6,6,0.0,0,1,1,1,1,0,1,1,0,0,0,0
blk_7187241869,5,5,0.2,0,1,1,1,1,0,1,0,0,0,0,0
blk_7188465884,5,5,0.0,0,1,1,1,1,0,0,1,0,0,0,0
blk_7191506476,4,4,0.25,0,1,0,1,1,0,1,0,0,0,0,0
blk_7191794316,5,5,0.0,0,1,1,0,1,0,1,1,0,0,0,0
blk_7197548466,4,4,0.75,0,1,1,0,1,0,1,0,0,0,0,0
blk_7202554065,6,6,0.3333333333333333,0,1,1,1,1,0,1,1,0,0,0,0
blk_7209798283,6,6,0.16666666666666666,0,1,1,1,1,0,1,1,0,0,0,0
blk_7212407722,4,4,0.75,0,1,1,1,0,0,1,0,0,0,0,0
blk_7223782931,6,6,0.6666666666666666,0,1,1,1,1,0,1,1,0,0,0,0
blk_7225608563,4,4,0.25,0,0,1,1,0,0,1,1,0,0,0,0
blk_7226916890,6,6,0.16666666666666666,0,1,1,1,1,0,1,1,0,0,0,0
blk_7230676953,6,6,0.0,0,1,1,1,1,0,1,1,0,0,0,0
blk_7231162617,6,6,0.0,0,1,1,1,1,0,1,1,0,0,0,0
blk_7232189085,5,5,0.4,0,1,0,1,1,0,1,1,0,0,0,0
blk_7232625577,4,4,0.75,0,1,0,0,1,0,1,1,0,0,0,0
blk_7233665040,6,6,0.6666666666666666,0,1,1,1,1,0,1,1,0,0,0,0
blk_7233730815,6,6,0.5,0,1,1,1,1,0,1,1,0,0,0,0
blk_7234113967,5,5,0.2,0,0,1,1,1,0,1,1,0,0,0,0
blk_7234855389,5,5,0.2,0,1,0,1,1,0,1,1,0,0,0,0
blk_7242861150,5,5,0.0,0,1,1,1,0,0,1,1,0,0,0,0
blk_7246498745,6,6,0.0,0,1,1,1,1,0,1,1,0,0,0,0
blk_7250180309,4,4,0.25,0,1,1,0,1,0,0,1,0,0,0,0
blk_7252244126,5,5,0.4,0,1,1,1,0,0,1,1,0,0,0,0
blk_7253410836,5,5,0.2,0,1,1,1,1,0,0,1,0,0,0,0
blk_7256734253,6,6,0.0,0,1,1,1,1,0,1,1,0,0,0,0
blk_7264250509,6,6,0.8333333333333334,0,1,1,1,1,0,1,0,0,1,0,1
blk_7264632797,4,4,0.75,0,1,0,1,1,1,0,0,0,0,0,1
blk_7266753740,4,4,0.25,0,0,1,1,0,0,1,1,0,0,0,0
blk_7267865896,6,6,0.3333333333333333,0,1,1,1,1,0,1,1,0,0,0,0
blk_7284589362,5,5,0.2,0,1,1,1,1,0,0,1,0,0,0,0
blk_7304193882,6,6,0.3333333333333333,0,1,1,1,1,0,1,1,0,0,0,0
blk_7304902372,5,5,0.4,0,1,1,1,0,0,1,1,0,0,0,0
blk_7307466962,5,5,0.0,0,0,1,1,1,0,1,1,0,0,0,0
blk_7307602485,6,6,0.3333333333333333,0,1,1,1,1,0,1,1,0,0,0,0
blk_7309988774,4,4,0.5,0,0,1,1,1,0,0,1,0,0,0,0
blk_7316253796,6,6,0.5,0,1,1,1,1,0,1,1,0,0,0,0
blk_7318496255,4,4,0.75,0,1,0,0,1,0,0,1,0,1,0,1
blk_7325727124,5,5,0.2,0,1,1,1,1,0,0,1,0,0,0,0
blk_7329870686,5,5,0.6,0,1,1,0,1,0,1,1,0,0,0,0
blk_7336476329,5,5,0.2,0,1,0,1,1,0,1,1,0,0,0,0
blk_7338334572,4,4,0.5,0,0,1,1,1,0,0,1,0,0,0,0
blk_7338883458,6,6,0.8333333333333334,0,1,1,0,1,1,1,1,0,0,0,1
blk_7342751717,4,4,0.5,0,0,1,1,1,0,1,0,0,0,0,0
blk_7344041678,4,4,0.25,0,1,0,1,0,0,1,1,0,0,0,0
blk_7344591070,5,5,0.6,0,1,1,1,1,0,1,0,0,0,0,0
blk_7348294954,6,6,0.6666666666666666,0,1,1,1,1,0,1,1,0,0,0,0
blk_7352918242,6,6,0.6666666666666666,0,0,1,1,1,0,1,1,0,0,1,1
blk_7353790391,4,4,0.25,0,1,0,1,0,0,1,1,0,0,0,0
blk_7359693838,5,5,0.2,0,1,0,1,1,0,1,1,0,0,0,0
blk_7361515418,5,5,0.2,0,0,1,1,1,0,1,1,0,0,0,0
blk_7361699890,4,4,0.25,0,1,0,0,1,0,1,1,0,0,0,0
blk_7363955032,5,5,0.2,0,1,1,1,0,0,1,1,0,0,0,0
blk_7375288641,4,4,0.0,0,1,1,0,1,0,1,0,0,0,0,0
blk_7377418510,5,5,0.4,0,1,1,0,1,0,1,1,0,0,0,0
blk_7382686042,6,6,0.5,0,1,1,1,1,0,1,1,0,0,0,0
blk_7383085437,6,6,0.5,0,1,1,1,1,0,1,1,0,0,0,0
blk_7384078736,6,6,0.16666666666666666,0,1,1,1,1,0,1,1,0,0,0,0
blk_7393972879,4,4,0.5,0,0,1,1,1,0,0,1,0,0,0,0
blk_7395365529,6,6,0.3333333333333333,0,1,1,1,1,0,1,1,0,0,0,0
blk_7408391397,6,6,0.3333333333333333,0,1,1,1,1,0,1,1,0,0,0,0
blk_7427921048,6,6,0.5,0,1,1,1,1,0,1,1,0,0,0,0
blk_7428607283,6,6,0.0,0,1,1,1,1,0,1,1,0,0,0,0
blk_7431036441,6,6,0.5,0,1,1,1,1,0,1,1,0,0,0,0
blk_7441939772,4,4,0.25,0,1,0,1,1,0,1,0,0,0,0,0
blk_7442966005,6,6,0.16666666666666666,0,1,1,1,1,0,1,1,0,0,0,0
blk_7453318973,6,6,0.3333333333333333,0,1,1,1,1,0,1,1,0,0,0,0
blk_7459194619,4,4,0.25,0,1,1,0,1,0,1,0,0,0,0,0
blk_7469300060,6,6,0.16666666666666666,0,1,1,1,1,0,1,1,0,0,0,0
blk_7469556201,4,4,0.5,0,1,1,1,0,0,0,1,0,0,0,0
blk_7475096807,6,6,0.16666666666666666,0,1,1,1,1,0,1,1,0,0,0,0
blk_7478019187,5,5,0.0,0,1,1,1,1,0,0,1,0,0,0,0
blk_7495830797,4,4,0.0,0,0,0,1,1,0,1,1,0,0,0,0
blk_7500271133,4,4,0.0,0,0,1,0,1,0,1,1,0,0,0,0
blk_7528594808,4,4,0.25,0,0,1,1,1,0,1,0,0,0,0,0
blk_7537034052,6,6,0.16666666666666666,0,1,1,1,1,0,1,1,0,0,0,0
blk_7537783626,6,6,0.16666666666666666,0,1,1,1,1,0,1,1,0,0,0,0
blk_7537820294,4,4,0.5,0,1,1,1,0,0,0,1,0,0,0,0
blk_7544590679,6,6,0.16666666666666666,0,1,1,1,1,0,1,1,0,0,0,0
blk_7544671639,6,6,0.0,0,1,1,1,1,0,1,1,0,0,0,0
blk_7545016512,4,4,0.75,0,0,1,1,0,0,1,1,0,0,0,0
blk_7545352636,6,6,0.5,0,1,1,1,1,0,1,1,0,0,0,0
blk_7547985907,5,5,0.2,0,1,1,0,1,0,1,1,0,0,0,0
blk_7554108799,5,5,0.0,0,1,1,1,1,0,1,0,0,0,0,0
blk_7558806961,4,4,0.0,0,0,1,0,1,0,1,1,0,0,0,0
blk_7563818441,6,6,0.5,0,1,1,1,1,0,1,1,0,0,0,0
blk_7565030488,6,6,0.0,0,1,1,1,1,0,1,1,0,0,0,0
blk_7567417556,6,6,0.3333333333333333,0,1,1,1,1,0,1,1,0,0,0,0
blk_7577531408,4,4,0.5,0,1,0,1,1,0,1,0,0,0,0,0
blk_7580625885,4,4,0.25,0,1,1,0,0,0,1,1,0,0,0,0
blk_7581153651,6,6,0.0,0,1,1,1,1,0,1,1,0,0,0,0
blk_7590538874,7,7,0.8571428571428571,0,1,1,1,1,0,1,0,0,1,1,1
blk_7591798137,4,4,0.75,0,0,1,1,0,0,1,1,0,0,0,0
blk_7593145780,6,6,0.5,0,1,1,1,1,0,1,1,0,0,0,0
blk_7596215014,6,6,0.3333333333333333,0,1,1,1,1,0,1,1,0,0,0,0
blk_7597662218,4,4,0.25,0,1,1,1,0,0,1,0,0,0,0,0
blk_7602685078,6,6,0.3333333333333333,0,1,1,1,1,0,1,1,0,0,0,0
blk_7607223733,4,4,0.5,0,0,0,1,1,0,1,1,0,0,0,0
blk_7607743231,5,5,0.8,0,1,0,1,1,0,1,0,0,0,1,1
blk_7615887816,5,5,0.4,0,1,1,0,1,0,1,1,0,0,0,0
blk_7620189026,5,5,0.2,0,1,1,1,1,0,0,1,0,0,0,0
blk_7628256094,4,4,0.0,0,0,1,1,1,0,1,0,0,0,0,0
blk_7637817440,6,6,0.5,0,1,1,1,1,0,1,1,0,0,0,0
blk_7642065227,5,5,0.0,0,1,1,1,1,0,0,1,0,0,0,0
blk_7644747861,4,4,0.0,0,1,0,1,1,0,0,1,0,0,0,0
blk_7646589570,5,5,0.0,0,0,1,1,1,0,1,1,0,0,0,0
blk_7648379533,5,5,0.0,0,1,0,1,1,0,1,1,0,0,0,0
blk_7649162294,5,5,0.6,0,1,1,1,0,0,1,1,0,0,0,0
blk_7659450644,4,4,0.25,0,1,0,1,1,0,0,1,0,0,0,0
blk_7661821452,4,4,0.25,0,1,0,1,1,0,1,0,0,0,0,0
blk_7662772152,5,5,0.4,0,1,1,1,1,0,1,0,0,0,0,0
blk_7671000562,5,5,0.2,0,0,1,1,1,0,1,1,0,0,0,0
blk_7676607140,6,6,0.3333333333333333,0,1,1,1,1,0,1,1,0,0,0,0
blk_7678868572,4,4,0.25,0,1,0,1,0,0,1,1,0,0,0,0
blk_7679766325,6,6,0.5,0,1,1,1,1,0,1,1,0,0,0,0
blk_7680276774,5,5,0.6,0,1,1,0,0,1,1,1,0,0,0,1
blk_7682948093,6,6,0.16666666666666666,0,1,1,1,1,0,1,1,0,0,0,0
blk_7684469354,5,5,0.0,0,1,0,1,1,0,1,1,0,0,0,0
blk_7693547406,5,5,0.2,0,1,1,0,1,0,1,1,0,0,0,0
blk_7700182277,5,5,0.0,0,1,1,0,1,0,1,1,0,0,0,0
blk_7703326150,4,4,0.25,0,1,0,1,0,0,1,1,0,0,0,0
blk_7704751096,4,4,0.5,0,1,1,1,0,0,0,1,0,0,0,0
blk_7708343562,5,5,0.4,0,1,1,1,1,0,0,1,0,0,0,0
blk_7716645056,6,6,0.5,0,1,1,1,1,0,1,1,0,0,0,0
blk_7717084876,5,5,0.0,0,0,1,1,1,0,1,1,0,0,0,0
blk_7729119624,4,4,0.5,0,1,1,1,0,0,0,1,0,0,0,0
blk_7730442492,5,5,0.0,0,1,1,1,1,0,0,1,0,0,0,0
blk_7732358223,4,4,0.25,0,1,1,0,0,0,1,1,0,0,0,0
blk_7732785066,5,5,0.4,0,1,1,1,0,0,1,1,0,0,0,0
blk_7739171536,4,4,0.25,0,0,1,1,1,0,1,0,0,0,0,0
blk_7753635769,4,4,0.0,0,0,1,1,0,0,1,1,0,0,0,0
blk_7760021700,5,5,0.2,0,0,1,1,1,0,1,1,0,0,0,0
blk_7766814202,5,5,0.8,0,1,1,1,0,0,0,1,1,0,0,1
blk_7769792206,4,4,0.0,0,0,1,0,1,0,1,1,0,0,0,0
blk_7771503901,4,4,0.25,0,1,0,1,1,0,0,1,0,0,0,0
blk_7772667546,5,5,0.2,0,1,1,0,1,0,1,1,0,0,0,0
blk_7773178722,6,6,0.5,0,1,1,1,1,0,1,1,0,0,0,0
blk_7774848995,6,6,0.6666666666666666,1,1,1,1,1,0,1,0,0,0,0,1
blk_7778133080,6,6,0.3333333333333333,0,1,1,1,1,0,1,1,0,0,0,0
blk_7779891897,4,4,0.25,0,1,1,0,1,0,0,1,0,0,0,0
blk_7782761940,4,4,0.25,0,1,1,1,1,0,0,0,0,0,0,0
blk_7785990989,5,5,0.6,0,1,1,0,1,0,1,1,0,0,0,0
blk_7786411122,6,6,0.16666666666666666,0,1,1,1,1,0,1,1,0,0,0,0
blk_7799781543,5,5,0.4,0,1,0,1,1,0,1,1,0,0,0,0
blk_7819017365,4,4,0.25,0,1,1,0,1,0,1,0,0,0,0,0
blk_7822466845,7,7,0.7142857142857143,0,1,1,1,1,0,0,1,0,1,1,1
blk_7825019586,6,5,0.3333333333333333,0,1,1,1,0,0,0,1,0,0,2,1
blk_7835172935,6,6,0.5,0,1,1,1,1,0,1,1,0,0,0,0
blk_7846294580,5,5,0.2,0,1,1,1,1,0,0,1,0,0,0,0
blk_7857898188,4,4,0.25,0,1,1,1,0,0,0,1,0,0,0,0
blk_7858557993,5,5,0.4,0,1,1,1,1,0,1,0,0,0,0,0
blk_7862761161,5,5,0.2,0,1,1,1,1,0,0,1,0,0,0,0
blk_7864625527,4,4,0.25,0,1,0,1,1,0,0,1,0,0,0,0
blk_7881930317,6,6,0.0,0,1,1,1,1,0,1,1,0,0,0,0
blk_7887704089,5,5,0.2,0,1,1,1,1,0,1,0,0,0,0,0
blk_7892443351,4,4,0.0,0,1,1,0,1,0,1,0,0,0,0,0
blk_7898098936,5,5,0.4,0,1,1,1,1,0,1,0,0,0,0,0
blk_7904632905,4,4,0.0,0,0,1,0,1,0,1,1,0,0,0,0
blk_7904950561,4,4,0.0,0,1,1,0,1,0,0,1,0,0,0,0
blk_7906882849,4,4,0.0,0,1,1,1,0,0,1,0,0,0,0,0
blk_7917535892,6,6,0.3333333333333333,0,1,1,1,1,0,1,1,0,0,0,0
blk_7917996638,6,6,0.0,0,1,1,1,1,0,1,1,0,0,0,0
blk_7922700786,4,4,0.25,0,0,1,0,1,0,1,1,0,0,0,0
blk_7929130899,5,5,0.2,0,1,1,0,1,0,1,1,0,0,0,0
blk_7930694077,6,6,0.16666666666666666,0,1,1,1,1,0,1,1,0,0,0,0
blk_7933585764,5,5,0.0,0,1,1,1,0,0,1,1,0,0,0,0
blk_7936019250,4,4,0.25,0,0,1,0,1,0,1,1,0,0,0,0
blk_7937864998,5,5,0.2,0,1,0,1,1,0,1,1,0,0,0,0
blk_7938587271,6,6,0.3333333333333333,0,1,1,1,1,0,1,1,0,0,0,0
blk_7939106699,5,5,0.6,0,1,1,1,1,0,1,0,0,0,0,0
blk_7941061379,4,4,0.25,0,0,0,1,1,0,1,1,0,0,0,0
blk_7943828196,5,5,0.2,0,0,1,1,1,0,1,1,0,0,0,0
blk_7943838342,5,5,0.0,0,1,0,1,1,0,1,1,0,0,0,0
blk_7944915523,5,5,0.2,0,1,0,1,1,0,1,1,0,0,0,0
blk_7951242903,6,6,0.3333333333333333,0,1,1,1,1,0,1,1,0,0,0,0
blk_7962847729,6,6,0.3333333333333333,0,1,1,1,1,0,1,1,0,0,0,0
blk_7979280083,6,6,0.3333333333333333,0,1,1,1,1,0,1,1,0,0,0,0
blk_7983783059,6,6,0.3333333333333333,0,1,1,1,1,0,1,1,0,0,0,0
blk_7991997343,5,5,0.4,0,1,1,1,0,0,1,1,0,0,0,0
blk_7994631023,4,4,0.75,0,0,1,0,1,0,1,1,0,0,0,0
blk_8007446916,4,4,0.75,0,0,1,1,0,0,1,1,0,0,0,0
blk_8007913280,6,6,0.5,0,1,1,1,1,0,1,1,0,0,0,0
blk_8010553416,4,4,0.25,0,0,1,0,1,0,1,1,0,0,0,0
blk_8010873770,4,4,0.25,0,0,0,1,1,0,1,1,0,0,0,0
blk_8015529502,5,5,0.2,0,1,1,1,1,0,1,0,0,0,0,0
blk_8027295146,6,6,0.0,0,1,1,1,1,0,1,1,0,0,0,0
blk_8028509803,5,5,0.0,0,1,1,1,1,0,0,1,0,0,0,0
blk_8029418030,4,4,0.5,0,1,1,0,1,0,0,1,0,0,0,0
blk_8038935425,4,4,0.25,0,0,1,1,1,0,1,0,0,0,0,0
blk_8044325322,5,5,0.6,0,1,0,1,1,0,1,1,0,0,0,0
blk_8045062136,6,6,0.3333333333333333,0,1,1,1,1,0,1,1,0,0,0,0
blk_8061962755,5,5,0.2,0,1,0,1,1,0,1,1,0,0,0,0
blk_8063641030,4,4,0.25,0,1,0,1,1,0,1,0,0,0,0,0
blk_8066531048,6,6,0.5,0,1,1,1,1,0,1,1,0,0,0,0
blk_8086585727,6,6,0.5,0,1,1,1,1,0,1,1,0,0,0,0
blk_8098468978,4,4,0.25,0,0,1,0,1,0,1,1,0,0,0,0
blk_8098512625,6,6,0.5,0,1,1,1,1,0,1,1,0,0,0,0
blk_8104163412,6,6,0.3333333333333333,0,1,1,1,1,0,1,1,0,0,0,0
blk_8105590195,4,4,0.25,0,1,0,1,1,0,0,1,0,0,0,0
blk_8106742333,6,6,0.3333333333333333,0,1,1,1,1,0,1,1,0,0,0,0
blk_8107470321,6,6,0.3333333333333333,0,1,1,1,1,0,1,1,0,0,0,0
blk_8110313676,5,5,0.6,0,1,1,1,0,0,1,1,0,0,0,0
blk_8116855369,4,4,0.5,0,0,1,1,1,0,0,1,0,0,0,0
blk_8118074452,5,5,0.4,0,1,1,0,1,0,1,1,0,0,0,0
blk_8121885186,5,5,0.2,0,1,1,0,1,0,1,1,0,0,0,0
blk_8123068924,6,6,0.8333333333333334,0,1,0,1,1,1,0,1,1,0,0,1
blk_8124449026,6,6,0.3333333333333333,0,1,1,1,1,0,1,1,0,0,0,0
blk_8143386143,5,5,0.0,0,1,1,1,1,0,0,1,0,0,0,0
blk_8145569837,6,6,0.0,0,1,1,1,1,0,1,1,0,0,0,0
blk_8149954541,4,4,0.25,0,0,1,1,1,0,1,0,0,0,0,0
blk_8150648512,6,6,0.3333333333333333,0,1,0,1,1,0,0,1,1,1,0,1
blk_8170265359,4,4,0.0,0,1,1,1,0,0,1,0,0,0,0,0
blk_8172635375,4,4,0.5,0,0,1,0,1,0,1,1,0,0,0,0
blk_8173536416,5,5,0.2,0,0,1,1,1,0,1,1,0,0,0,0
blk_8179461587,5,5,0.2,0,0,1,1,1,0,1,1,0,0,0,0
blk_8180187197,6,6,0.3333333333333333,0,1,1,1,1,0,1,1,0,0,0,0
blk_8185969669,4,4,0.0,0,0,1,0,1,0,1,1,0,0,0,0
blk_8189665830,4,4,0.25,0,1,1,0,1,0,0,1,0,0,0,0
blk_8191864748,4,4,0.25,0,1,1,1,1,0,0,0,0,0,0,0
blk_8194845270,6,6,0.5,0,1,1,1,1,0,1,1,0,0,0,0
blk_8196526750,5,5,0.8,0,1,1,1,1,0,0,1,0,0,0,0
blk_8203116599,6,6,0.0,0,1,1,1,1,0,1,1,0,0,0,0
blk_8204119481,4,4,0.0,0,0,1,1,1,0,1,0,0,0,0,0
blk_8221393631,5,5,0.4,0,0,1,1,1,0,1,1,0,0,0,0
blk_8230394911,5,5,0.2,0,1,1,1,1,0,1,0,0,0,0,0
blk_8244405456,4,4,0.25,0,1,0,1,1,0,1,0,0,0,0,0
blk_8248357068,4,4,0.25,0,0,1,1,0,0,1,1,0,0,0,0
blk_8251412697,5,5,0.4,0,1,1,1,1,0,1,0,0,0,0,0
blk_8253140076,5,5,0.4,0,1,1,0,1,0,1,1,0,0,0,0
blk_8255687408,4,4,0.0,0,1,1,0,1,0,1,0,0,0,0,0
blk_8256964748,6,6,0.16666666666666666,0,1,1,1,1,0,1,1,0,0,0,0
blk_8259447553,6,6,0.16666666666666666,0,1,1,1,1,0,1,1,0,0,0,0
blk_8263700270,4,4,0.0,0,1,1,0,1,0,1,0,0,0,0,0
blk_8265345076,4,4,0.25,0,1,1,0,0,0,1,1,0,0,0,0
blk_8274162148,4,4,0.0,0,1,1,0,1,0,1,0,0,0,0,0
blk_8278199988,4,4,0.5,0,1,1,0,0,0,1,1,0,0,0,0
blk_8280295505,6,6,0.0,0,1,1,1,1,0,1,1,0,0,0,0
blk_8281566624,6,6,0.0,0,1,1,1,1,0,1,1,0,0,0,0
blk_8283058976,4,4,0.5,0,0,1,0,1,0,1,1,0,0,0,0
blk_8288393063,5,5,0.0,0,0,1,1,1,0,1,1,0,0,0,0
blk_8289847469,4,4,0.0,0,1,0,1,0,0,1,1,0,0,0,0
blk_8291054904,5,5,0.2,0,1,0,1,1,0,1,1,0,0,0,0
blk_8291417114,6,6,0.16666666666666666,0,1,1,1,1,0,1,1,0,0,0,0
blk_8299028944,4,4,0.0,0,1,0,1,1,0,1,0,0,0,0,0
blk_8305342108,6,6,0.3333333333333333,0,1,1,1,1,0,1,1,0,0,0,0
blk_8310544886,6,6,0.5,0,1,1,1,1,0,1,1,0,0,0,0
blk_8317433673,5,5,0.4,0,1,1,0,1,0,1,1,0,0,0,0
blk_8322398336,4,4,0.25,1,0,1,1,1,0,0,0,0,0,0,1
blk_8328359220,4,4,0.25,0,1,1,0,0,0,1,1,0,0,0,0
blk_8336107463,4,4,0.25,0,1,1,0,1,0,1,0,0,0,0,0
blk_8340200445,4,4,0.25,0,1,0,1,1,0,0,1,0,0,0,0
blk_8340955151,6,6,0.5,0,1,1,1,1,0,1,1,0,0,0,0
blk_8347299371,6,5,0.8333333333333334,0,0,1,0,1,0,1,1,0,0,2,1
blk_8353724119,5,5,0.2,0,1,1,1,1,0,0,1,0,0,0,0
blk_8356103861,4,4,0.25,0,0,1,0,1,0,1,1,0,0,0,0
blk_8359802471,4,4,0.0,0,0,1,1,1,0,1,0,0,0,0,0
blk_8361230479,6,6,0.16666666666666666,0,1,1,1,1,0,1,1,0,0,0,0
blk_8363536211,5,5,0.0,0,1,1,1,0,0,1,1,0,0,0,0
blk_8364716806,4,4,0.25,0,1,0,1,1,0,1,0,0,0,0,0
blk_8366750790,6,6,0.0,0,1,1,1,1,0,1,1,0,0,0,0
blk_8373688053,6,6,0.16666666666666666,0,1,1,1,1,0,1,1,0,0,0,0
blk_8379678023,6,6,0.16666666666666666,0,1,1,1,1,0,1,1,0,0,0,0
blk_8383211942,6,6,0.0,0,1,1,1,1,0,1,1,0,0,0,0
blk_8396015535,6,6,0.5,0,1,1,1,1,0,1,1,0,0,0,0
blk_8400652920,6,6,0.16666666666666666,0,1,1,1,1,0,1,1,0,0,0,0
blk_8401278215,4,4,0.0,0,0,0,1,1,0,1,1,0,0,0,0
blk_8403169483,4,4,0.0,0,1,1,0,0,0,1,1,0,0,0,0
blk_8403890329,5,5,0.6,0,1,1,1,1,0,1,0,0,0,0,0
blk_8418259220,5,5,0.2,0,1,1,1,1,0,0,1,0,0,0,0
blk_8421538096,4,4,0.25,0,0,1,1,0,0,1,1,0,0,0,0
blk_8425487634,4,4,0.25,0,1,0,1,0,0,1,1,0,0,0,0
blk_8431039764,6,6,0.5,1,0,1,1,0,1,1,1,0,0,0,1
blk_8433575407,6,6,0.5,0,1,1,1,1,0,1,1,0,0,0,0
blk_8435501504,5,5,0.2,0,1,1,1,0,0,1,1,0,0,0,0
blk_8440389784,4,4,0.25,0,0,1,0,1,0,1,1,0,0,0,0
blk_8441281101,4,4,0.0,0,0,1,1,1,0,1,0,0,0,0,0
blk_8454170434,5,5,0.4,0,1,1,0,1,0,1,1,0,0,0,0
blk_8458843669,4,4,0.25,0,1,1,1,1,0,0,0,0,0,0,0
blk_8459234758,6,6,0.0,0,1,1,1,1,0,1,1,0,0,0,0
blk_8461087038,5,5,0.4,0,1,1,1,1,0,1,0,0,0,0,0
blk_8462636732,4,4,0.25,0,1,1,1,0,0,1,0,0,0,0,0
blk_8463734847,5,5,0.2,0,1,0,1,1,0,1,1,0,0,0,0
blk_8470816326,6,6,0.16666666666666666,0,1,1,1,1,0,1,1,0,0,0,0
blk_8471780442,6,6,0.3333333333333333,0,1,1,1,1,0,1,1,0,0,0,0
blk_8472158584,6,6,0.16666666666666666,0,1,1,1,1,0,1,1,0,0,0,0
blk_8473468083,4,4,0.25,0,1,0,1,0,0,1,1,0,0,0,0
blk_8474159130,6,6,0.0,0,1,1,1,1,0,1,1,0,0,0,0
blk_8474553851,6,6,0.16666666666666666,0,1,1,1,1,0,1,1,0,0,0,0
blk_8476697517,4,4,0.25,0,1,1,0,1,0,0,1,0,0,0,0
blk_8506087911,6,6,0.0,0,1,1,1,1,0,1,1,0,0,0,0
blk_8507607355,6,6,0.3333333333333333,0,1,1,1,1,0,1,1,0,0,0,0
blk_8513518801,4,4,0.5,0,1,1,0,1,0,1,0,0,0,0,0
blk_8514995752,6,6,0.3333333333333333,0,1,1,1,1,0,1,1,0,0,0,0
blk_8515416104,6,6,0.5,0,1,1,1,1,0,1,1,0,0,0,0
blk_8520376875,6,6,0.16666666666666666,0,1,1,1,1,0,1,1,0,0,0,0
blk_8524202272,4,4,0.5,0,0,1,1,1,0,0,1,0,0,0,0
blk_8530978048,4,4,0.0,0,1,1,0,1,0,1,0,0,0,0,0
blk_8540863251,5,5,0.2,0,0,1,1,1,0,1,1,0,0,0,0
blk_8541103079,6,6,0.6666666666666666,1,1,1,1,0,0,1,0,0,0,1,1
blk_8544603008,5,5,0.2,0,0,1,1,1,0,1,1,0,0,0,0
blk_8549323791,6,6,0.6666666666666666,0,1,1,1,1,0,1,1,0,0,0,0
blk_8564253436,5,5,0.2,0,1,1,1,1,0,1,0,0,0,0,0
blk_8570209114,5,5,0.2,0,0,1,1,1,0,1,1,0,0,0,0
blk_8580256657,6,6,0.16666666666666666,0,1,1,1,1,0,1,1,0,0,0,0
blk_8584748464,6,6,0.3333333333333333,0,1,1,1,1,0,1,1,0,0,0,0
blk_8588385250,4,4,0.25,0,1,1,0,1,0,0,1,0,0,0,0
blk_8592411324,5,5,0.0,0,1,1,1,1,0,1,0,0,0,0,0
blk_8616878156,6,6,0.3333333333333333,0,1,1,1,1,0,1,1,0,0,0,0
blk_8619805399,4,4,0.75,0,0,1,0,1,0,1,1,0,0,0,0
blk_8624907162,5,5,0.4,0,1,1,0,1,0,1,1,0,0,0,0
blk_8629446860,6,6,0.16666666666666666,0,1,1,1,1,0,1,1,0,0,0,0
blk_8633574392,5,5,0.2,0,1,1,1,1,0,1,0,0,0,0,0
blk_8635479689,5,5,0.6,0,1,1,1,1,0,1,0,0,0,0,0
blk_8641079741,4,4,0.75,0,1,0,1,1,0,1,0,0,0,0,0
blk_8641293184,4,4,0.5,0,0,1,1,0,0,1,1,0,0,0,0
blk_8644987537,5,5,0.4,0,1,1,1,1,0,0,1,0,0,0,0
blk_8645292600,4,4,0.25,0,0,0,1,1,0,1,1,0,0,0,0
blk_8651531944,6,6,0.16666666666666666,0,1,1,1,1,0,1,1,0,0,0,0
blk_8656877484,4,4,0.25,0,1,0,0,1,0,1,1,0,0,0,0
blk_8662061232,6,6,0.6666666666666666,0,1,1,1,1,1,0,1,0,0,0,1
blk_8666549456,6,6,0.16666666666666666,0,1,1,1,1,0,1,1,0,0,0,0
blk_8670842969,6,6,0.3333333333333333,0,1,1,1,1,0,1,1,0,0,0,0
blk_8673399883,5,5,0.0,0,1,1,1,0,0,1,1,0,0,0,0
blk_8679494328,4,4,0.25,0,0,1,1,1,0,1,0,0,0,0,0
blk_8687297583,6,6,0.16666666666666666,0,1,1,1,1,0,1,1,0,0,0,0
blk_8689933510,4,4,0.25,0,0,1,1,0,0,1,1,0,0,0,0
blk_8697117609,4,4,0.25,0,0,0,1,1,0,1,1,0,0,0,0
blk_8700453374,5,5,0.2,0,1,1,1,1,0,1,0,0,0,0,0
blk_8703343623,5,5,0.0,0,1,1,1,1,0,0,1,0,0,0,0
blk_8706741358,6,6,0.0,0,1,1,1,1,0,1,1,0,0,0,0
blk_8707808047,6,6,0.16666666666666666,0,1,1,1,1,0,1,1,0,0,0,0
blk_8710200627,6,6,0.16666666666666666,0,1,1,1,1,0,1,1,0,0,0,0
blk_8719216965,5,5,0.4,0,1,1,1,1,0,0,1,0,0,0,0
blk_8722927996,4,4,0.0,0,0,1,1,0,0,1,1,0,0,0,0
blk_8730349610,5,5,0.4,0,1,1,1,1,0,0,0,0,1,0,1
blk_8736754465,5,5,0.2,0,1,1,1,1,0,0,1,0,0,0,0
blk_8739084149,6,6,0.16666666666666666,0,1,1,1,1,0,1,1,0,0,0,0
blk_8743637557,5,5,0.4,0,0,1,1,1,0,1,1,0,0,0,0
blk_8746109437,5,5,0.8,0,1,0,1,0,0,1,1,0,0,1,1
blk_8747475845,4,4,0.25,0,0,1,0,1,0,1,1,0,0,0,0
blk_8753760078,6,6,0.0,0,1,1,1,1,0,1,1,0,0,0,0
blk_8763509773,6,6,0.3333333333333333,0,1,1,1,1,0,1,1,0,0,0,0
blk_8764557052,5,5,0.6,0,1,1,0,1,0,1,1,0,0,0,0
blk_8765663340,4,4,0.25,0,0,1,1,1,0,1,0,0,0,0,0
blk_8787766462,5,5,0.0,0,1,1,1,1,0,0,1,0,0,0,0
blk_8788583904,6,6,0.3333333333333333,0,1,1,1,1,0,1,1,0,0,0,0
blk_8793492861,4,4,0.5,0,0,1,1,0,0,1,1,0,0,0,0
blk_8794409596,4,4,0.0,0,1,0,1,1,0,0,1,0,0,0,0
blk_8796725716,6,6,0.3333333333333333,1,1,1,1,0,0,1,1,0,0,0,1
blk_8797513996,4,4,0.0,0,0,1,1,0,0,1,1,0,0,0,0
blk_8800753453,6,6,0.16666666666666666,0,1,1,1,1,0,1,1,0,0,0,0
blk_8818266832,6,6,0.16666666666666666,0,1,1,1,1,0,1,1,0,0,0,0
blk_8824978115,6,6,0.0,0,1,1,1,1,0,1,1,0,0,0,0
blk_8836031420,6,6,0.3333333333333333,0,1,1,1,1,0,1,1,0,0,0,0
blk_8842801115,4,4,0.25,0,1,0,1,1,0,1,0,0,0,0,0
blk_8846654325,5,5,0.6,0,1,1,1,1,0,0,1,0,0,0,0
blk_8857972103,4,4,0.5,0,0,1,1,0,0,1,1,0,0,0,0
blk_8858321376,5,5,0.2,0,0,1,1,1,0,1,1,0,0,0,0
blk_8860598031,6,6,0.5,0,1,1,1,1,0,1,1,0,0,0,0
blk_8864107301,8,8,0.75,1,1,1,1,1,1,1,1,0,0,0,1
blk_8871267456,6,6,0.0,0,1,1,1,1,0,1,1,0,0,0,0
blk_8876564415,6,6,0.16666666666666666,0,1,1,1,1,0,1,1,0,0,0,0
blk_8877647535,4,4,0.5,0,1,0,1,1,0,0,1,0,0,0,0
blk_8878472594,4,4,0.0,0,1,1,0,0,0,1,1,0,0,0,0
blk_8878522019,6,6,0.3333333333333333,0,1,1,1,1,0,1,1,0,0,0,0
blk_8884335828,5,5,0.2,0,1,1,1,1,0,1,0,0,0,0,0
blk_8887811508,6,6,0.3333333333333333,0,1,1,1,1,0,1,1,0,0,0,0
blk_8892707645,5,5,0.2,0,1,1,1,1,0,1,0,0,0,0,0
blk_8895829305,5,5,0.4,0,1,1,1,0,0,1,1,0,0,0,0
blk_8904464255,6,6,0.5,0,1,1,1,1,0,1,1,0,0,0,0
blk_8905952282,5,5,0.4,0,1,1,1,1,0,1,0,0,0,0,0
blk_8906175052,4,4,0.25,0,1,0,1,1,0,0,1,0,0,0,0
blk_8908408097,4,4,0.25,0,0,1,1,1,0,1,0,0,0,0,0
blk_8912396299,6,6,0.16666666666666666,0,1,1,1,1,0,1,1,0,0,0,0
blk_8918505218,5,5,0.0,0,1,1,1,1,0,1,0,0,0,0,0
blk_8920615318,4,4,0.0,0,1,1,1,0,0,0,1,0,0,0,0
blk_8928901382,6,6,0.16666666666666666,0,1,1,1,1,0,1,1,0,0,0,0
blk_8931684820,5,5,1.0,0,1,0,1,0,0,1,1,1,0,0,1
blk_8947296488,4,4,0.25,0,0,0,1,1,0,1,1,0,0,0,0
blk_8954579590,5,5,0.4,0,1,1,1,1,0,0,1,0,0,0,0
blk_8954607808,6,6,0.6666666666666666,1,1,0,1,0,0,1,1,0,0,1,1
blk_8956299075,4,4,0.0,0,1,0,1,0,0,1,1,0,0,0,0
blk_8958892388,5,5,0.2,0,0,1,1,1,0,1,1,0,0,0,0
blk_8965249116,4,4,0.75,0,1,1,0,0,0,1,1,0,0,0,0
blk_8967662503,5,5,0.0,0,0,1,1,1,0,1,1,0,0,0,0
blk_8970402506,5,5,0.2,0,1,1,1,1,0,1,0,0,0,0,0
blk_8972338624,5,5,0.2,0,0,1,1,1,0,1,1,0,0,0,0
blk_8992785593,5,5,0.4,0,1,1,0,1,0,1,1,0,0,0,0
blk_8996946840,5,5,0.2,0,1,1,0,1,0,1,1,0,0,0,0
blk_9012699490,5,5,0.4,0,1,0,1,1,0,1,1,0,0,0,0
blk_9014495166,5,5,0.4,0,1,1,1,1,0,0,1,0,0,0,0
blk_9024180824,5,5,0.0,0,1,1,1,1,0,0,1,0,0,0,0
blk_9027651537,5,5,0.6,0,1,1,1,1,0,1,0,0,0,0,0
blk_9030982756,5,5,0.4,0,0,1,1,1,0,1,1,0,0,0,0
blk_9032206739,5,5,0.2,0,1,1,1,1,0,0,1,0,0,0,0
blk_9037581908,5,5,0.4,0,1,0,1,1,0,1,1,0,0,0,0
blk_9048379370,5,5,0.8,0,1,1,1,0,0,1,1,0,0,0,0
blk_9063073460,6,6,0.16666666666666666,0,1,1,1,1,0,1,1,0,0,0,0
blk_9067155319,4,4,0.5,0,1,0,0,1,1,1,0,0,0,0,1
blk_9073303711,6,6,0.0,0,1,1,1,1,0,1,1,0,0,0,0
blk_9073312758,5,5,0.6,0,0,1,1,1,0,1,1,0,0,0,0
blk_9077139759,6,6,0.0,0,1,1,1,1,0,1,1,0,0,0,0
blk_9086434566,5,5,0.2,0,1,1,1,1,0,1,0,0,0,0,0
blk_9086804276,5,5,0.2,0,1,1,1,1,0,0,1,0,0,0,0
blk_9107278486,5,5,0.4,0,1,1,1,1,0,1,0,0,0,0,0
blk_9108449299,6,6,0.3333333333333333,0,1,1,1,1,0,1,1,0,0,0,0
blk_9118318515,6,6,0.3333333333333333,0,1,1,1,1,0,1,1,0,0,0,0
blk_9122550659,6,6,0.3333333333333333,0,1,1,1,1,0,1,1,0,0,0,0
blk_9124910167,5,5,0.2,0,1,1,1,1,0,0,1,0,0,0,0
blk_9133567893,5,5,0.8,0,1,1,1,0,0,0,1,0,0,1,1
blk_9134387289,5,5,0.0,0,1,1,1,1,0,0,1,0,0,0,0
blk_9136860967,5,5,0.4,0,0,1,1,1,0,1,1,0,0,0,0
blk_9139471943,4,4,0.5,0,1,1,0,0,0,1,1,0,0,0,0
blk_9142552300,6,6,0.0,0,1,1,1,1,0,1,1,0,0,0,0
blk_9145706757,4,4,0.25,0,1,0,1,1,0,0,1,0,0,0,0
blk_9150423644,6,6,0.3333333333333333,0,1,1,1,1,0,1,1,0,0,0,0
blk_9151951339,6,6,0.16666666666666666,0,1,1,1,1,0,1,1,0,0,0,0
blk_9157589211,6,6,0.16666666666666666,0,1,1,1,1,0,1,1,0,0,0,0
blk_9162082485,4,4,0.5,0,1,0,1,1,0,1,0,0,0,0,0
blk_9164887264,7,7,0.2857142857142857,0,1,1,1,1,0,1,1,0,1,0,1
blk_9165750566,4,4,0.5,0,1,1,1,1,0,0,0,0,0,0,0
blk_9172960726,5,5,0.6,0,1,1,1,1,0,1,0,0,0,0,0
blk_9175626770,6,6,0.0,0,1,1,1,1,0,1,1,0,0,0,0
blk_9180374445,4,4,0.0,0,0,1,1,1,0,0,1,0,0,0,0
blk_9180567854,4,4,0.0,0,1,1,0,1,0,0,1,0,0,0,0
blk_9183116806,5,5,0.2,0,1,0,1,1,0,1,1,0,0,0,0
blk_9185480786,6,6,0.3333333333333333,0,1,1,1,1,0,1,1,0,0,0,0
blk_9186588309,5,5,0.4,0,1,0,1,1,0,1,1,0,0,0,0
blk_9191102364,5,5,0.2,0,1,1,1,1,0,1,0,0,0,0,0
blk_9200934936,4,4,0.25,0,0,1,1,1,0,1,0,0,0,0,0
blk_9202570492,6,6,0.3333333333333333,0,1,1,1,1,0,1,1,0,0,0,0
blk_9209502951,5,5,0.4,0,1,0,1,1,0,1,1,0,0,0,0
blk_9215668387,4,4,0.25,0,0,1,1,1,0,0,1,0,0,0,0
blk_9215735180,6,6,0.0,0,1,1,1,1,0,1,1,0,0,0,0
blk_9216681093,4,4,0.75,0,1,0,1,1,0,0,1,0,0,0,0
blk_9217120217,4,4,0.0,0,1,1,0,1,0,1,0,0,0,0,0
blk_9218746423,6,6,0.8333333333333334,1,0,1,1,1,0,1,1,0,0,0,1
blk_9221325533,6,6,0.3333333333333333,0,1,1,1,1,0,1,1,0,0,0,0
blk_9225220030,5,5,0.4,0,0,1,1,1,0,1,1,0,0,0,0
blk_9227728595,6,6,0.16666666666666666,0,1,1,1,1,0,1,1,0,0,0,0
blk_9231395627,6,6,0.3333333333333333,0,1,1,1,1,0,1,1,0,0,0,0
blk_9234153855,5,5,0.2,0,1,0,1,1,0,1,1,0,0,0,0
blk_9241967630,5,5,0.4,0,1,1,1,1,0,1,0,0,0,0,0
blk_9245949435,5,5,0.2,0,1,1,0,1,0,1,1,0,0,0,0
blk_9251623393,5,5,0.2,0,1,1,0,1,0,1,1,0,0,0,0
blk_9261925139,4,4,0.5,0,0,1,1,1,0,1,0,0,0,0,0
blk_9262754694,6,6,0.5,0,1,1,1,1,0,1,1,0,0,0,0
blk_9278275563,4,4,0.0,0,0,1,1,1,0,1,0,0,0,0,0
blk_9281274041,4,4,0.25,0,1,1,1,0,0,1,0,0,0,0,0
blk_9286405463,5,5,0.6,0,1,1,1,1,0,1,0,0,0,0,0
blk_9287509560,4,4,0.25,0,1,1,0,1,0,1,0,0,0,0,0
blk_9289118808,5,5,0.6,0,1,1,1,1,0,0,0,1,0,0,1
blk_9298286600,5,5,1.0,0,1,1,0,0,0,1,1,0,1,0,1
blk_9299841902,6,6,0.3333333333333333,0,1,1,1,1,0,1,1,0,0,0,0
blk_9300098670,6,6,0.5,0,1,1,1,1,1,1,0,0,0,0,1
blk_9314642249,6,6,0.16666666666666666,0,1,1,1,1,0,1,1,0,0,0,0
blk_9316972545,5,5,0.0,0,1,0,1,1,0,1,1,0,0,0,0
blk_9319536968,5,5,0.6,0,1,0,1,1,0,1,1,0,0,0,0
blk_9321578410,5,5,0.4,0,1,1,1,0,0,1,1,0,0,0,0
blk_9325714589,6,6,0.6666666666666666,0,1,1,1,1,0,0,1,1,0,0,1
blk_9341355345,6,6,0.5,0,1,1,1,1,0,1,1,0,0,0,0
blk_9348588335,6,6,0.5,0,1,1,1,1,1,1,0,0,0,0,1
blk_9350268334,6,6,0.0,0,1,1,1,1,0,1,1,0,0,0,0
blk_9352681988,6,6,0.3333333333333333,0,1,1,1,1,0,1,1,0,0,0,0
blk_9360877108,5,5,0.4,0,1,1,0,1,0,1,1,0,0,0,0
blk_9364690590,5,5,0.6,0,1,1,0,1,0,1,1,0,0,0,0
blk_9376649039,5,5,0.2,0,1,1,1,1,0,0,1,0,0,0,0
blk_9379933246,5,5,0.0,0,1,1,1,1,0,1,0,0,0,0,0
blk_9384154557,7,7,0.7142857142857143,1,0,1,1,1,0,1,1,1,0,0,1
blk_9395906231,4,4,0.0,0,1,1,0,1,0,1,0,0,0,0,0
blk_9401668907,5,5,0.0,0,1,0,1,1,0,1,1,0,0,0,0
blk_9411717842,6,6,0.16666666666666666,0,1,1,1,1,0,1,1,0,0,0,0
blk_9419369690,6,6,0.0,0,1,1,1,1,0,1,1,0,0,0,0
blk_9430514863,5,5,0.4,0,1,1,1,1,0,1,0,0,0,0,0
blk_9431906010,5,5,0.4,0,1,1,1,1,0,0,1,0,0,0,0
blk_9440665867,6,6,0.16666666666666666,0,1,1,1,1,0,1,1,0,0,0,0
blk_9441674203,5,5,0.0,0,1,1,0,1,0,1,1,0,0,0,0
blk_9447155480,4,4,0.25,0,1,1,1,0,0,0,1,0,0,0,0
blk_9452729900,6,6,0.3333333333333333,0,1,1,1,1,0,1,1,0,0,0,0
blk_9453441702,6,6,0.3333333333333333,0,1,1,1,1,0,1,1,0,0,0,0
blk_9461502578,6,6,0.16666666666666666,0,1,1,1,1,0,1,1,0,0,0,0
blk_9473027643,6,6,0.0,0,1,1,1,1,0,1,1,0,0,0,0
blk_9478614339,4,4,0.0,0,0,0,1,1,0,1,1,0,0,0,0
blk_9479068486,5,5,0.0,0,0,1,1,1,0,1,1,0,0,0,0
blk_9487681866,6,6,0.16666666666666666,0,1,1,1,1,0,1,1,0,0,0,0
blk_9487800250,6,6,0.16666666666666666,0,1,1,1,1,0,1,1,0,0,0,0
blk_9489049023,6,6,0.5,0,1,1,1,1,0,1,1,0,0,0,0
blk_9489579683,4,4,0.5,0,0,0,1,1,0,1,1,0,0,0,0
blk_9489890412,4,4,0.25,0,1,1,1,0,0,0,1,0,0,0,0
blk_9491210062,6,6,0.3333333333333333,0,1,1,1,1,0,1,1,0,0,0,0
blk_9493302436,4,4,0.0,0,0,0,1,1,0,1,1,0,0,0,0
blk_9495267495,6,6,0.3333333333333333,0,1,1,1,1,0,1,1,0,0,0,0
blk_9496492717,5,5,0.4,0,1,1,1,0,0,1,1,0,0,0,0
blk_9508247373,5,5,0.2,0,1,1,0,1,0,1,1,0,0,0,0
blk_9510483564,5,5,0.0,0,0,1,1,1,0,1,1,0,0,0,0
blk_9517881759,4,4,0.25,0,1,0,0,1,0,1,1,0,0,0,0
blk_9519945845,4,4,0.25,0,1,0,1,1,0,0,1,0,0,0,0
blk_9520744298,6,6,0.3333333333333333,0,1,1,1,1,0,1,1,0,0,0,0
blk_9524900846,6,6,0.5,0,1,1,1,1,0,1,1,0,0,0,0
blk_9536965907,5,5,0.2,0,1,0,1,1,0,1,1,0,0,0,0
blk_9538274214,5,5,0.2,0,1,0,1,1,0,1,1,0,0,0,0
blk_9538297820,5,5,0.0,0,1,0,1,1,0,1,1,0,0,0,0
blk_9538753880,4,4,0.5,0,1,1,0,0,0,1,1,0,0,0,0
blk_9541954292,6,6,0.3333333333333333,0,1,1,1,1,0,1,1,0,0,0,0
blk_9549207697,5,5,0.4,0,1,0,1,1,0,1,1,0,0,0,0
blk_9553976979,6,6,0.3333333333333333,0,1,1,1,1,0,1,1,0,0,0,0
blk_9555138787,4,4,0.5,0,0,1,1,1,0,1,0,0,0,0,0
blk_9556829464,4,4,0.0,0,0,1,0,1,0,1,1,0,0,0,0
blk_9565829364,6,6,0.16666666666666666,0,1,1,1,1,0,1,1,0,0,0,0
blk_9566932920,6,6,0.5,0,1,1,1,1,0,1,1,0,0,0,0
blk_9570331507,4,4,0.5,0,0,1,0,1,0,1,1,0,0,0,0
blk_9571550455,6,6,0.5,0,1,1,1,1,0,1,1,0,0,0,0
blk_9588998317,5,5,0.2,0,1,1,1,0,0,1,1,0,0,0,0
blk_9592902952,6,6,0.6666666666666666,0,1,1,0,1,0,1,1,0,1,0,1
blk_9602764031,6,6,0.0,0,1,1,1,1,0,1,1,0,0,0,0
blk_9615665563,5,5,0.2,0,1,1,1,1,0,1,0,0,0,0,0
blk_9618343108,5,5,0.0,0,1,1,1,0,0,1,1,0,0,0,0
blk_9635552634,6,6,0.5,0,1,1,1,1,0,1,1,0,0,0,0
blk_9647807749,4,4,0.5,0,1,1,1,0,0,1,0,0,0,0,0
blk_9652703787,6,6,0.0,0,1,1,1,1,0,1,1,0,0,0,0
blk_9656603961,6,6,0.0,0,1,1,1,1,0,1,1,0,0,0,0
blk_9660451363,5,5,0.4,0,0,1,1,1,0,1,1,0,0,0,0
blk_9664803053,5,5,0.4,0,0,1,1,1,0,1,1,0,0,0,0
blk_9668361550,5,5,0.6,0,1,1,0,1,1,0,1,0,0,0,1
blk_9672328585,4,4,0.75,0,1,0,0,1,0,1,1,0,0,0,0
blk_9674497232,6,6,0.5,0,1,1,1,1,0,1,1,0,0,0,0
blk_9674772308,6,6,0.3333333333333333,0,1,1,1,1,0,1,1,0,0,0,0
blk_9681698062,6,6,0.6666666666666666,0,1,1,1,1,0,1,1,0,0,0,0
blk_9681951894,5,5,0.2,0,1,1,1,1,0,0,1,0,0,0,0
blk_9683577794,4,4,0.5,0,1,0,0,1,0,1,1,0,0,0,0
blk_9683797191,5,5,0.6,0,1,1,1,0,0,1,1,0,0,0,0
blk_9686623458,4,4,0.75,0,0,0,1,1,0,1,1,0,0,0,0
blk_9692486083,5,5,0.4,0,1,1,1,0,0,1,1,0,0,0,0
blk_9695427697,6,6,0.3333333333333333,0,1,1,1,1,0,1,1,0,0,0,0
blk_9697598167,6,6,0.0,0,1,1,1,1,0,1,1,0,0,0,0
blk_9699459247,4,4,0.75,0,0,0,1,0,0,1,1,0,0,1,1
blk_9712224535,5,5,0.8,0,1,1,1,0,0,1,1,0,0,0,0
blk_9713359206,4,4,0.25,0,1,1,1,0,0,0,1,0,0,0,0
blk_9720978424,4,4,0.0,0,1,1,0,1,0,1,0,0,0,0,0
blk_9723576863,4,4,0.25,0,1,0,1,0,0,1,1,0,0,0,0
blk_9724949650,6,6,0.16666666666666666,0,1,1,1,1,0,1,1,0,0,0,0
blk_9731926476,4,4,0.25,0,1,1,0,1,0,0,1,0,0,0,0
blk_9739815411,4,4,0.0,0,0,1,0,1,0,1,1,0,0,0,0
blk_9745460228,6,6,0.16666666666666666,0,1,1,1,1,0,1,1,0,0,0,0
blk_9745784492,4,4,0.5,0,1,0,1,0,0,1,1,0,0,0,0
blk_9751945969,6,6,0.3333333333333333,0,1,1,1,1,0,1,1,0,0,0,0
blk_9753409313,6,6,0.16666666666666666,0,1,1,1,1,0,1,1,0,0,0,0
blk_9766652703,6,6,0.16666666666666666,0,1,1,1,1,0,1,1,0,0,0,0
blk_9770110976,5,5,0.4,0,1,1,0,1,0,1,1,0,0,0,0
blk_9775719056,6,6,0.3333333333333333,0,1,1,1,1,0,1,1,0,0,0,0
blk_9776296413,6,6,0.0,0,1,1,1,1,0,1,1,0,0,0,0
blk_9778170704,5,5,0.0,0,1,1,1,1,0,0,1,0,0,0,0
blk_9779230489,6,6,0.16666666666666666,0,1,1,1,1,0,1,1,0,0,0,0
blk_9781837562,6,6,0.16666666666666666,0,1,1,1,1,0,1,1,0,0,0,0
blk_9786902909,5,5,0.4,0,1,1,1,1,0,1,0,0,0,0,0
blk_9798209884,6,6,0.3333333333333333,0,1,1,1,1,0,1,1,0,0,0,0
blk_9802921955,5,5,0.2,0,1,1,0,1,0,1,1,0,0,0,0
blk_9806808156,4,4,0.0,0,1,1,1,0,0,0,1,0,0,0,0
blk_9810864950,4,4,0.25,0,1,1,1,0,0,1,0,0,0,0,0
blk_9817367620,5,5,0.6,0,1,0,1,1,0,1,1,0,0,0,0
blk_9818957270,4,4,0.0,0,1,1,1,0,0,1,0,0,0,0,0
blk_9822734242,6,6,0.3333333333333333,0,1,1,1,1,0,1,1,0,0,0,0
blk_9827716826,4,4,0.0,0,0,1,1,1,0,1,0,0,0,0,0
blk_9828170181,4,4,0.25,0,1,0,1,0,0,1,1,0,0,0,0
blk_9850487552,5,5,0.2,0,1,0,1,1,0,1,1,0,0,0,0
blk_9852307963,4,4,0.5,0,1,0,1,0,0,1,1,0,0,0,0
blk_9853437501,5,5,0.2,0,1,1,0,1,0,1,1,0,0,0,0
blk_9861849004,4,4,0.25,0,1,0,1,1,0,1,0,0,0,0,0
blk_9880642389,4,4,0.25,0,1,1,0,1,0,1,0,0,0,0,0
blk_9886074828,7,7,1.0,0,1,1,1,1,0,1,1,0,0,1,1
blk_9890976092,4,4,0.25,0,0,1,1,1,0,0,1,0,0,0,0
blk_9895894528,6,6,0.0,0,1,1,1,1,0,1,1,0,0,0,0
blk_9902149413,6,6,0.3333333333333333,0,1,1,1,1,0,1,1,0,0,0,0
blk_9905912045,6,6,0.5,0,1,1,1,1,0,1,1,0,0,0,1
blk_9913591237,5,5,0.0,0,1,1,1,0,0,1,1,0,0,0,0
blk_9925794596,6,6,0.16666666666666666,0,1,1,1,1,0,1,1,0,0,0,0
blk_9929029487,4,4,0.0,0,1,0,1,1,0,0,1,0,0,0,0
blk_9930870234,4,4,0.25,0,0,0,1,1,0,1,1,0,0,0,0
blk_9938736041,6,6,0.16666666666666666,0,1,1,1,1,0,1,1,0,0,0,0
blk_9941723298,4,4,0.0,0,0,1,1,0,0,1,1,0,0,0,0
blk_9942412486,5,5,0.4,0,1,1,1,0,0,1,1,0,0,0,0
blk_9946101568,5,5,0.4,0,1,0,1,1,0,1,1,0,0,0,0
blk_9948219357,4,4,0.0,0,1,0,0,1,0,1,1,0,0,0,0
blk_9957767716,4,4,0.75,0,1,0,0,1,0,0,1,0,1,0,1
blk_9959677820,4,4,0.25,0,1,0,1,1,0,1,0,0,0,0,0
blk_9960496742,5,5,0.2,0,1,1,1,1,0,0,1,0,0,0,0
blk_9960751425,6,6,0.5,0,1,1,1,1,0,1,1,0,0,0,0
blk_9967818766,4,4,0.25,0,1,1,1,0,0,0,1,0,0,0,0
blk_9968162033,5,5,0.0,0,1,1,1,1,0,0,1,0,0,0,0
blk_9968912222,6,6,0.3333333333333333,0,1,1,1,1,0,1,1,0,0,0,0
blk_9970242778,5,5,0.2,0,0,1,1,1,0,1,1,0,0,0,0
blk_9971851704,6,6,0.6666666666666666,0,1,1,1,1,0,1,1,0,0,0,0
blk_9972492605,6,6,0.8333333333333334,1,0,1,1,1,1,0,1,0,0,0,1
blk_9975380004,8,8,0.75,0,1,1,1,1,1,1,1,1,0,0,1
blk_9975709247,6,6,0.0,0,1,1,1,1,0,1,1,0,0,0,0
blk_9977099560,6,6,0.8333333333333334,0,1,1,1,1,0,1,0,0,0,1,1
blk_9982668239,5,5,0.4,0,1,0,1,1,0,1,1,0,0,0,0
blk_9983239958,4,4,0.5,0,1,0,1,1,0,1,0,0,0,0,0
blk_9989211460,4,4,0.25,0,1,0,1,1,0,1,0,0,0,0,0
blk_9989826700,4,4,0.0,0,1,0,1,1,0,1,0,0,0,0,0
blk_9993037539,6,6,0.16666666666666666,0,1,1,1,1,0,1,1,0,0,0,0
blk_9993358321,6,6,0.0,0,1,1,1,1,0,1,1,0,0,0,0
blk_9998455589,6,6,0.8333333333333334,0,1,1,1,0,0,1,1,0,0,1,1
