block_id,event_id,level,date,time
blk_2276804025,0,INFO,260101,000001
blk_2276804025,1,ERROR,260101,000001
blk_2276804025,2,ERROR,260101,000001
blk_2276804025,3,ERROR,260101,000001
blk_2276804025,4,ERROR,260101,000001
blk_2276804025,5,INFO,260101,000002
blk_3942252583,2,INFO,260101,000003
blk_3942252583,1,INFO,260101,000003
blk_3942252583,3,INFO,260101,000003
blk_3942252583,4,INFO,260101,000003
blk_1398225078,2,INFO,260101,000006
blk_1398225078,6,WARN,260101,000006
blk_1398225078,3,INFO,260101,000006
blk_1398225078,7,WARN,260101,000006
blk_1398225078,4,INFO,260101,000007
blk_1398225078,1,WARN,260101,000007
blk_5007244891,3,INFO,260101,000007
blk_5007244891,7,INFO,260101,000007
blk_5007244891,6,INFO,260101,000007
blk_5007244891,2,INFO,260101,000007
blk_5055130224,6,INFO,260101,000011
blk_5055130224,7,WARN,260101,000011
blk_5055130224,4,INFO,260101,000011
blk_5055130224,1,INFO,260101,000011
blk_5055130224,2,INFO,260101,000012
blk_5055130224,3,INFO,260101,000012
blk_7304193882,2,WARN,260101,000014
blk_7304193882,3,INFO,260101,000014
blk_7304193882,7,INFO,260101,000014
blk_7304193882,6,INFO,260101,000014
blk_7304193882,4,INFO,260101,000015
blk_7304193882,1,WARN,260101,000015
blk_6579762660,6,INFO,260101,000018
blk_6579762660,7,WARN,260101,000018
blk_6579762660,2,WARN,260101,000018
blk_6579762660,4,WARN,260101,000018
blk_2675620223,4,INFO,260101,000022
blk_2675620223,2,WARN,260101,000022
blk_2675620223,1,INFO,260101,000023
blk_2675620223,6,INFO,260101,000023
blk_2675620223,3,WARN,260101,000023
blk_2675620223,7,INFO,260101,000023
blk_1011652671,6,WARN,260101,000023
blk_1011652671,4,INFO,260101,000023
blk_1011652671,2,INFO,260101,000023
blk_1011652671,3,WARN,260101,000023
blk_1011652671,1,WARN,260101,000024
blk_1011652671,7,INFO,260101,000024
blk_4766470263,7,INFO,260101,000025
blk_4766470263,3,WARN,260101,000025
blk_4766470263,6,INFO,260101,000025
blk_4766470263,2,INFO,260101,000025
blk_4766470263,1,INFO,260101,000026
blk_4766470263,4,INFO,260101,000026
blk_5450907620,2,WARN,260101,000029
blk_5450907620,1,INFO,260101,000029
blk_5450907620,4,INFO,260101,000029
blk_5450907620,3,WARN,260101,000029
blk_7602685078,4,WARN,260101,000030
blk_7602685078,2,INFO,260101,000030
blk_7602685078,3,INFO,260101,000030
blk_7602685078,7,INFO,260101,000030
blk_7602685078,1,INFO,260101,000030
blk_7602685078,6,WARN,260101,000031
blk_1571078372,7,WARN,260101,000035
blk_1571078372,6,INFO,260101,000035
blk_1571078372,3,WARN,260101,000035
blk_1571078372,4,INFO,260101,000036
blk_6888337780,2,INFO,260101,000040
blk_6888337780,7,INFO,260101,000040
blk_6888337780,6,WARN,260101,000040
blk_6888337780,1,WARN,260101,000040
blk_4398133260,3,INFO,260101,000044
blk_4398133260,7,INFO,260101,000044
blk_4398133260,4,INFO,260101,000044
blk_4398133260,1,INFO,260101,000045
blk_4398133260,6,INFO,260101,000045
blk_4398133260,2,INFO,260101,000045
blk_4761009125,3,WARN,260101,000045
blk_4761009125,7,INFO,260101,000045
blk_4761009125,6,INFO,260101,000045
blk_4761009125,1,INFO,260101,000045
blk_4761009125,4,INFO,260101,000045
blk_1410435426,6,WARN,260101,000047
blk_1410435426,1,INFO,260101,000047
blk_1410435426,7,INFO,260101,000047
blk_1410435426,2,WARN,260101,000047
blk_1410435426,4,WARN,260101,000048
blk_1410435426,3,INFO,260101,000048
blk_1514835122,1,INFO,260101,000052
blk_1514835122,6,INFO,260101,000052
blk_1514835122,4,INFO,260101,000052
blk_1514835122,7,INFO,260101,000052
blk_1514835122,2,INFO,260101,000052
blk_3212307137,1,ERROR,260101,000053
blk_3212307137,7,INFO,260101,000053
blk_3212307137,4,INFO,260101,000053
blk_3212307137,8,INFO,260101,000053
blk_3212307137,2,ERROR,260101,000053
blk_3212307137,3,WARN,260101,000054
blk_3212307137,6,WARN,260101,000054
blk_5970951659,4,WARN,260101,000058
blk_5970951659,7,INFO,260101,000058
blk_5970951659,6,INFO,260101,000058
blk_5970951659,1,INFO,260101,000058
blk_5970951659,3,INFO,260101,000058
blk_2755756865,2,WARN,260101,000100
blk_2755756865,6,INFO,260101,000100
blk_2755756865,1,WARN,260101,000100
blk_2755756865,7,INFO,260101,000101
blk_1492430052,7,INFO,260101,000104
blk_1492430052,2,INFO,260101,000104
blk_1492430052,4,INFO,260101,000104
blk_1492430052,1,INFO,260101,000104
blk_3957508033,4,INFO,260101,000105
blk_3957508033,7,INFO,260101,000105
blk_3957508033,6,WARN,260101,000105
blk_3957508033,2,INFO,260101,000106
blk_3957508033,3,WARN,260101,000106
blk_3957508033,1,INFO,260101,000106
blk_0839299063,6,INFO,260101,000109
blk_0839299063,2,WARN,260101,000109
blk_0839299063,4,WARN,260101,000109
blk_0839299063,3,INFO,260101,000109
blk_0839299063,1,INFO,260101,000109
blk_0839299063,7,INFO,260101,000109
blk_9180374445,7,INFO,260101,000112
blk_9180374445,4,INFO,260101,000112
blk_9180374445,3,INFO,260101,000112
blk_9180374445,2,INFO,260101,000112
blk_7225608563,6,INFO,260101,000113
blk_7225608563,3,WARN,260101,000113
blk_7225608563,7,INFO,260101,000113
blk_7225608563,2,INFO,260101,000113
blk_2502586201,7,INFO,260101,000118
blk_2502586201,6,INFO,260101,000118
blk_2502586201,3,WARN,260101,000118
blk_2502586201,2,INFO,260101,000118
blk_5454031438,6,INFO,260101,000121
blk_5454031438,4,INFO,260101,000121
blk_5454031438,3,INFO,260101,000121
blk_5454031438,2,INFO,260101,000122
blk_5454031438,1,INFO,260101,000122
blk_5454031438,7,INFO,260101,000122
blk_9822734242,7,INFO,260101,000125
blk_9822734242,1,WARN,260101,000125
blk_9822734242,6,INFO,260101,000125
blk_9822734242,4,WARN,260101,000125
blk_9822734242,3,INFO,260101,000125
blk_9822734242,2,INFO,260101,000125
blk_1664434094,4,INFO,260101,000130
blk_1664434094,7,INFO,260101,000130
blk_1664434094,3,INFO,260101,000130
blk_1664434094,6,WARN,260101,000130
blk_7050555135,6,INFO,260101,000135
blk_7050555135,2,INFO,260101,000135
blk_7050555135,3,INFO,260101,000135
blk_7050555135,4,WARN,260101,000135
blk_3198794743,2,INFO,260101,000137
blk_3198794743,3,INFO,260101,000137
blk_3198794743,7,INFO,260101,000137
blk_3198794743,4,INFO,260101,000137
blk_0363564215,2,WARN,260101,000141
blk_0363564215,7,INFO,260101,000141
blk_0363564215,6,INFO,260101,000141
blk_0363564215,3,INFO,260101,000141
blk_3254094893,4,WARN,260101,000145
blk_3254094893,1,INFO,260101,000145
blk_3254094893,2,WARN,260101,000145
blk_3254094893,7,WARN,260101,000145
blk_3254094893,6,WARN,260101,000145
blk_6491952623,4,INFO,260101,000146
blk_6491952623,7,WARN,260101,000146
blk_6491952623,3,INFO,260101,000146
blk_6491952623,2,INFO,260101,000146
blk_6491952623,6,INFO,260101,000146
blk_9048379370,3,WARN,260101,000147
blk_9048379370,6,WARN,260101,000147
blk_9048379370,2,INFO,260101,000147
blk_9048379370,1,WARN,260101,000147
blk_9048379370,7,WARN,260101,000148
blk_0226511393,3,INFO,260101,000150
blk_0226511393,7,INFO,260101,000150
blk_0226511393,6,WARN,260101,000150
blk_0226511393,2,INFO,260101,000150
blk_0226511393,1,WARN,260101,000150
blk_0226511393,4,INFO,260101,000150
blk_2555543755,0,ERROR,260101,000151
blk_2555543755,4,INFO,260101,000151
blk_2555543755,6,WARN,260101,000151
blk_2555543755,2,INFO,260101,000152
blk_2555543755,7,ERROR,260101,000152
blk_3331341689,4,INFO,260101,000156
blk_3331341689,2,INFO,260101,000156
blk_3331341689,7,INFO,260101,000156
blk_3331341689,6,WARN,260101,000156
blk_3331341689,3,WARN,260101,000156
blk_3331341689,1,INFO,260101,000157
blk_0280818276,1,INFO,260101,000159
blk_0280818276,3,INFO,260101,000159
blk_0280818276,2,INFO,260101,000159
blk_0280818276,7,WARN,260101,000159
blk_0280818276,4,INFO,260101,000159
blk_0280818276,6,INFO,260101,000200
blk_1878706809,3,INFO,260101,000202
blk_1878706809,6,INFO,260101,000202
blk_1878706809,4,WARN,260101,000202
blk_1878706809,2,WARN,260101,000202
blk_7191506476,3,INFO,260101,000206
blk_7191506476,1,INFO,260101,000206
blk_7191506476,6,INFO,260101,000206
blk_7191506476,4,WARN,260101,000206
blk_5367970020,3,WARN,260101,000210
blk_5367970020,1,INFO,260101,000210
blk_5367970020,7,WARN,260101,000210
blk_5367970020,6,INFO,260101,000210
blk_5771172870,7,INFO,260101,000214
blk_5771172870,1,INFO,260101,000214
blk_5771172870,4,INFO,260101,000214
blk_5771172870,2,INFO,260101,000214
blk_5771172870,3,WARN,260101,000214
blk_9775719056,4,INFO,260101,000219
blk_9775719056,7,WARN,260101,000219
blk_9775719056,6,WARN,260101,000219
blk_9775719056,1,INFO,260101,000219
blk_9775719056,2,INFO,260101,000219
blk_9775719056,3,INFO,260101,000220
blk_0281985501,4,WARN,260101,000222
blk_0281985501,6,WARN,260101,000222
blk_0281985501,1,WARN,260101,000222
blk_0281985501,3,INFO,260101,000222
blk_1185687973,3,INFO,260101,000223
blk_1185687973,7,INFO,260101,000223
blk_1185687973,1,INFO,260101,000223
blk_1185687973,2,INFO,260101,000223
blk_1185687973,6,INFO,260101,000223
blk_1185687973,4,INFO,260101,000223
blk_6533974643,1,INFO,260101,000226
blk_6533974643,6,INFO,260101,000226
blk_6533974643,7,INFO,260101,000226
blk_6533974643,4,WARN,260101,000226
blk_6533974643,3,INFO,260101,000226
blk_6533974643,2,WARN,260101,000226
blk_6640394595,7,INFO,260101,000227
blk_6640394595,6,INFO,260101,000227
blk_6640394595,2,INFO,260101,000227
blk_6640394595,4,INFO,260101,000227
blk_6640394595,1,WARN,260101,000228
blk_6640394595,3,INFO,260101,000228
blk_9491210062,2,INFO,260101,000232
blk_9491210062,1,WARN,260101,000232
blk_9491210062,7,INFO,260101,000232
blk_9491210062,6,WARN,260101,000232
blk_9491210062,4,INFO,260101,000232
blk_9491210062,3,INFO,260101,000232
blk_8513518801,4,INFO,260101,000237
blk_8513518801,2,WARN,260101,000237
blk_8513518801,6,WARN,260101,000237
blk_8513518801,1,INFO,260101,000237
blk_6977288423,1,WARN,260101,000238
blk_6977288423,3,INFO,260101,000238
blk_6977288423,4,INFO,260101,000238
blk_6977288423,6,INFO,260101,000238
blk_6977288423,2,INFO,260101,000238
blk_6977288423,7,INFO,260101,000239
blk_1065641165,4,INFO,260101,000241
blk_1065641165,2,WARN,260101,000241
blk_1065641165,1,WARN,260101,000241
blk_1065641165,6,INFO,260101,000241
blk_1065641165,3,INFO,260101,000241
blk_6194719802,2,WARN,260101,000244
blk_6194719802,4,INFO,260101,000244
blk_6194719802,6,WARN,260101,000244
blk_6194719802,1,INFO,260101,000244
blk_2042930698,3,WARN,260101,000247
blk_2042930698,2,WARN,260101,000247
blk_2042930698,4,INFO,260101,000247
blk_2042930698,7,WARN,260101,000247
blk_2042930698,6,INFO,260101,000247
blk_2042930698,1,INFO,260101,000247
blk_4060857729,1,WARN,260101,000248
blk_4060857729,6,INFO,260101,000248
blk_4060857729,4,WARN,260101,000248
blk_4060857729,2,WARN,260101,000248
blk_4060857729,3,INFO,260101,000249
blk_5734060367,1,INFO,260101,000253
blk_5734060367,7,INFO,260101,000253
blk_5734060367,4,WARN,260101,000253
blk_5734060367,3,INFO,260101,000253
blk_5734060367,6,INFO,260101,000254
blk_5734060367,2,INFO,260101,000254
blk_6956313456,6,INFO,260101,000255
blk_6956313456,1,INFO,260101,000255
blk_6956313456,7,INFO,260101,000255
blk_6956313456,2,INFO,260101,000255
blk_6956313456,4,INFO,260101,000256
blk_0221804909,4,INFO,260101,000300
blk_0221804909,1,INFO,260101,000300
blk_0221804909,7,INFO,260101,000300
blk_0221804909,2,WARN,260101,000301
blk_0221804909,3,INFO,260101,000301
blk_0221804909,6,INFO,260101,000301
blk_1430075522,3,INFO,260101,000301
blk_1430075522,6,INFO,260101,000301
blk_1430075522,1,INFO,260101,000301
blk_1430075522,2,INFO,260101,000301
blk_1430075522,4,INFO,260101,000301
blk_6216507956,7,INFO,260101,000303
blk_6216507956,4,INFO,260101,000303
blk_6216507956,6,INFO,260101,000303
blk_6216507956,1,WARN,260101,000303
blk_7678868572,1,WARN,260101,000308
blk_7678868572,7,INFO,260101,000308
blk_7678868572,3,INFO,260101,000308
blk_7678868572,6,INFO,260101,000308
blk_8061962755,6,WARN,260101,000312
blk_8061962755,3,INFO,260101,000312
blk_8061962755,7,INFO,260101,000312
blk_8061962755,1,INFO,260101,000312
blk_8061962755,4,INFO,260101,000312
blk_2644241576,7,INFO,260101,000315
blk_2644241576,2,WARN,260101,000315
blk_2644241576,6,INFO,260101,000315
blk_2644241576,1,WARN,260101,000315
blk_2644241576,4,INFO,260101,000315
blk_2644241576,3,INFO,260101,000316
blk_1452556932,1,WARN,260101,000318
blk_1452556932,3,WARN,260101,000318
blk_1452556932,2,INFO,260101,000318
blk_1452556932,6,WARN,260101,000318
blk_1452556932,7,INFO,260101,000318
blk_1452556932,4,INFO,260101,000319
blk_2079575538,1,INFO,260101,000322
blk_2079575538,2,INFO,260101,000322
blk_2079575538,3,WARN,260101,000322
blk_2079575538,6,INFO,260101,000322
blk_4382969417,2,INFO,260101,000327
blk_4382969417,6,INFO,260101,000327
blk_4382969417,1,INFO,260101,000327
blk_4382969417,4,WARN,260101,000327
blk_4382969417,3,INFO,260101,000327
blk_4459687858,2,WARN,260101,000330
blk_4459687858,6,WARN,260101,000330
blk_4459687858,3,INFO,260101,000330
blk_4459687858,4,INFO,260101,000331
blk_4986946490,2,WARN,260101,000334
blk_4986946490,7,INFO,260101,000334
blk_4986946490,1,INFO,260101,000334
blk_4986946490,3,INFO,260101,000334
blk_4986946490,6,INFO,260101,000334
blk_9615665563,3,WARN,260101,000339
blk_9615665563,1,INFO,260101,000339
blk_9615665563,2,INFO,260101,000339
blk_9615665563,4,INFO,260101,000339
blk_9615665563,6,INFO,260101,000339
blk_4319092140,2,INFO,260101,000342
blk_4319092140,4,INFO,260101,000342
blk_4319092140,3,WARN,260101,000342
blk_4319092140,1,WARN,260101,000343
blk_4230692407,4,INFO,260101,000347
blk_4230692407,3,INFO,260101,000347
blk_4230692407,2,INFO,260101,000347
blk_4230692407,6,WARN,260101,000347
blk_4230692407,7,INFO,260101,000347
blk_4230692407,1,INFO,260101,000348
blk_4563615081,2,WARN,260101,000349
blk_4563615081,4,WARN,260101,000349
blk_4563615081,3,INFO,260101,000349
blk_4563615081,1,WARN,260101,000349
blk_7567417556,1,INFO,260101,000353
blk_7567417556,3,WARN,260101,000353
blk_7567417556,7,INFO,260101,000353
blk_7567417556,2,INFO,260101,000353
blk_7567417556,6,WARN,260101,000354
blk_7567417556,4,INFO,260101,000354
blk_1778966053,2,INFO,260101,000357
blk_1778966053,7,INFO,260101,000357
blk_1778966053,6,INFO,260101,000357
blk_1778966053,4,WARN,260101,000357
blk_1778966053,1,INFO,260101,000358
blk_1778966053,3,INFO,260101,000358
blk_0252524716,3,INFO,260101,000400
blk_0252524716,1,INFO,260101,000400
blk_0252524716,4,INFO,260101,000400
blk_0252524716,2,WARN,260101,000400
blk_6888052186,6,WARN,260101,000403
blk_6888052186,3,INFO,260101,000403
blk_6888052186,2,INFO,260101,000403
blk_6888052186,1,WARN,260101,000404
blk_1176252263,3,WARN,260101,000405
blk_1176252263,2,INFO,260101,000405
blk_1176252263,6,WARN,260101,000405
blk_1176252263,7,INFO,260101,000405
blk_1176252263,1,WARN,260101,000406
blk_1176252263,4,WARN,260101,000406
blk_1796144157,3,INFO,260101,000406
blk_1796144157,4,WARN,260101,000406
blk_1796144157,7,INFO,260101,000406
blk_1796144157,2,INFO,260101,000406
blk_4406256580,4,INFO,260101,000408
blk_4406256580,7,WARN,260101,000408
blk_4406256580,6,INFO,260101,000408
blk_4406256580,3,INFO,260101,000409
blk_8256964748,2,INFO,260101,000411
blk_8256964748,7,INFO,260101,000411
blk_8256964748,6,INFO,260101,000411
blk_8256964748,4,WARN,260101,000412
blk_8256964748,1,INFO,260101,000412
blk_8256964748,3,INFO,260101,000412
blk_7730442492,2,INFO,260101,000412
blk_7730442492,4,INFO,260101,000412
blk_7730442492,7,INFO,260101,000412
blk_7730442492,1,INFO,260101,000412
blk_7730442492,3,INFO,260101,000412
blk_3172206341,6,WARN,260101,000417
blk_3172206341,4,INFO,260101,000417
blk_3172206341,1,WARN,260101,000417
blk_3172206341,2,INFO,260101,000417
blk_3172206341,3,WARN,260101,000417
blk_8736754465,3,INFO,260101,000422
blk_8736754465,4,INFO,260101,000422
blk_8736754465,7,INFO,260101,000422
blk_8736754465,1,INFO,260101,000423
blk_8736754465,2,WARN,260101,000423
blk_9905912045,7,INFO,260101,000425
blk_9905912045,3,INFO,260101,000425
blk_9905912045,1,WARN,260101,000425
blk_9905912045,2,ERROR,260101,000426
blk_9905912045,6,INFO,260101,000426
blk_9905912045,4,ERROR,260101,000426
blk_3037454749,7,INFO,260101,000430
blk_3037454749,2,WARN,260101,000430
blk_3037454749,4,INFO,260101,000430
blk_3037454749,6,WARN,260101,000430
blk_3037454749,1,WARN,260101,000431
blk_1133775374,1,INFO,260101,000433
blk_1133775374,3,INFO,260101,000433
blk_1133775374,4,INFO,260101,000433
blk_1133775374,2,INFO,260101,000434
blk_6896718168,2,WARN,260101,000434
blk_6896718168,4,INFO,260101,000434
blk_6896718168,6,INFO,260101,000434
blk_6896718168,3,INFO,260101,000434
blk_6896718168,7,INFO,260101,000435
blk_6896718168,1,WARN,260101,000435
blk_9364690590,7,INFO,260101,000435
blk_9364690590,2,INFO,260101,000435
blk_9364690590,1,WARN,260101,000435
blk_9364690590,6,WARN,260101,000436
blk_9364690590,4,WARN,260101,000436
blk_9806808156,2,INFO,260101,000437
blk_9806808156,3,INFO,260101,000437
blk_9806808156,7,INFO,260101,000437
blk_9806808156,1,INFO,260101,000437
blk_2421657608,7,INFO,260101,000439
blk_2421657608,3,INFO,260101,000439
blk_2421657608,4,INFO,260101,000439
blk_2421657608,6,INFO,260101,000439
blk_2421657608,1,WARN,260101,000439
blk_3244819431,2,INFO,260101,000443
blk_3244819431,7,INFO,260101,000443
blk_3244819431,1,INFO,260101,000443
blk_3244819431,4,INFO,260101,000443
blk_3244819431,6,INFO,260101,000443
blk_3244819431,3,INFO,260101,000443
blk_8473468083,7,INFO,260101,000447
blk_8473468083,3,WARN,260101,000447
blk_8473468083,6,INFO,260101,000447
blk_8473468083,1,INFO,260101,000448
blk_8458843669,2,INFO,260101,000451
blk_8458843669,3,INFO,260101,000451
blk_8458843669,4,INFO,260101,000451
blk_8458843669,1,WARN,260101,000451
blk_2328129615,2,INFO,260101,000453
blk_2328129615,6,INFO,260101,000453
blk_2328129615,1,INFO,260101,000453
blk_2328129615,4,WARN,260101,000453
blk_8400652920,3,INFO,260101,000454
blk_8400652920,4,INFO,260101,000454
blk_8400652920,6,INFO,260101,000454
blk_8400652920,1,INFO,260101,000454
blk_8400652920,2,WARN,260101,000454
blk_8400652920,7,INFO,260101,000454
blk_0298468446,4,WARN,260101,000456
blk_0298468446,6,ERROR,260101,000456
blk_0298468446,7,INFO,260101,000456
blk_0298468446,2,ERROR,260101,000456
blk_0298468446,5,ERROR,260101,000457
blk_1218685557,3,WARN,260101,000458
blk_1218685557,6,INFO,260101,000458
blk_1218685557,4,INFO,260101,000458
blk_1218685557,1,INFO,260101,000458
blk_7929130899,7,INFO,260101,000459
blk_7929130899,2,WARN,260101,000459
blk_7929130899,1,INFO,260101,000459
blk_7929130899,6,INFO,260101,000459
blk_7929130899,4,INFO,260101,000459
blk_6635613697,4,WARN,260101,000501
blk_6635613697,7,WARN,260101,000501
blk_6635613697,2,INFO,260101,000501
blk_6635613697,9,ERROR,260101,000501
blk_4238590493,3,INFO,260101,000504
blk_4238590493,6,WARN,260101,000504
blk_4238590493,1,INFO,260101,000504
blk_4238590493,4,WARN,260101,000504
blk_4238590493,7,INFO,260101,000505
blk_4540403530,4,INFO,260101,000508
blk_4540403530,2,INFO,260101,000508
blk_4540403530,7,INFO,260101,000508
blk_4540403530,1,WARN,260101,000508
blk_4540403530,3,INFO,260101,000508
blk_9970242778,7,INFO,260101,000513
blk_9970242778,4,WARN,260101,000513
blk_9970242778,2,INFO,260101,000513
blk_9970242778,3,INFO,260101,000513
blk_9970242778,6,INFO,260101,000514
blk_8353724119,3,INFO,260101,000518
blk_8353724119,7,INFO,260101,000518
blk_8353724119,4,INFO,260101,000518
blk_8353724119,2,WARN,260101,000518
blk_8353724119,1,INFO,260101,000519
blk_3491120475,3,INFO,260101,000522
blk_3491120475,4,WARN,260101,000522
blk_3491120475,1,INFO,260101,000522
blk_3491120475,7,INFO,260101,000522
blk_3491120475,6,INFO,260101,000523
blk_7187241869,6,INFO,260101,000526
blk_7187241869,2,WARN,260101,000526
blk_7187241869,3,INFO,260101,000526
blk_7187241869,4,INFO,260101,000526
blk_7187241869,1,INFO,260101,000527
blk_1018879286,1,INFO,260101,000530
blk_1018879286,7,WARN,260101,000530
blk_1018879286,3,WARN,260101,000530
blk_1018879286,4,INFO,260101,000530
blk_1018879286,2,INFO,260101,000531
blk_9810864950,6,INFO,260101,000533
blk_9810864950,1,WARN,260101,000533
blk_9810864950,3,INFO,260101,000533
blk_9810864950,2,INFO,260101,000534
blk_0431605966,2,INFO,260101,000538
blk_0431605966,3,INFO,260101,000538
blk_0431605966,4,INFO,260101,000538
blk_0431605966,6,INFO,260101,000538
blk_0431605966,7,INFO,260101,000538
blk_0431605966,1,WARN,260101,000538
blk_0118610412,1,INFO,260101,000542
blk_0118610412,2,INFO,260101,000542
blk_0118610412,4,INFO,260101,000542
blk_0118610412,6,INFO,260101,000543
blk_0118610412,7,WARN,260101,000543
blk_0118610412,3,WARN,260101,000543
blk_7862761161,3,INFO,260101,000545
blk_7862761161,7,INFO,260101,000545
blk_7862761161,2,INFO,260101,000545
blk_7862761161,4,INFO,260101,000545
blk_7862761161,1,WARN,260101,000546
blk_0842127462,3,INFO,260101,000549
blk_0842127462,2,WARN,260101,000549
blk_0842127462,1,INFO,260101,000549
blk_0842127462,6,INFO,260101,000549
blk_0842127462,7,WARN,260101,000550
blk_0842127462,4,INFO,260101,000550
blk_2779103630,4,INFO,260101,000554
blk_2779103630,3,INFO,260101,000554
blk_2779103630,7,INFO,260101,000554
blk_2779103630,1,WARN,260101,000554
blk_2779103630,6,INFO,260101,000555
blk_2779103630,2,INFO,260101,000555
blk_2513320174,7,INFO,260101,000555
blk_2513320174,2,INFO,260101,000555
blk_2513320174,1,WARN,260101,000555
blk_2513320174,6,INFO,260101,000555
blk_2513320174,3,INFO,260101,000556
blk_9107278486,1,WARN,260101,000556
blk_9107278486,4,INFO,260101,000556
blk_9107278486,3,INFO,260101,000556
blk_9107278486,6,INFO,260101,000556
blk_9107278486,2,WARN,260101,000556
blk_6154857151,1,INFO,260101,000558
blk_6154857151,3,INFO,260101,000558
blk_6154857151,6,WARN,260101,000558
blk_6154857151,4,INFO,260101,000558
blk_0015643086,4,INFO,260101,000559
blk_0015643086,3,INFO,260101,000559
blk_0015643086,6,INFO,260101,000559
blk_0015643086,2,INFO,260101,000559
blk_0015643086,7,INFO,260101,000559
blk_0015643086,1,WARN,260101,000559
blk_4401050794,2,INFO,260101,000600
blk_4401050794,6,INFO,260101,000600
blk_4401050794,1,INFO,260101,000600
blk_4401050794,3,WARN,260101,000600
blk_6487644461,6,INFO,260101,000604
blk_6487644461,4,WARN,260101,000604
blk_6487644461,3,INFO,260101,000604
blk_6487644461,7,INFO,260101,000604
blk_6487644461,2,INFO,260101,000605
blk_6487644461,1,INFO,260101,000605
blk_4247883480,4,INFO,260101,000606
blk_4247883480,7,INFO,260101,000606
blk_4247883480,6,INFO,260101,000606
blk_4247883480,1,INFO,260101,000606
blk_9713359206,1,INFO,260101,000607
blk_9713359206,7,INFO,260101,000607
blk_9713359206,2,WARN,260101,000607
blk_9713359206,3,INFO,260101,000607
blk_3510435464,3,INFO,260101,000609
blk_3510435464,6,INFO,260101,000609
blk_3510435464,7,INFO,260101,000609
blk_3510435464,2,INFO,260101,000609
blk_3510435464,1,INFO,260101,000610
blk_4731762453,2,WARN,260101,000613
blk_4731762453,7,INFO,260101,000613
blk_4731762453,4,INFO,260101,000613
blk_4731762453,6,INFO,260101,000613
blk_4731762453,1,INFO,260101,000613
blk_4731762453,3,INFO,260101,000613
blk_7469556201,3,WARN,260101,000616
blk_7469556201,1,WARN,260101,000616
blk_7469556201,2,INFO,260101,000616
blk_7469556201,7,INFO,260101,000616
blk_4067378301,7,INFO,260101,000618
blk_4067378301,3,INFO,260101,000618
blk_4067378301,1,INFO,260101,000618
blk_4067378301,2,WARN,260101,000618
blk_1000860908,2,INFO,260101,000621
blk_1000860908,6,INFO,260101,000621
blk_1000860908,4,INFO,260101,000621
blk_1000860908,1,INFO,260101,000621
blk_1000860908,3,WARN,260101,000621
blk_1000860908,7,INFO,260101,000621
blk_3212095973,7,ERROR,260101,000622
blk_3212095973,4,ERROR,260101,000622
blk_3212095973,3,ERROR,260101,000622
blk_3212095973,6,INFO,260101,000622
blk_3212095973,2,WARN,260101,000622
blk_4093551332,1,INFO,260101,000623
blk_4093551332,3,WARN,260101,000623
blk_4093551332,4,INFO,260101,000623
blk_4093551332,2,INFO,260101,000624
blk_4093551332,6,INFO,260101,000624
blk_4093551332,7,INFO,260101,000624
blk_4655857798,6,WARN,260101,000627
blk_4655857798,1,INFO,260101,000627
blk_4655857798,7,INFO,260101,000627
blk_4655857798,4,INFO,260101,000627
blk_1070590506,3,INFO,260101,000631
blk_1070590506,6,WARN,260101,000631
blk_1070590506,7,INFO,260101,000631
blk_1070590506,1,INFO,260101,000631
blk_1070590506,2,INFO,260101,000631
blk_7887704089,2,INFO,260101,000634
blk_7887704089,3,INFO,260101,000634
blk_7887704089,4,INFO,260101,000634
blk_7887704089,6,WARN,260101,000635
blk_7887704089,1,INFO,260101,000635
blk_5005893367,6,INFO,260101,000637
blk_5005893367,1,INFO,260101,000637
blk_5005893367,2,WARN,260101,000637
blk_5005893367,4,WARN,260101,000637
blk_5005893367,3,INFO,260101,000637
blk_5005893367,7,INFO,260101,000638
blk_4482816381,3,WARN,260101,000639
blk_4482816381,6,INFO,260101,000639
blk_4482816381,2,WARN,260101,000639
blk_4482816381,4,WARN,260101,000639
blk_4645009718,3,INFO,260101,000644
blk_4645009718,1,INFO,260101,000644
blk_4645009718,6,INFO,260101,000644
blk_4645009718,4,WARN,260101,000644
blk_6001821552,1,WARN,260101,000646
blk_6001821552,3,INFO,260101,000646
blk_6001821552,4,INFO,260101,000646
blk_6001821552,7,INFO,260101,000646
blk_6001821552,2,INFO,260101,000647
blk_6001821552,6,INFO,260101,000647
blk_6758452676,3,INFO,260101,000649
blk_6758452676,1,WARN,260101,000649
blk_6758452676,7,INFO,260101,000649
blk_6758452676,4,INFO,260101,000650
blk_6977772798,6,INFO,260101,000650
blk_6977772798,1,INFO,260101,000650
blk_6977772798,4,INFO,260101,000650
blk_6977772798,7,WARN,260101,000650
blk_6977772798,2,INFO,260101,000650
blk_6977772798,3,INFO,260101,000650
blk_4170871214,4,WARN,260101,000654
blk_4170871214,2,INFO,260101,000654
blk_4170871214,1,WARN,260101,000654
blk_4170871214,3,INFO,260101,000654
blk_4170871214,7,INFO,260101,000655
blk_4600436234,3,WARN,260101,000656
blk_4600436234,4,INFO,260101,000656
blk_4600436234,7,INFO,260101,000656
blk_4600436234,1,INFO,260101,000656
blk_4600436234,2,INFO,260101,000657
blk_4600436234,6,INFO,260101,000657
blk_7904950561,1,INFO,260101,000659
blk_7904950561,4,INFO,260101,000659
blk_7904950561,2,INFO,260101,000659
blk_7904950561,7,INFO,260101,000659
blk_3630757463,10,ERROR,260101,000700
blk_3630757463,6,WARN,260101,000700
blk_3630757463,5,WARN,260101,000700
blk_3630757463,4,INFO,260101,000701
blk_3630757463,7,WARN,260101,000701
blk_3630757463,1,WARN,260101,000701
blk_6099173724,3,INFO,260101,000703
blk_6099173724,2,INFO,260101,000703
blk_6099173724,7,WARN,260101,000703
blk_6099173724,1,INFO,260101,000703
blk_6099173724,6,INFO,260101,000703
blk_6099173724,4,INFO,260101,000703
blk_7131734496,7,WARN,260101,000708
blk_7131734496,2,INFO,260101,000708
blk_7131734496,1,INFO,260101,000708
blk_7131734496,3,INFO,260101,000708
blk_7131734496,6,INFO,260101,000708
blk_7131734496,4,INFO,260101,000708
blk_6010661134,1,INFO,260101,000711
blk_6010661134,7,INFO,260101,000711
blk_6010661134,6,WARN,260101,000711
blk_6010661134,3,INFO,260101,000711
blk_6010661134,4,INFO,260101,000712
blk_3979533316,3,WARN,260101,000714
blk_3979533316,1,INFO,260101,000714
blk_3979533316,4,INFO,260101,000714
blk_3979533316,7,INFO,260101,000714
blk_3979533316,6,INFO,260101,000714
blk_7242861150,3,INFO,260101,000715
blk_7242861150,6,INFO,260101,000715
blk_7242861150,2,INFO,260101,000715
blk_7242861150,1,INFO,260101,000715
blk_7242861150,7,INFO,260101,000715
blk_3440896260,7,WARN,260101,000716
blk_3440896260,3,INFO,260101,000716
blk_3440896260,4,INFO,260101,000716
blk_3440896260,2,INFO,260101,000717
blk_0481490294,2,INFO,260101,000719
blk_0481490294,1,WARN,260101,000719
blk_0481490294,3,INFO,260101,000719
blk_0481490294,4,INFO,260101,000720
blk_0481490294,6,INFO,260101,000720
blk_0481490294,7,INFO,260101,000720
blk_3228287429,4,INFO,260101,000723
blk_3228287429,6,WARN,260101,000723
blk_3228287429,0,WARN,260101,000723
blk_3228287429,9,INFO,260101,000723
blk_3228287429,3,WARN,260101,000724
blk_3228287429,2,INFO,260101,000724
blk_2804383400,4,INFO,260101,000724
blk_2804383400,2,INFO,260101,000724
blk_2804383400,3,INFO,260101,000724
blk_2804383400,1,WARN,260101,000724
blk_2804383400,7,INFO,260101,000725
blk_2804383400,6,INFO,260101,000725
blk_6453601055,1,INFO,260101,000727
blk_6453601055,6,INFO,260101,000727
blk_6453601055,7,INFO,260101,000727
blk_6453601055,2,WARN,260101,000727
blk_6453601055,4,WARN,260101,000727
blk_2848906008,7,WARN,260101,000728
blk_2848906008,6,INFO,260101,000728
blk_2848906008,1,INFO,260101,000728
blk_2848906008,2,INFO,260101,000728
blk_2848906008,3,INFO,260101,000729
blk_2848906008,4,INFO,260101,000729
blk_7382686042,2,INFO,260101,000731
blk_7382686042,3,WARN,260101,000731
blk_7382686042,1,INFO,260101,000731
blk_7382686042,4,WARN,260101,000731
blk_7382686042,6,INFO,260101,000732
blk_7382686042,7,WARN,260101,000732
blk_2002012673,2,INFO,260101,000733
blk_2002012673,7,INFO,260101,000733
blk_2002012673,3,INFO,260101,000733
blk_2002012673,4,INFO,260101,000733
blk_7708343562,4,INFO,260101,000738
blk_7708343562,7,WARN,260101,000738
blk_7708343562,1,INFO,260101,000738
blk_7708343562,3,INFO,260101,000738
blk_7708343562,2,WARN,260101,000739
blk_1966327002,4,INFO,260101,000740
blk_1966327002,6,INFO,260101,000740
blk_1966327002,3,WARN,260101,000740
blk_1966327002,2,INFO,260101,000740
blk_1966327002,1,INFO,260101,000741
blk_1966327002,7,WARN,260101,000741
blk_6325155273,6,INFO,260101,000741
blk_6325155273,4,INFO,260101,000741
blk_6325155273,3,INFO,260101,000741
blk_6325155273,7,INFO,260101,000742
blk_6325155273,2,WARN,260101,000742
blk_6864618617,2,INFO,260101,000744
blk_6864618617,3,WARN,260101,000744
blk_6864618617,1,INFO,260101,000744
blk_6864618617,6,WARN,260101,000744
blk_6864618617,7,WARN,260101,000744
blk_6864618617,4,INFO,260101,000745
blk_7264632797,3,ERROR,260101,000745
blk_7264632797,1,INFO,260101,000745
blk_7264632797,4,ERROR,260101,000745
blk_7264632797,5,WARN,260101,000745
blk_3888468515,4,INFO,260101,000749
blk_3888468515,3,INFO,260101,000749
blk_3888468515,2,WARN,260101,000749
blk_3888468515,6,INFO,260101,000750
blk_9977099560,3,WARN,260101,000753
blk_9977099560,2,ERROR,260101,000753
blk_9977099560,10,ERROR,260101,000753
blk_9977099560,6,INFO,260101,000754
blk_9977099560,4,ERROR,260101,000754
blk_9977099560,1,WARN,260101,000754
blk_8884335828,6,INFO,260101,000757
blk_8884335828,1,INFO,260101,000757
blk_8884335828,4,INFO,260101,000757
blk_8884335828,3,WARN,260101,000757
blk_8884335828,2,INFO,260101,000757
blk_3844770137,7,INFO,260101,000759
blk_3844770137,1,INFO,260101,000759
blk_3844770137,3,INFO,260101,000759
blk_3844770137,2,WARN,260101,000759
blk_3844770137,6,INFO,260101,000759
blk_3844770137,4,INFO,260101,000759
blk_0885021510,7,WARN,260101,000802
blk_0885021510,1,INFO,260101,000802
blk_0885021510,6,INFO,260101,000802
blk_0885021510,3,INFO,260101,000803
blk_5187665315,7,INFO,260101,000807
blk_5187665315,2,WARN,260101,000807
blk_5187665315,6,INFO,260101,000807
blk_5187665315,4,INFO,260101,000807
blk_8010553416,6,INFO,260101,000809
blk_8010553416,7,INFO,260101,000809
blk_8010553416,4,WARN,260101,000809
blk_8010553416,2,INFO,260101,000809
blk_1187925560,2,INFO,260101,000813
blk_1187925560,4,INFO,260101,000813
blk_1187925560,7,WARN,260101,000813
blk_1187925560,6,WARN,260101,000813
blk_1187925560,3,INFO,260101,000813
blk_3476068017,7,INFO,260101,000816
blk_3476068017,2,INFO,260101,000816
blk_3476068017,4,INFO,260101,000816
blk_3476068017,6,WARN,260101,000816
blk_3476068017,3,INFO,260101,000817
blk_3476068017,1,WARN,260101,000817
blk_7072334392,2,INFO,260101,000818
blk_7072334392,7,WARN,260101,000818
blk_7072334392,4,INFO,260101,000818
blk_7072334392,6,WARN,260101,000818
blk_7072334392,1,WARN,260101,000819
blk_7072334392,3,WARN,260101,000819
blk_7590538874,4,ERROR,260101,000822
blk_7590538874,1,ERROR,260101,000822
blk_7590538874,2,ERROR,260101,000822
blk_7590538874,6,INFO,260101,000822
blk_7590538874,10,WARN,260101,000823
blk_7590538874,3,ERROR,260101,000823
blk_7590538874,9,ERROR,260101,000823
blk_7149041847,3,INFO,260101,000823
blk_7149041847,6,INFO,260101,000823
blk_7149041847,4,INFO,260101,000823
blk_7149041847,2,WARN,260101,000824
blk_7149041847,1,INFO,260101,000824
blk_7149041847,7,INFO,260101,000824
blk_7375288641,2,INFO,260101,000828
blk_7375288641,4,INFO,260101,000828
blk_7375288641,6,INFO,260101,000828
blk_7375288641,1,INFO,260101,000828
blk_2599317045,1,INFO,260101,000831
blk_2599317045,7,INFO,260101,000831
blk_2599317045,6,INFO,260101,000831
blk_2599317045,4,INFO,260101,000831
blk_3688197306,6,INFO,260101,000836
blk_3688197306,4,INFO,260101,000836
blk_3688197306,1,INFO,260101,000836
blk_3688197306,3,INFO,260101,000836
blk_3688197306,7,WARN,260101,000836
blk_2624536468,1,WARN,260101,000838
blk_2624536468,3,INFO,260101,000838
blk_2624536468,2,WARN,260101,000839
blk_2624536468,7,INFO,260101,000839
blk_4108454382,1,INFO,260101,000841
blk_4108454382,7,INFO,260101,000841
blk_4108454382,3,INFO,260101,000841
blk_4108454382,6,INFO,260101,000842
blk_4108454382,2,INFO,260101,000842
blk_6696877017,3,WARN,260101,000842
blk_6696877017,7,INFO,260101,000842
blk_6696877017,1,WARN,260101,000842
blk_6696877017,6,WARN,260101,000843
blk_0618803534,6,INFO,260101,000843
blk_0618803534,3,INFO,260101,000843
blk_0618803534,1,WARN,260101,000843
blk_0618803534,4,INFO,260101,000843
blk_0618803534,2,WARN,260101,000844
blk_5114834699,1,INFO,260101,000845
blk_5114834699,6,WARN,260101,000845
blk_5114834699,3,INFO,260101,000845
blk_5114834699,4,WARN,260101,000845
blk_5114834699,7,INFO,260101,000846
blk_5114834699,2,INFO,260101,000846
blk_6339033447,1,INFO,260101,000849
blk_6339033447,2,WARN,260101,000849
blk_6339033447,3,INFO,260101,000849
blk_6339033447,6,INFO,260101,000850
blk_7453318973,1,INFO,260101,000854
blk_7453318973,3,WARN,260101,000854
blk_7453318973,2,INFO,260101,000854
blk_7453318973,6,INFO,260101,000854
blk_7453318973,7,INFO,260101,000855
blk_7453318973,4,WARN,260101,000855
blk_8892707645,3,INFO,260101,000855
blk_8892707645,4,WARN,260101,000855
blk_8892707645,6,INFO,260101,000855
blk_8892707645,2,INFO,260101,000855
blk_8892707645,1,INFO,260101,000856
blk_3761816822,1,INFO,260101,000857
blk_3761816822,7,INFO,260101,000857
blk_3761816822,2,INFO,260101,000857
blk_3761816822,6,INFO,260101,000857
blk_0695298507,1,INFO,260101,000859
blk_0695298507,6,INFO,260101,000859
blk_0695298507,2,INFO,260101,000900
blk_0695298507,4,WARN,260101,000900
blk_0695298507,3,INFO,260101,000900
blk_2822534994,1,INFO,260101,000902
blk_2822534994,3,INFO,260101,000902
blk_2822534994,6,INFO,260101,000902
blk_2822534994,4,WARN,260101,000902
blk_2822534994,7,INFO,260101,000903
blk_4614282628,7,INFO,260101,000906
blk_4614282628,10,INFO,260101,000906
blk_4614282628,3,WARN,260101,000906
blk_4614282628,1,ERROR,260101,000906
blk_4614282628,2,ERROR,260101,000906
blk_2323192691,3,INFO,260101,000910
blk_2323192691,6,INFO,260101,000910
blk_2323192691,1,INFO,260101,000910
blk_2323192691,2,INFO,260101,000911
blk_2323192691,4,INFO,260101,000911
blk_2323192691,7,WARN,260101,000911
blk_1315901308,6,INFO,260101,000912
blk_1315901308,2,WARN,260101,000912
blk_1315901308,1,INFO,260101,000912
blk_1315901308,3,INFO,260101,000912
blk_3491330962,0,INFO,260101,000916
blk_3491330962,3,ERROR,260101,000916
blk_3491330962,1,INFO,260101,000916
blk_3491330962,6,INFO,260101,000916
blk_3491330962,2,INFO,260101,000916
blk_3491330962,7,WARN,260101,000916
blk_3674781219,6,INFO,260101,000919
blk_3674781219,4,INFO,260101,000919
blk_3674781219,1,INFO,260101,000919
blk_3674781219,7,WARN,260101,000919
blk_4765391387,6,WARN,260101,000924
blk_4765391387,4,INFO,260101,000924
blk_4765391387,7,INFO,260101,000924
blk_4765391387,3,INFO,260101,000924
blk_4765391387,2,INFO,260101,000924
blk_9299841902,6,INFO,260101,000925
blk_9299841902,7,WARN,260101,000925
blk_9299841902,2,INFO,260101,000925
blk_9299841902,1,INFO,260101,000925
blk_9299841902,4,WARN,260101,000925
blk_9299841902,3,INFO,260101,000926
blk_6827225489,4,INFO,260101,000929
blk_6827225489,6,WARN,260101,000929
blk_6827225489,3,INFO,260101,000929
blk_6827225489,1,WARN,260101,000930
blk_1632404836,2,INFO,260101,000930
blk_1632404836,7,INFO,260101,000930
blk_1632404836,3,WARN,260101,000930
blk_1632404836,4,WARN,260101,000931
blk_1632404836,6,INFO,260101,000931
blk_3313878769,2,INFO,260101,000933
blk_3313878769,3,INFO,260101,000933
blk_3313878769,4,INFO,260101,000933
blk_3313878769,1,INFO,260101,000933
blk_3313878769,7,INFO,260101,000933
blk_7659450644,4,INFO,260101,000935
blk_7659450644,1,WARN,260101,000935
blk_7659450644,3,INFO,260101,000935
blk_7659450644,7,INFO,260101,000935
blk_2671164109,6,INFO,260101,000937
blk_2671164109,3,INFO,260101,000937
blk_2671164109,1,INFO,260101,000937
blk_2671164109,2,INFO,260101,000937
blk_2671164109,7,INFO,260101,000937
blk_2671164109,4,INFO,260101,000937
blk_6999953415,2,INFO,260101,000938
blk_6999953415,7,INFO,260101,000938
blk_6999953415,6,INFO,260101,000938
blk_6999953415,4,INFO,260101,000938
blk_6999953415,3,INFO,260101,000938
blk_0319088751,6,INFO,260101,000939
blk_0319088751,4,INFO,260101,000939
blk_0319088751,2,INFO,260101,000939
blk_0319088751,1,INFO,260101,000939
blk_0319088751,3,WARN,260101,000939
blk_4139269352,7,INFO,260101,000941
blk_4139269352,4,INFO,260101,000941
blk_4139269352,1,INFO,260101,000941
blk_4139269352,2,INFO,260101,000941
blk_4139269352,3,INFO,260101,000942
blk_4139269352,6,INFO,260101,000942
blk_3096000358,4,WARN,260101,000943
blk_3096000358,1,INFO,260101,000943
blk_3096000358,6,WARN,260101,000943
blk_3096000358,3,INFO,260101,000943
blk_3096000358,2,INFO,260101,000944
blk_3096000358,7,WARN,260101,000944
blk_4998413869,2,INFO,260101,000944
blk_4998413869,3,WARN,260101,000944
blk_4998413869,4,INFO,260101,000944
blk_4998413869,7,INFO,260101,000944
blk_4998413869,1,INFO,260101,000945
blk_5662821990,2,INFO,260101,000949
blk_5662821990,3,INFO,260101,000949
blk_5662821990,1,INFO,260101,000949
blk_5662821990,6,INFO,260101,000949
blk_0234407740,4,WARN,260101,000952
blk_0234407740,2,INFO,260101,000952
blk_0234407740,6,INFO,260101,000952
blk_0234407740,7,INFO,260101,000953
blk_0234407740,3,INFO,260101,000953
blk_0234407740,1,INFO,260101,000953
blk_8747475845,2,INFO,260101,000957
blk_8747475845,6,WARN,260101,000957
blk_8747475845,7,INFO,260101,000957
blk_8747475845,4,INFO,260101,000957
blk_7338334572,4,WARN,260101,000958
blk_7338334572,7,WARN,260101,000958
blk_7338334572,3,INFO,260101,000958
blk_7338334572,2,INFO,260101,000958
blk_1976154249,2,INFO,260101,000959
blk_1976154249,7,INFO,260101,000959
blk_1976154249,1,INFO,260101,000959
blk_1976154249,3,INFO,260101,000959
blk_1976154249,6,WARN,260101,000959
blk_1976154249,4,INFO,260101,001000
blk_7943828196,6,WARN,260101,001003
blk_7943828196,4,INFO,260101,001003
blk_7943828196,2,INFO,260101,001003
blk_7943828196,7,INFO,260101,001004
blk_7943828196,3,INFO,260101,001004
blk_0710015927,7,INFO,260101,001004
blk_0710015927,4,INFO,260101,001004
blk_0710015927,3,INFO,260101,001004
blk_0710015927,2,INFO,260101,001004
blk_0710015927,1,INFO,260101,001005
blk_5972551263,7,WARN,260101,001008
blk_5972551263,3,INFO,260101,001008
blk_5972551263,4,INFO,260101,001008
blk_5972551263,6,INFO,260101,001008
blk_5972551263,2,WARN,260101,001008
blk_8689933510,6,INFO,260101,001009
blk_8689933510,2,INFO,260101,001009
blk_8689933510,3,INFO,260101,001009
blk_8689933510,7,WARN,260101,001009
blk_7226916890,3,INFO,260101,001012
blk_7226916890,1,INFO,260101,001012
blk_7226916890,6,WARN,260101,001012
blk_7226916890,4,INFO,260101,001012
blk_7226916890,7,INFO,260101,001013
blk_7226916890,2,INFO,260101,001013
blk_7753635769,6,INFO,260101,001016
blk_7753635769,3,INFO,260101,001016
blk_7753635769,2,INFO,260101,001016
blk_7753635769,7,INFO,260101,001016
blk_4030783506,7,ERROR,260101,001021
blk_4030783506,3,WARN,260101,001021
blk_4030783506,4,ERROR,260101,001021
blk_4030783506,5,WARN,260101,001021
blk_4030783506,2,WARN,260101,001021
blk_4030783506,1,WARN,260101,001022
blk_4030783506,6,INFO,260101,001022
blk_5661425402,0,WARN,260101,001025
blk_5661425402,3,ERROR,260101,001025
blk_5661425402,1,INFO,260101,001025
blk_5661425402,6,INFO,260101,001026
blk_5661425402,4,ERROR,260101,001026
blk_5661425402,2,ERROR,260101,001026
blk_7348294954,2,WARN,260101,001026
blk_7348294954,6,WARN,260101,001026
blk_7348294954,7,WARN,260101,001026
blk_7348294954,1,WARN,260101,001027
blk_7348294954,4,INFO,260101,001027
blk_7348294954,3,INFO,260101,001027
blk_8172635375,4,INFO,260101,001028
blk_8172635375,7,INFO,260101,001028
blk_8172635375,2,WARN,260101,001028
blk_8172635375,6,WARN,260101,001028
blk_2527962850,1,INFO,260101,001029
blk_2527962850,7,INFO,260101,001029
blk_2527962850,6,WARN,260101,001029
blk_2527962850,2,WARN,260101,001029
blk_2527962850,4,WARN,260101,001029
blk_8305342108,3,INFO,260101,001033
blk_8305342108,2,WARN,260101,001033
blk_8305342108,6,WARN,260101,001033
blk_8305342108,4,INFO,260101,001033
blk_8305342108,7,INFO,260101,001034
blk_8305342108,1,INFO,260101,001034
blk_9828170181,3,INFO,260101,001036
blk_9828170181,1,WARN,260101,001036
blk_9828170181,7,INFO,260101,001036
blk_9828170181,6,INFO,260101,001036
blk_6575842918,4,INFO,260101,001041
blk_6575842918,2,INFO,260101,001041
blk_6575842918,6,INFO,260101,001041
blk_6575842918,7,INFO,260101,001041
blk_8028509803,1,INFO,260101,001045
blk_8028509803,2,INFO,260101,001045
blk_8028509803,4,INFO,260101,001045
blk_8028509803,3,INFO,260101,001045
blk_8028509803,7,INFO,260101,001045
blk_0824049940,7,ERROR,260101,001047
blk_0824049940,1,WARN,260101,001047
blk_0824049940,6,INFO,260101,001047
blk_0824049940,2,WARN,260101,001047
blk_0824049940,0,WARN,260101,001048
blk_0824049940,3,WARN,260101,001048
blk_0824049940,5,WARN,260101,001048
blk_4098690119,6,INFO,260101,001049
blk_4098690119,7,INFO,260101,001049
blk_4098690119,4,INFO,260101,001049
blk_4098690119,3,WARN,260101,001049
blk_4098690119,1,INFO,260101,001050
blk_1723324496,1,INFO,260101,001050
blk_1723324496,6,WARN,260101,001050
blk_1723324496,7,INFO,260101,001050
blk_1723324496,3,INFO,260101,001050
blk_1723324496,4,INFO,260101,001051
blk_1723324496,2,INFO,260101,001051
blk_1770952942,3,INFO,260101,001055
blk_1770952942,1,WARN,260101,001055
blk_1770952942,4,INFO,260101,001055
blk_1770952942,2,WARN,260101,001055
blk_1604324097,6,INFO,260101,001100
blk_1604324097,7,INFO,260101,001100
blk_1604324097,1,INFO,260101,001100
blk_1604324097,2,INFO,260101,001100
blk_7001185496,7,INFO,260101,001105
blk_7001185496,3,WARN,260101,001105
blk_7001185496,1,INFO,260101,001105
blk_7001185496,4,INFO,260101,001105
blk_5401969689,7,INFO,260101,001108
blk_5401969689,3,INFO,260101,001108
blk_5401969689,4,INFO,260101,001108
blk_5401969689,6,INFO,260101,001108
blk_5401969689,2,INFO,260101,001108
blk_4119823197,6,INFO,260101,001112
blk_4119823197,4,WARN,260101,001112
blk_4119823197,3,WARN,260101,001112
blk_4119823197,1,INFO,260101,001112
blk_6109776129,4,INFO,260101,001117
blk_6109776129,2,INFO,260101,001117
blk_6109776129,6,WARN,260101,001117
blk_6109776129,7,INFO,260101,001117
blk_6109776129,3,INFO,260101,001118
blk_6109776129,1,INFO,260101,001118
blk_9175626770,4,INFO,260101,001122
blk_9175626770,2,INFO,260101,001122
blk_9175626770,7,INFO,260101,001122
blk_9175626770,1,INFO,260101,001123
blk_9175626770,6,INFO,260101,001123
blk_9175626770,3,INFO,260101,001123
blk_0960257924,1,INFO,260101,001126
blk_0960257924,2,INFO,260101,001126
blk_0960257924,4,INFO,260101,001126
blk_0960257924,6,INFO,260101,001126
blk_0960257924,3,INFO,260101,001126
blk_2112825569,1,WARN,260101,001127
blk_2112825569,7,WARN,260101,001127
blk_2112825569,3,INFO,260101,001127
blk_2112825569,4,INFO,260101,001127
blk_2112825569,6,INFO,260101,001127
blk_2112825569,2,INFO,260101,001128
blk_7469300060,4,WARN,260101,001132
blk_7469300060,6,INFO,260101,001132
blk_7469300060,7,INFO,260101,001132
blk_7469300060,1,INFO,260101,001132
blk_7469300060,3,INFO,260101,001132
blk_7469300060,2,INFO,260101,001133
blk_7307602485,7,INFO,260101,001135
blk_7307602485,4,INFO,260101,001135
blk_7307602485,2,WARN,260101,001135
blk_7307602485,1,WARN,260101,001135
blk_7307602485,6,INFO,260101,001136
blk_7307602485,3,INFO,260101,001136
blk_1187643785,1,INFO,260101,001138
blk_1187643785,4,INFO,260101,001138
blk_1187643785,2,INFO,260101,001138
blk_1187643785,7,WARN,260101,001138
blk_1187643785,6,WARN,260101,001138
blk_1187643785,3,WARN,260101,001139
blk_0189017115,2,INFO,260101,001143
blk_0189017115,3,WARN,260101,001143
blk_0189017115,7,INFO,260101,001143
blk_0189017115,6,INFO,260101,001144
blk_3020771590,6,WARN,260101,001147
blk_3020771590,4,INFO,260101,001147
blk_3020771590,7,INFO,260101,001147
blk_3020771590,1,INFO,260101,001147
blk_3020771590,2,INFO,260101,001147
blk_2897542661,6,INFO,260101,001149
blk_2897542661,7,INFO,260101,001149
blk_2897542661,3,INFO,260101,001150
blk_2897542661,1,INFO,260101,001150
blk_7857898188,7,WARN,260101,001150
blk_7857898188,2,INFO,260101,001150
blk_7857898188,3,INFO,260101,001150
blk_7857898188,1,INFO,260101,001150
blk_5160553692,3,INFO,260101,001155
blk_5160553692,6,INFO,260101,001155
blk_5160553692,4,WARN,260101,001155
blk_5160553692,7,INFO,260101,001155
blk_5160553692,1,INFO,260101,001155
blk_5160553692,2,INFO,260101,001155
blk_2204421741,3,WARN,260101,001156
blk_2204421741,2,INFO,260101,001156
blk_2204421741,1,INFO,260101,001156
blk_2204421741,6,INFO,260101,001156
blk_2204421741,4,INFO,260101,001156
blk_3120622098,4,INFO,260101,001201
blk_3120622098,2,WARN,260101,001201
blk_3120622098,3,INFO,260101,001201
blk_3120622098,1,WARN,260101,001201
blk_3120622098,6,INFO,260101,001201
blk_4694749247,4,INFO,260101,001206
blk_4694749247,7,INFO,260101,001206
blk_4694749247,6,INFO,260101,001207
blk_4694749247,2,INFO,260101,001207
blk_7962847729,2,WARN,260101,001207
blk_7962847729,7,INFO,260101,001207
blk_7962847729,1,INFO,260101,001207
blk_7962847729,3,WARN,260101,001207
blk_7962847729,4,INFO,260101,001207
blk_7962847729,6,INFO,260101,001207
blk_4061817821,3,INFO,260101,001212
blk_4061817821,6,INFO,260101,001212
blk_4061817821,1,INFO,260101,001212
blk_4061817821,4,INFO,260101,001213
blk_4061817821,7,INFO,260101,001213
blk_4061817821,2,WARN,260101,001213
blk_0895118327,7,INFO,260101,001217
blk_0895118327,2,WARN,260101,001217
blk_0895118327,3,INFO,260101,001217
blk_0895118327,1,WARN,260101,001217
blk_3255748959,3,ERROR,260101,001221
blk_3255748959,4,WARN,260101,001221
blk_3255748959,5,WARN,260101,001221
blk_3255748959,7,ERROR,260101,001221
blk_3255748959,6,INFO,260101,001221
blk_3255748959,9,WARN,260101,001222
blk_3255748959,2,ERROR,260101,001222
blk_0357132958,6,INFO,260101,001225
blk_0357132958,1,INFO,260101,001225
blk_0357132958,4,INFO,260101,001225
blk_0357132958,7,INFO,260101,001225
blk_6576485735,6,INFO,260101,001226
blk_6576485735,3,INFO,260101,001226
blk_6576485735,4,WARN,260101,001226
blk_6576485735,7,INFO,260101,001226
blk_2174741320,7,WARN,260101,001231
blk_2174741320,6,WARN,260101,001231
blk_2174741320,3,INFO,260101,001231
blk_2174741320,1,INFO,260101,001231
blk_2174741320,4,WARN,260101,001232
blk_5979780092,6,INFO,260101,001233
blk_5979780092,4,INFO,260101,001233
blk_5979780092,7,INFO,260101,001233
blk_5979780092,1,INFO,260101,001233
blk_5979780092,2,INFO,260101,001233
blk_0601375429,6,INFO,260101,001235
blk_0601375429,2,INFO,260101,001235
blk_0601375429,4,INFO,260101,001235
blk_0601375429,1,INFO,260101,001235
blk_0601375429,3,WARN,260101,001235
blk_0601375429,7,INFO,260101,001235
blk_4016452164,4,INFO,260101,001236
blk_4016452164,3,INFO,260101,001236
blk_4016452164,1,INFO,260101,001236
blk_4016452164,7,INFO,260101,001236
blk_4016452164,6,INFO,260101,001236
blk_4016452164,2,INFO,260101,001237
blk_8641079741,3,INFO,260101,001237
blk_8641079741,6,WARN,260101,001237
blk_8641079741,4,WARN,260101,001237
blk_8641079741,1,WARN,260101,001237
blk_5586409443,6,INFO,260101,001239
blk_5586409443,1,ERROR,260101,001239
blk_5586409443,4,INFO,260101,001239
blk_5586409443,3,ERROR,260101,001240
blk_5586409443,7,INFO,260101,001240
blk_2874265525,1,INFO,260101,001243
blk_2874265525,3,INFO,260101,001243
blk_2874265525,4,INFO,260101,001243
blk_2874265525,6,WARN,260101,001244
blk_9588998317,7,WARN,260101,001248
blk_9588998317,1,INFO,260101,001248
blk_9588998317,2,INFO,260101,001248
blk_9588998317,6,INFO,260101,001249
blk_9588998317,3,INFO,260101,001249
blk_0861286533,3,WARN,260101,001249
blk_0861286533,1,INFO,260101,001249
blk_0861286533,6,INFO,260101,001249
blk_0861286533,4,INFO,260101,001249
blk_9745460228,6,INFO,260101,001253
blk_9745460228,2,INFO,260101,001253
blk_9745460228,7,INFO,260101,001253
blk_9745460228,3,WARN,260101,001253
blk_9745460228,4,INFO,260101,001253
blk_9745460228,1,INFO,260101,001253
blk_9565829364,3,INFO,260101,001257
blk_9565829364,1,INFO,260101,001257
blk_9565829364,7,INFO,260101,001257
blk_9565829364,6,INFO,260101,001257
blk_9565829364,4,INFO,260101,001258
blk_9565829364,2,WARN,260101,001258
blk_4450497915,4,INFO,260101,001301
blk_4450497915,3,INFO,260101,001301
blk_4450497915,2,INFO,260101,001301
blk_4450497915,6,INFO,260101,001301
blk_4450497915,1,WARN,260101,001301
blk_4450497915,7,INFO,260101,001302
blk_7786411122,3,INFO,260101,001305
blk_7786411122,7,INFO,260101,001305
blk_7786411122,2,INFO,260101,001305
blk_7786411122,6,INFO,260101,001305
blk_7786411122,1,WARN,260101,001305
blk_7786411122,4,INFO,260101,001306
blk_0863203606,7,INFO,260101,001306
blk_0863203606,1,WARN,260101,001306
blk_0863203606,2,INFO,260101,001306
blk_0863203606,3,WARN,260101,001306
blk_5145687854,1,INFO,260101,001309
blk_5145687854,6,WARN,260101,001309
blk_5145687854,2,INFO,260101,001309
blk_5145687854,7,INFO,260101,001309
blk_5145687854,4,INFO,260101,001309
blk_5145687854,3,WARN,260101,001309
blk_1581300782,6,WARN,260101,001313
blk_1581300782,2,INFO,260101,001313
blk_1581300782,4,INFO,260101,001313
blk_1581300782,7,WARN,260101,001313
blk_1581300782,3,INFO,260101,001314
blk_5077452155,3,WARN,260101,001318
blk_5077452155,2,INFO,260101,001318
blk_5077452155,6,INFO,260101,001318
blk_5077452155,7,WARN,260101,001318
blk_5077452155,1,WARN,260101,001319
blk_5077452155,4,WARN,260101,001319
blk_6594119354,7,INFO,260101,001320
blk_6594119354,6,WARN,260101,001320
blk_6594119354,1,WARN,260101,001320
blk_6594119354,4,INFO,260101,001321
blk_6594119354,3,INFO,260101,001321
blk_6594119354,2,INFO,260101,001321
blk_0148963470,2,INFO,260101,001325
blk_0148963470,3,INFO,260101,001325
blk_0148963470,4,INFO,260101,001325
blk_0148963470,7,INFO,260101,001326
blk_0148963470,1,INFO,260101,001326
blk_2873278394,3,WARN,260101,001329
blk_2873278394,7,INFO,260101,001329
blk_2873278394,6,INFO,260101,001329
blk_2873278394,4,INFO,260101,001329
blk_3714676680,4,INFO,260101,001330
blk_3714676680,3,WARN,260101,001330
blk_3714676680,1,INFO,260101,001330
blk_3714676680,6,INFO,260101,001330
blk_3765483408,3,INFO,260101,001332
blk_3765483408,2,INFO,260101,001332
blk_3765483408,1,INFO,260101,001332
blk_3765483408,6,INFO,260101,001332
blk_3723513009,1,WARN,260101,001334
blk_3723513009,4,INFO,260101,001334
blk_3723513009,6,WARN,260101,001334
blk_3723513009,2,INFO,260101,001334
blk_3723513009,7,INFO,260101,001334
blk_3723513009,3,INFO,260101,001334
blk_6954208134,1,INFO,260101,001337
blk_6954208134,4,WARN,260101,001337
blk_6954208134,7,WARN,260101,001337
blk_6954208134,3,WARN,260101,001337
blk_9077139759,4,INFO,260101,001339
blk_9077139759,7,INFO,260101,001339
blk_9077139759,6,INFO,260101,001339
blk_9077139759,2,INFO,260101,001340
blk_9077139759,3,INFO,260101,001340
blk_9077139759,1,INFO,260101,001340
blk_9957767716,7,INFO,260101,001340
blk_9957767716,1,WARN,260101,001340
blk_9957767716,9,WARN,260101,001340
blk_9957767716,4,ERROR,260101,001340
blk_9592902952,6,ERROR,260101,001345
blk_9592902952,2,INFO,260101,001345
blk_9592902952,9,WARN,260101,001345
blk_9592902952,4,WARN,260101,001345
blk_9592902952,7,INFO,260101,001345
blk_9592902952,1,WARN,260101,001346
blk_5606467976,6,INFO,260101,001349
blk_5606467976,3,INFO,260101,001349
blk_5606467976,7,WARN,260101,001349
blk_5606467976,4,WARN,260101,001349
blk_5606467976,1,INFO,260101,001350
blk_5606467976,2,INFO,260101,001350
blk_9993037539,3,WARN,260101,001350
blk_9993037539,6,INFO,260101,001350
blk_9993037539,7,INFO,260101,001350
blk_9993037539,2,INFO,260101,001350
blk_9993037539,4,INFO,260101,001350
blk_9993037539,1,INFO,260101,001350
blk_1989664371,3,WARN,260101,001351
blk_1989664371,6,INFO,260101,001351
blk_1989664371,2,INFO,260101,001351
blk_1989664371,7,INFO,260101,001352
blk_1989664371,1,INFO,260101,001352
blk_1761787379,6,INFO,260101,001356
blk_1761787379,2,INFO,260101,001356
blk_1761787379,1,WARN,260101,001356
blk_1761787379,4,INFO,260101,001356
blk_1761787379,7,INFO,260101,001356
blk_4371292619,1,INFO,260101,001359
blk_4371292619,4,INFO,260101,001359
blk_4371292619,6,INFO,260101,001359
blk_4371292619,7,INFO,260101,001359
blk_4371292619,2,INFO,260101,001359
blk_4371292619,3,INFO,260101,001400
blk_2016009207,7,INFO,260101,001400
blk_2016009207,6,INFO,260101,001400
blk_2016009207,3,INFO,260101,001400
blk_2016009207,2,WARN,260101,001400
blk_2016009207,4,INFO,260101,001401
blk_2016009207,1,WARN,260101,001401
blk_6633057532,4,INFO,260101,001403
blk_6633057532,2,INFO,260101,001403
blk_6633057532,6,WARN,260101,001403
blk_6633057532,7,INFO,260101,001403
blk_3241408535,2,INFO,260101,001404
blk_3241408535,7,INFO,260101,001404
blk_3241408535,6,INFO,260101,001404
blk_3241408535,4,INFO,260101,001405
blk_3241408535,3,INFO,260101,001405
blk_5665103464,1,INFO,260101,001408
blk_5665103464,6,WARN,260101,001408
blk_5665103464,7,INFO,260101,001408
blk_5665103464,4,INFO,260101,001408
blk_2833373336,4,INFO,260101,001410
blk_2833373336,1,INFO,260101,001410
blk_2833373336,3,INFO,260101,001410
blk_2833373336,6,WARN,260101,001410
blk_2833373336,7,INFO,260101,001410
blk_2410231573,2,INFO,260101,001414
blk_2410231573,6,INFO,260101,001414
blk_2410231573,7,INFO,260101,001414
blk_2410231573,1,WARN,260101,001414
blk_6209975242,7,WARN,260101,001415
blk_6209975242,2,INFO,260101,001415
blk_6209975242,4,WARN,260101,001415
blk_6209975242,3,INFO,260101,001415
blk_8474159130,6,INFO,260101,001420
blk_8474159130,7,INFO,260101,001420
blk_8474159130,3,INFO,260101,001420
blk_8474159130,2,INFO,260101,001420
blk_8474159130,1,INFO,260101,001421
blk_8474159130,4,INFO,260101,001421
blk_3997051924,7,INFO,260101,001425
blk_3997051924,1,INFO,260101,001425
blk_3997051924,3,INFO,260101,001425
blk_3997051924,6,INFO,260101,001426
blk_6037151389,2,INFO,260101,001426
blk_6037151389,4,INFO,260101,001426
blk_6037151389,6,INFO,260101,001426
blk_6037151389,7,INFO,260101,001426
blk_6037151389,3,INFO,260101,001427
blk_5525397860,2,INFO,260101,001427
blk_5525397860,1,WARN,260101,001427
blk_5525397860,3,INFO,260101,001427
blk_5525397860,6,WARN,260101,001427
blk_5525397860,7,INFO,260101,001427
blk_5170244777,4,INFO,260101,001428
blk_5170244777,7,INFO,260101,001428
blk_5170244777,2,INFO,260101,001428
blk_5170244777,1,WARN,260101,001428
blk_1658843143,4,INFO,260101,001433
blk_1658843143,6,WARN,260101,001433
blk_1658843143,2,WARN,260101,001433
blk_1658843143,1,INFO,260101,001433
blk_9635552634,6,WARN,260101,001437
blk_9635552634,4,INFO,260101,001437
blk_9635552634,2,WARN,260101,001437
blk_9635552634,7,WARN,260101,001437
blk_9635552634,3,INFO,260101,001438
blk_9635552634,1,INFO,260101,001438
blk_3752371688,2,INFO,260101,001442
blk_3752371688,4,INFO,260101,001442
blk_3752371688,1,WARN,260101,001442
blk_3752371688,3,WARN,260101,001442
blk_3752371688,6,INFO,260101,001442
blk_9325714589,3,ERROR,260101,001444
blk_9325714589,1,WARN,260101,001444
blk_9325714589,4,ERROR,260101,001444
blk_9325714589,7,INFO,260101,001444
blk_9325714589,2,INFO,260101,001444
blk_9325714589,8,WARN,260101,001444
blk_6308220892,7,WARN,260101,001447
blk_6308220892,2,WARN,260101,001447
blk_6308220892,4,INFO,260101,001448
blk_6308220892,3,INFO,260101,001448
blk_6308220892,6,INFO,260101,001448
blk_6308220892,1,INFO,260101,001448
blk_5794286025,2,INFO,260101,001451
blk_5794286025,6,WARN,260101,001451
blk_5794286025,4,INFO,260101,001451
blk_5794286025,7,WARN,260101,001451
blk_8361230479,3,INFO,260101,001452
blk_8361230479,1,INFO,260101,001452
blk_8361230479,4,INFO,260101,001452
blk_8361230479,2,WARN,260101,001453
blk_8361230479,6,INFO,260101,001453
blk_8361230479,7,INFO,260101,001453
blk_6888825694,3,INFO,260101,001456
blk_6888825694,4,INFO,260101,001456
blk_6888825694,7,INFO,260101,001456
blk_6888825694,6,INFO,260101,001456
blk_8366750790,7,INFO,260101,001501
blk_8366750790,2,INFO,260101,001501
blk_8366750790,1,INFO,260101,001501
blk_8366750790,6,INFO,260101,001502
blk_8366750790,3,INFO,260101,001502
blk_8366750790,4,INFO,260101,001502
blk_2603335537,4,INFO,260101,001504
blk_2603335537,3,WARN,260101,001504
blk_2603335537,7,INFO,260101,001504
blk_2603335537,6,WARN,260101,001504
blk_9014495166,4,WARN,260101,001505
blk_9014495166,1,INFO,260101,001505
blk_9014495166,2,INFO,260101,001505
blk_9014495166,7,WARN,260101,001506
blk_9014495166,3,INFO,260101,001506
blk_2463572240,4,INFO,260101,001506
blk_2463572240,2,INFO,260101,001506
blk_2463572240,6,INFO,260101,001506
blk_2463572240,7,INFO,260101,001507
blk_2463572240,3,INFO,260101,001507
blk_5132941398,2,INFO,260101,001511
blk_5132941398,7,WARN,260101,001511
blk_5132941398,4,INFO,260101,001511
blk_5132941398,6,INFO,260101,001511
blk_2379046070,2,INFO,260101,001512
blk_2379046070,6,INFO,260101,001512
blk_2379046070,4,INFO,260101,001512
blk_2379046070,3,INFO,260101,001512
blk_2379046070,7,INFO,260101,001512
blk_3064632146,7,INFO,260101,001516
blk_3064632146,1,WARN,260101,001516
blk_3064632146,4,WARN,260101,001516
blk_3064632146,6,INFO,260101,001516
blk_3064632146,3,INFO,260101,001516
blk_3064632146,2,INFO,260101,001517
blk_2942170017,6,INFO,260101,001521
blk_2942170017,2,INFO,260101,001521
blk_2942170017,4,INFO,260101,001521
blk_2942170017,1,WARN,260101,001521
blk_2942170017,7,WARN,260101,001521
blk_2209895621,6,INFO,260101,001525
blk_2209895621,2,INFO,260101,001525
blk_2209895621,3,INFO,260101,001525
blk_2209895621,4,WARN,260101,001525
blk_5059655791,2,INFO,260101,001527
blk_5059655791,4,INFO,260101,001527
blk_5059655791,7,INFO,260101,001527
blk_5059655791,3,INFO,260101,001528
blk_5059655791,1,WARN,260101,001528
blk_7191794316,1,INFO,260101,001528
blk_7191794316,7,INFO,260101,001528
blk_7191794316,4,INFO,260101,001528
blk_7191794316,2,INFO,260101,001528
blk_7191794316,6,INFO,260101,001529
blk_9798209884,3,INFO,260101,001532
blk_9798209884,1,WARN,260101,001532
blk_9798209884,7,WARN,260101,001532
blk_9798209884,6,INFO,260101,001532
blk_9798209884,2,INFO,260101,001533
blk_9798209884,4,INFO,260101,001533
blk_7528594808,4,INFO,260101,001537
blk_7528594808,2,WARN,260101,001537
blk_7528594808,6,INFO,260101,001537
blk_7528594808,3,INFO,260101,001537
blk_4087507878,7,INFO,260101,001538
blk_4087507878,1,INFO,260101,001538
blk_4087507878,4,WARN,260101,001538
blk_4087507878,6,WARN,260101,001538
blk_8592411324,1,INFO,260101,001540
blk_8592411324,4,INFO,260101,001540
blk_8592411324,6,INFO,260101,001540
blk_8592411324,3,INFO,260101,001540
blk_8592411324,2,INFO,260101,001540
blk_9967818766,1,INFO,260101,001542
blk_9967818766,2,INFO,260101,001542
blk_9967818766,7,WARN,260101,001542
blk_9967818766,3,INFO,260101,001542
blk_8549323791,4,WARN,260101,001544
blk_8549323791,3,INFO,260101,001544
blk_8549323791,1,WARN,260101,001544
blk_8549323791,2,WARN,260101,001544
blk_8549323791,6,WARN,260101,001544
blk_8549323791,7,INFO,260101,001544
blk_1458944148,2,WARN,260101,001549
blk_1458944148,6,WARN,260101,001549
blk_1458944148,3,INFO,260101,001549
blk_1458944148,4,WARN,260101,001550
blk_1458944148,7,INFO,260101,001550
blk_1458944148,1,INFO,260101,001550
blk_1248420191,4,WARN,260101,001552
blk_1248420191,6,INFO,260101,001552
blk_1248420191,3,INFO,260101,001552
blk_1248420191,2,INFO,260101,001552
blk_8029418030,7,WARN,260101,001556
blk_8029418030,1,WARN,260101,001556
blk_8029418030,2,INFO,260101,001556
blk_8029418030,4,INFO,260101,001556
blk_2627808746,3,INFO,260101,001557
blk_2627808746,2,WARN,260101,001557
blk_2627808746,7,INFO,260101,001557
blk_2627808746,1,INFO,260101,001557
blk_0130898391,2,INFO,260101,001559
blk_0130898391,7,INFO,260101,001559
blk_0130898391,1,INFO,260101,001559
blk_0130898391,6,WARN,260101,001559
blk_0130898391,4,INFO,260101,001600
blk_0130898391,3,INFO,260101,001600
blk_7037149418,3,INFO,260101,001603
blk_7037149418,7,INFO,260101,001603
blk_7037149418,6,INFO,260101,001603
blk_7037149418,4,WARN,260101,001603
blk_7037149418,1,INFO,260101,001603
blk_7037149418,2,INFO,260101,001604
blk_3598759408,2,WARN,260101,001607
blk_3598759408,7,INFO,260101,001607
blk_3598759408,3,INFO,260101,001607
blk_3598759408,1,INFO,260101,001608
blk_7661821452,6,INFO,260101,001612
blk_7661821452,4,INFO,260101,001612
blk_7661821452,1,WARN,260101,001612
blk_7661821452,3,INFO,260101,001612
blk_9286405463,3,WARN,260101,001616
blk_9286405463,4,INFO,260101,001616
blk_9286405463,6,WARN,260101,001616
blk_9286405463,1,INFO,260101,001616
blk_9286405463,2,WARN,260101,001616
blk_1988848150,3,INFO,260101,001619
blk_1988848150,1,INFO,260101,001619
blk_1988848150,2,INFO,260101,001619
blk_1988848150,4,INFO,260101,001619
blk_2863720727,4,INFO,260101,001620
blk_2863720727,6,INFO,260101,001620
blk_2863720727,2,WARN,260101,001620
blk_2863720727,3,INFO,260101,001621
blk_2863720727,1,INFO,260101,001621
blk_2863720727,7,INFO,260101,001621
blk_4523660478,1,WARN,260101,001624
blk_4523660478,2,WARN,260101,001624
blk_4523660478,6,WARN,260101,001624
blk_4523660478,7,INFO,260101,001624
blk_0657754703,4,WARN,260101,001625
blk_0657754703,6,INFO,260101,001625
blk_0657754703,3,WARN,260101,001625
blk_0657754703,1,INFO,260101,001626
blk_9602764031,7,INFO,260101,001628
blk_9602764031,1,INFO,260101,001628
blk_9602764031,3,INFO,260101,001628
blk_9602764031,4,INFO,260101,001628
blk_9602764031,6,INFO,260101,001629
blk_9602764031,2,INFO,260101,001629
blk_8396015535,6,WARN,260101,001631
blk_8396015535,3,WARN,260101,001631
blk_8396015535,7,WARN,260101,001631
blk_8396015535,4,INFO,260101,001631
blk_8396015535,1,INFO,260101,001632
blk_8396015535,2,INFO,260101,001632
blk_6417238833,6,WARN,260101,001633
blk_6417238833,3,INFO,260101,001633
blk_6417238833,7,INFO,260101,001633
blk_6417238833,1,INFO,260101,001634
blk_9151951339,1,INFO,260101,001635
blk_9151951339,3,WARN,260101,001635
blk_9151951339,2,INFO,260101,001635
blk_9151951339,4,INFO,260101,001635
blk_9151951339,6,INFO,260101,001636
blk_9151951339,7,INFO,260101,001636
blk_5568317919,1,INFO,260101,001639
blk_5568317919,2,INFO,260101,001639
blk_5568317919,4,INFO,260101,001639
blk_5568317919,7,INFO,260101,001639
blk_5568317919,3,INFO,260101,001640
blk_4680041149,2,INFO,260101,001640
blk_4680041149,3,WARN,260101,001640
blk_4680041149,4,INFO,260101,001640
blk_4680041149,7,INFO,260101,001640
blk_6890691532,2,INFO,260101,001641
blk_6890691532,7,INFO,260101,001641
blk_6890691532,4,INFO,260101,001641
blk_6890691532,1,INFO,260101,001641
blk_6890691532,3,WARN,260101,001642
blk_9660451363,7,INFO,260101,001646
blk_9660451363,3,WARN,260101,001646
blk_9660451363,2,INFO,260101,001646
blk_9660451363,4,INFO,260101,001646
blk_9660451363,6,WARN,260101,001646
blk_2964932467,6,WARN,260101,001648
blk_2964932467,2,INFO,260101,001648
blk_2964932467,1,INFO,260101,001648
blk_2964932467,8,INFO,260101,001648
blk_2964932467,4,WARN,260101,001649
blk_2964932467,0,INFO,260101,001649
blk_2964932467,3,WARN,260101,001649
blk_2964932467,7,INFO,260101,001649
blk_2269025669,1,WARN,260101,001651
blk_2269025669,4,INFO,260101,001651
blk_2269025669,6,INFO,260101,001651
blk_2269025669,7,INFO,260101,001651
blk_0503104660,4,INFO,260101,001654
blk_0503104660,7,INFO,260101,001654
blk_0503104660,3,INFO,260101,001654
blk_0503104660,6,WARN,260101,001655
blk_0503104660,2,INFO,260101,001655
blk_3479968802,6,WARN,260101,001659
blk_3479968802,4,INFO,260101,001659
blk_3479968802,2,WARN,260101,001659
blk_3479968802,1,WARN,260101,001659
blk_2152906275,2,WARN,260101,001701
blk_2152906275,6,ERROR,260101,001701
blk_2152906275,7,INFO,260101,001701
blk_2152906275,1,WARN,260101,001701
blk_2152906275,8,ERROR,260101,001702
blk_2152906275,4,ERROR,260101,001702
blk_2082684754,2,INFO,260101,001705
blk_2082684754,7,INFO,260101,001705
blk_2082684754,4,INFO,260101,001705
blk_2082684754,6,INFO,260101,001705
blk_2082684754,3,INFO,260101,001706
blk_9566932920,4,INFO,260101,001710
blk_9566932920,2,WARN,260101,001710
blk_9566932920,3,WARN,260101,001710
blk_9566932920,1,INFO,260101,001711
blk_9566932920,6,WARN,260101,001711
blk_9566932920,7,INFO,260101,001711
blk_8431039764,0,INFO,260101,001715
blk_8431039764,7,WARN,260101,001715
blk_8431039764,3,ERROR,260101,001715
blk_8431039764,5,ERROR,260101,001715
blk_8431039764,2,INFO,260101,001715
blk_8431039764,6,INFO,260101,001716
blk_7202554065,3,INFO,260101,001716
blk_7202554065,2,WARN,260101,001716
blk_7202554065,7,INFO,260101,001716
blk_7202554065,1,INFO,260101,001716
blk_7202554065,4,INFO,260101,001717
blk_7202554065,6,WARN,260101,001717
blk_8796725716,1,ERROR,260101,001719
blk_8796725716,3,INFO,260101,001719
blk_8796725716,7,WARN,260101,001719
blk_8796725716,2,INFO,260101,001719
blk_8796725716,0,INFO,260101,001719
blk_8796725716,6,INFO,260101,001720
blk_7646589570,3,INFO,260101,001722
blk_7646589570,6,INFO,260101,001722
blk_7646589570,7,INFO,260101,001722
blk_7646589570,2,INFO,260101,001722
blk_7646589570,4,INFO,260101,001723
blk_8707808047,4,INFO,260101,001727
blk_8707808047,6,WARN,260101,001727
blk_8707808047,1,INFO,260101,001727
blk_8707808047,2,INFO,260101,001728
blk_8707808047,3,INFO,260101,001728
blk_8707808047,7,INFO,260101,001728
blk_7799781543,1,WARN,260101,001728
blk_7799781543,6,WARN,260101,001728
blk_7799781543,4,INFO,260101,001728
blk_7799781543,7,INFO,260101,001729
blk_7799781543,3,INFO,260101,001729
blk_3731823393,7,INFO,260101,001729
blk_3731823393,6,INFO,260101,001729
blk_3731823393,2,WARN,260101,001729
blk_3731823393,1,INFO,260101,001729
blk_3731823393,3,INFO,260101,001730
blk_3731823393,4,INFO,260101,001730
blk_7563818441,3,WARN,260101,001732
blk_7563818441,6,INFO,260101,001732
blk_7563818441,1,WARN,260101,001732
blk_7563818441,2,INFO,260101,001732
blk_7563818441,4,WARN,260101,001733
blk_7563818441,7,INFO,260101,001733
blk_6376448206,2,INFO,260101,001736
blk_6376448206,1,WARN,260101,001736
blk_6376448206,7,INFO,260101,001736
blk_6376448206,4,INFO,260101,001736
blk_6252464505,1,INFO,260101,001737
blk_6252464505,4,INFO,260101,001737
blk_6252464505,6,INFO,260101,001737
blk_6252464505,3,WARN,260101,001737
blk_6252464505,2,INFO,260101,001738
blk_0381707040,4,WARN,260101,001740
blk_0381707040,7,INFO,260101,001740
blk_0381707040,1,INFO,260101,001740
blk_0381707040,3,INFO,260101,001740
blk_0381707040,6,INFO,260101,001740
blk_3724715411,6,WARN,260101,001743
blk_3724715411,1,INFO,260101,001743
blk_3724715411,7,INFO,260101,001743
blk_3724715411,4,WARN,260101,001743
blk_4927432256,2,INFO,260101,001745
blk_4927432256,1,INFO,260101,001745
blk_4927432256,7,INFO,260101,001745
blk_4927432256,3,WARN,260101,001745
blk_4927432256,4,INFO,260101,001746
blk_0242106779,1,WARN,260101,001747
blk_0242106779,6,WARN,260101,001747
blk_0242106779,3,INFO,260101,001747
blk_0242106779,2,INFO,260101,001748
blk_0242106779,4,WARN,260101,001748
blk_2113175172,7,INFO,260101,001749
blk_2113175172,1,INFO,260101,001749
blk_2113175172,4,INFO,260101,001749
blk_2113175172,3,INFO,260101,001750
blk_2113175172,6,WARN,260101,001750
blk_2113175172,2,INFO,260101,001750
blk_1030049089,2,WARN,260101,001754
blk_1030049089,1,INFO,260101,001754
blk_1030049089,3,INFO,260101,001754
blk_1030049089,4,INFO,260101,001755
blk_5906396379,8,INFO,260101,001759
blk_5906396379,2,INFO,260101,001759
blk_5906396379,4,WARN,260101,001759
blk_5906396379,1,WARN,260101,001759
blk_5906396379,0,ERROR,260101,001759
blk_5881601473,4,INFO,260101,001802
blk_5881601473,7,INFO,260101,001802
blk_5881601473,3,WARN,260101,001802
blk_5881601473,6,INFO,260101,001802
blk_5881601473,2,INFO,260101,001803
blk_3650207261,4,INFO,260101,001804
blk_3650207261,6,INFO,260101,001804
blk_3650207261,2,INFO,260101,001804
blk_3650207261,3,INFO,260101,001804
blk_3650207261,1,WARN,260101,001804
blk_6923749696,3,INFO,260101,001805
blk_6923749696,1,INFO,260101,001805
blk_6923749696,4,INFO,260101,001805
blk_6923749696,7,INFO,260101,001805
blk_4273803402,1,INFO,260101,001809
blk_4273803402,4,INFO,260101,001809
blk_4273803402,7,INFO,260101,001809
blk_4273803402,3,INFO,260101,001809
blk_4273803402,6,INFO,260101,001809
blk_4273803402,2,INFO,260101,001810
blk_2120691300,1,WARN,260101,001812
blk_2120691300,3,WARN,260101,001812
blk_2120691300,6,WARN,260101,001812
blk_2120691300,4,INFO,260101,001812
blk_5122326000,2,INFO,260101,001816
blk_5122326000,1,INFO,260101,001816
blk_5122326000,7,INFO,260101,001816
blk_5122326000,6,INFO,260101,001816
blk_7169969444,7,INFO,260101,001821
blk_7169969444,2,WARN,260101,001821
blk_7169969444,3,WARN,260101,001821
blk_7169969444,6,INFO,260101,001821
blk_2408610928,1,INFO,260101,001826
blk_2408610928,6,WARN,260101,001826
blk_2408610928,2,INFO,260101,001826
blk_2408610928,4,WARN,260101,001827
blk_4933994863,1,WARN,260101,001827
blk_4933994863,3,INFO,260101,001827
blk_4933994863,6,INFO,260101,001827
blk_4933994863,2,INFO,260101,001827
blk_4933994863,7,INFO,260101,001827
blk_9686623458,7,WARN,260101,001831
blk_9686623458,4,WARN,260101,001831
blk_9686623458,6,WARN,260101,001831
blk_9686623458,3,INFO,260101,001831
blk_2329527445,1,INFO,260101,001834
blk_2329527445,2,INFO,260101,001834
blk_2329527445,3,INFO,260101,001834
blk_2329527445,6,INFO,260101,001834
blk_0975772600,4,INFO,260101,001835
blk_0975772600,7,INFO,260101,001835
blk_0975772600,3,WARN,260101,001835
blk_0975772600,2,WARN,260101,001835
blk_4153954058,3,INFO,260101,001839
blk_4153954058,7,INFO,260101,001839
blk_4153954058,2,INFO,260101,001839
blk_4153954058,1,INFO,260101,001839
blk_4153954058,4,WARN,260101,001839
blk_1817456203,6,INFO,260101,001844
blk_1817456203,4,INFO,260101,001844
blk_1817456203,2,WARN,260101,001844
blk_1817456203,3,WARN,260101,001844
blk_1817456203,1,INFO,260101,001844
blk_1817456203,7,INFO,260101,001845
blk_5437474426,6,INFO,260101,001845
blk_5437474426,3,INFO,260101,001845
blk_5437474426,2,WARN,260101,001845
blk_5437474426,4,INFO,260101,001845
blk_5437474426,1,INFO,260101,001845
blk_5437474426,7,INFO,260101,001846
blk_5402285468,2,WARN,260101,001847
blk_5402285468,6,INFO,260101,001847
blk_5402285468,4,INFO,260101,001847
blk_5402285468,3,INFO,260101,001848
blk_5402285468,7,INFO,260101,001848
blk_5402285468,1,INFO,260101,001848
blk_0985059262,1,INFO,260101,001852
blk_0985059262,6,INFO,260101,001852
blk_0985059262,2,WARN,260101,001852
blk_0985059262,7,INFO,260101,001852
blk_0985059262,4,INFO,260101,001852
blk_6448671846,1,INFO,260101,001854
blk_6448671846,3,INFO,260101,001854
blk_6448671846,6,INFO,260101,001854
blk_6448671846,2,INFO,260101,001854
blk_4136425159,4,INFO,260101,001857
blk_4136425159,7,WARN,260101,001857
blk_4136425159,6,INFO,260101,001857
blk_4136425159,3,WARN,260101,001858
blk_4136425159,2,INFO,260101,001858
blk_4136425159,1,WARN,260101,001858
blk_8421538096,2,INFO,260101,001859
blk_8421538096,7,INFO,260101,001859
blk_8421538096,6,WARN,260101,001859
blk_8421538096,3,INFO,260101,001859
blk_4956857586,6,INFO,260101,001904
blk_4956857586,1,WARN,260101,001904
blk_4956857586,3,INFO,260101,001904
blk_4956857586,7,INFO,260101,001905
blk_4956857586,4,INFO,260101,001905
blk_9419369690,4,INFO,260101,001908
blk_9419369690,6,INFO,260101,001908
blk_9419369690,3,INFO,260101,001908
blk_9419369690,1,INFO,260101,001908
blk_9419369690,2,INFO,260101,001908
blk_9419369690,7,INFO,260101,001909
blk_3069337240,2,INFO,260101,001909
blk_3069337240,3,INFO,260101,001909
blk_3069337240,6,WARN,260101,001909
blk_3069337240,7,INFO,260101,001909
blk_3069337240,4,INFO,260101,001909
blk_8992785593,4,WARN,260101,001913
blk_8992785593,7,INFO,260101,001913
blk_8992785593,2,INFO,260101,001913
blk_8992785593,6,INFO,260101,001914
blk_8992785593,1,WARN,260101,001914
blk_9989211460,6,INFO,260101,001918
blk_9989211460,1,WARN,260101,001918
blk_9989211460,3,INFO,260101,001918
blk_9989211460,4,INFO,260101,001918
blk_5029681337,2,INFO,260101,001920
blk_5029681337,4,INFO,260101,001920
blk_5029681337,7,INFO,260101,001920
blk_5029681337,1,INFO,260101,001920
blk_7628256094,6,INFO,260101,001924
blk_7628256094,3,INFO,260101,001924
blk_7628256094,4,INFO,260101,001925
blk_7628256094,2,INFO,260101,001925
blk_6442461754,3,WARN,260101,001928
blk_6442461754,2,WARN,260101,001928
blk_6442461754,7,INFO,260101,001928
blk_6442461754,1,WARN,260101,001928
blk_0261151354,7,WARN,260101,001932
blk_0261151354,3,INFO,260101,001932
blk_0261151354,4,INFO,260101,001932
blk_0261151354,2,INFO,260101,001932
blk_0261151354,6,WARN,260101,001932
blk_5940834677,7,INFO,260101,001933
blk_5940834677,1,INFO,260101,001933
blk_5940834677,3,INFO,260101,001933
blk_5940834677,2,INFO,260101,001933
blk_5940834677,6,INFO,260101,001934
blk_5940834677,4,WARN,260101,001934
blk_8248357068,3,INFO,260101,001937
blk_8248357068,2,INFO,260101,001937
blk_8248357068,7,INFO,260101,001937
blk_8248357068,6,WARN,260101,001937
blk_1525302722,3,WARN,260101,001941
blk_1525302722,2,WARN,260101,001941
blk_1525302722,4,WARN,260101,001941
blk_1525302722,7,INFO,260101,001941
blk_1525302722,6,INFO,260101,001941
blk_7906882849,6,INFO,260101,001943
blk_7906882849,2,INFO,260101,001943
blk_7906882849,3,INFO,260101,001943
blk_7906882849,1,INFO,260101,001943
blk_8189665830,4,INFO,260101,001944
blk_8189665830,2,WARN,260101,001944
blk_8189665830,7,INFO,260101,001944
blk_8189665830,1,INFO,260101,001945
blk_5142256924,6,INFO,260101,001948
blk_5142256924,1,INFO,260101,001948
blk_5142256924,3,INFO,260101,001948
blk_5142256924,2,INFO,260101,001948
blk_5205525922,6,WARN,260101,001952
blk_5205525922,1,WARN,260101,001952
blk_5205525922,3,WARN,260101,001952
blk_5205525922,7,WARN,260101,001953
blk_5205525922,2,INFO,260101,001953
blk_9674772308,7,INFO,260101,001955
blk_9674772308,2,WARN,260101,001955
blk_9674772308,3,INFO,260101,001955
blk_9674772308,4,INFO,260101,001955
blk_9674772308,1,INFO,260101,001956
blk_9674772308,6,WARN,260101,001956
blk_7232625577,4,INFO,260101,001956
blk_7232625577,1,WARN,260101,001956
blk_7232625577,6,WARN,260101,001956
blk_7232625577,7,WARN,260101,001956
blk_3177889744,3,WARN,260101,001959
blk_3177889744,7,INFO,260101,001959
blk_3177889744,4,WARN,260101,001959
blk_3177889744,2,INFO,260101,002000
blk_3177889744,6,INFO,260101,002000
blk_3177889744,1,WARN,260101,002000
blk_1857494074,4,INFO,260101,002000
blk_1857494074,1,INFO,260101,002000
blk_1857494074,3,INFO,260101,002000
blk_1857494074,7,INFO,260101,002001
blk_1857494074,2,INFO,260101,002001
blk_2582751488,2,INFO,260101,002003
blk_2582751488,7,WARN,260101,002003
blk_2582751488,1,INFO,260101,002003
blk_2582751488,6,INFO,260101,002003
blk_3880538701,3,INFO,260101,002007
blk_3880538701,7,INFO,260101,002007
blk_3880538701,1,INFO,260101,002007
blk_3880538701,6,INFO,260101,002007
blk_3880538701,4,INFO,260101,002008
blk_3880538701,2,INFO,260101,002008
blk_8463734847,7,INFO,260101,002008
blk_8463734847,6,INFO,260101,002008
blk_8463734847,4,INFO,260101,002008
blk_8463734847,1,INFO,260101,002008
blk_8463734847,3,WARN,260101,002009
blk_2590032669,7,INFO,260101,002013
blk_2590032669,3,INFO,260101,002013
blk_2590032669,2,INFO,260101,002013
blk_2590032669,4,INFO,260101,002014
blk_2590032669,1,INFO,260101,002014
blk_2590032669,6,INFO,260101,002014
blk_9384154557,7,INFO,260101,002015
blk_9384154557,3,INFO,260101,002015
blk_9384154557,2,ERROR,260101,002015
blk_9384154557,0,ERROR,260101,002015
blk_9384154557,4,WARN,260101,002015
blk_9384154557,6,ERROR,260101,002015
blk_9384154557,8,ERROR,260101,002016
blk_9712224535,6,WARN,260101,002017
blk_9712224535,3,INFO,260101,002017
blk_9712224535,1,WARN,260101,002017
blk_9712224535,2,WARN,260101,002018
blk_9712224535,7,WARN,260101,002018
blk_1454908527,4,INFO,260101,002021
blk_1454908527,6,INFO,260101,002021
blk_1454908527,3,WARN,260101,002021
blk_1454908527,1,INFO,260101,002021
blk_5471324021,4,INFO,260101,002024
blk_5471324021,1,INFO,260101,002024
blk_5471324021,3,INFO,260101,002025
blk_5471324021,2,INFO,260101,002025
blk_5471324021,7,WARN,260101,002025
blk_6888075515,3,INFO,260101,002025
blk_6888075515,7,INFO,260101,002025
blk_6888075515,1,WARN,260101,002025
blk_6888075515,4,INFO,260101,002025
blk_6888075515,6,INFO,260101,002026
blk_6212549619,7,INFO,260101,002029
blk_6212549619,3,INFO,260101,002029
blk_6212549619,1,WARN,260101,002029
blk_6212549619,4,INFO,260101,002029
blk_6212549619,2,INFO,260101,002030
blk_6212549619,6,INFO,260101,002030
blk_8947296488,7,INFO,260101,002030
blk_8947296488,4,INFO,260101,002030
blk_8947296488,6,WARN,260101,002030
blk_8947296488,3,INFO,260101,002030
blk_2575463149,6,INFO,260101,002035
blk_2575463149,7,INFO,260101,002035
blk_2575463149,3,WARN,260101,002035
blk_2575463149,4,INFO,260101,002035
blk_2575463149,2,INFO,260101,002035
blk_8194845270,1,INFO,260101,002040
blk_8194845270,3,WARN,260101,002040
blk_8194845270,6,WARN,260101,002040
blk_8194845270,7,INFO,260101,002040
blk_8194845270,4,WARN,260101,002040
blk_8194845270,2,INFO,260101,002041
blk_9261925139,4,WARN,260101,002043
blk_9261925139,2,WARN,260101,002043
blk_9261925139,3,INFO,260101,002043
blk_9261925139,6,INFO,260101,002043
blk_2818672425,3,INFO,260101,002048
blk_2818672425,4,INFO,260101,002048
blk_2818672425,7,INFO,260101,002048
blk_2818672425,6,INFO,260101,002048
blk_4014775532,2,INFO,260101,002051
blk_4014775532,1,INFO,260101,002051
blk_4014775532,6,INFO,260101,002051
blk_4014775532,4,INFO,260101,002051
blk_3760904004,4,INFO,260101,002052
blk_3760904004,1,INFO,260101,002052
blk_3760904004,7,INFO,260101,002052
blk_3760904004,6,INFO,260101,002053
blk_3760904004,3,WARN,260101,002053
blk_8857972103,7,INFO,260101,002055
blk_8857972103,6,WARN,260101,002055
blk_8857972103,2,WARN,260101,002055
blk_8857972103,3,INFO,260101,002055
blk_5599742145,1,WARN,260101,002059
blk_5599742145,3,INFO,260101,002059
blk_5599742145,6,INFO,260101,002059
blk_5599742145,2,INFO,260101,002100
blk_2204708959,2,WARN,260101,002104
blk_2204708959,4,INFO,260101,002104
blk_2204708959,3,WARN,260101,002104
blk_2204708959,7,INFO,260101,002104
blk_2204708959,6,INFO,260101,002104
blk_2204708959,1,WARN,260101,002105
blk_0867344255,1,INFO,260101,002105
blk_0867344255,3,WARN,260101,002105
blk_0867344255,6,INFO,260101,002105
blk_0867344255,4,INFO,260101,002106
blk_9024180824,7,INFO,260101,002108
blk_9024180824,4,INFO,260101,002108
blk_9024180824,1,INFO,260101,002108
blk_9024180824,2,INFO,260101,002108
blk_9024180824,3,INFO,260101,002108
blk_3508173279,4,INFO,260101,002109
blk_3508173279,7,WARN,260101,002109
blk_3508173279,2,INFO,260101,002109
blk_3508173279,3,INFO,260101,002109
blk_3508173279,1,WARN,260101,002110
blk_4468319782,6,INFO,260101,002112
blk_4468319782,4,INFO,260101,002112
blk_4468319782,2,WARN,260101,002112
blk_4468319782,7,INFO,260101,002112
blk_4468319782,1,INFO,260101,002113
blk_4468319782,3,INFO,260101,002113
blk_1629692815,2,INFO,260101,002113
blk_1629692815,7,WARN,260101,002113
blk_1629692815,3,INFO,260101,002113
blk_1629692815,1,INFO,260101,002113
blk_1629692815,6,INFO,260101,002113
blk_1629692815,4,INFO,260101,002114
blk_6146318802,3,INFO,260101,002115
blk_6146318802,2,INFO,260101,002115
blk_6146318802,7,INFO,260101,002115
blk_6146318802,1,WARN,260101,002115
blk_3051881280,1,INFO,260101,002118
blk_3051881280,4,WARN,260101,002118
blk_3051881280,6,INFO,260101,002118
blk_3051881280,3,INFO,260101,002118
blk_3051881280,2,INFO,260101,002118
blk_4012909070,4,INFO,260101,002122
blk_4012909070,7,WARN,260101,002122
blk_4012909070,3,INFO,260101,002122
blk_4012909070,1,INFO,260101,002122
blk_7106569211,7,INFO,260101,002126
blk_7106569211,3,INFO,260101,002126
blk_7106569211,6,WARN,260101,002126
blk_7106569211,4,WARN,260101,002126
blk_3900645171,7,WARN,260101,002130
blk_3900645171,3,WARN,260101,002130
blk_3900645171,6,INFO,260101,002131
blk_3900645171,4,INFO,260101,002131
blk_3900645171,1,WARN,260101,002131
blk_3900645171,2,INFO,260101,002131
blk_9245949435,6,INFO,260101,002131
blk_9245949435,2,INFO,260101,002131
blk_9245949435,7,INFO,260101,002131
blk_9245949435,4,INFO,260101,002131
blk_9245949435,1,WARN,260101,002132
blk_3468882301,6,INFO,260101,002133
blk_3468882301,1,INFO,260101,002133
blk_3468882301,2,WARN,260101,002133
blk_3468882301,3,INFO,260101,002134
blk_3468882301,7,INFO,260101,002134
blk_0751886393,6,WARN,260101,002136
blk_0751886393,2,ERROR,260101,002136
blk_0751886393,1,WARN,260101,002136
blk_0751886393,10,INFO,260101,002136
blk_0751886393,3,ERROR,260101,002136
blk_6908017420,1,INFO,260101,002137
blk_6908017420,4,INFO,260101,002137
blk_6908017420,7,WARN,260101,002137
blk_6908017420,2,INFO,260101,002137
blk_6908017420,3,WARN,260101,002138
blk_6908017420,6,INFO,260101,002138
blk_2092298354,2,INFO,260101,002138
blk_2092298354,6,INFO,260101,002138
blk_2092298354,7,WARN,260101,002138
blk_2092298354,3,INFO,260101,002139
blk_7917535892,2,INFO,260101,002143
blk_7917535892,3,INFO,260101,002143
blk_7917535892,1,INFO,260101,002143
blk_7917535892,7,WARN,260101,002143
blk_7917535892,6,INFO,260101,002143
blk_7917535892,4,WARN,260101,002144
blk_9300098670,3,INFO,260101,002146
blk_9300098670,4,ERROR,260101,002146
blk_9300098670,6,INFO,260101,002146
blk_9300098670,1,ERROR,260101,002147
blk_9300098670,5,INFO,260101,002147
blk_9300098670,2,ERROR,260101,002147
blk_1476425365,3,INFO,260101,002148
blk_1476425365,6,WARN,260101,002148
blk_1476425365,7,INFO,260101,002148
blk_1476425365,4,WARN,260101,002148
blk_1476425365,1,INFO,260101,002149
blk_3367063875,4,WARN,260101,002149
blk_3367063875,2,INFO,260101,002149
blk_3367063875,7,WARN,260101,002149
blk_3367063875,3,INFO,260101,002149
blk_3367063875,6,WARN,260101,002149
blk_3367063875,1,WARN,260101,002149
blk_0003275196,1,INFO,260101,002151
blk_0003275196,2,INFO,260101,002151
blk_0003275196,3,INFO,260101,002151
blk_0003275196,4,INFO,260101,002151
blk_0003275196,7,INFO,260101,002151
blk_0003275196,6,INFO,260101,002152
blk_5096686148,4,INFO,260101,002153
blk_5096686148,3,INFO,260101,002153
blk_5096686148,2,INFO,260101,002153
blk_5096686148,7,INFO,260101,002153
blk_5096686148,6,INFO,260101,002153
blk_5096686148,1,INFO,260101,002154
blk_1750559662,6,INFO,260101,002155
blk_1750559662,4,WARN,260101,002155
blk_1750559662,7,INFO,260101,002155
blk_1750559662,2,INFO,260101,002155
blk_1750559662,3,INFO,260101,002155
blk_7544590679,2,INFO,260101,002156
blk_7544590679,4,INFO,260101,002156
blk_7544590679,7,WARN,260101,002156
blk_7544590679,6,INFO,260101,002156
blk_7544590679,3,INFO,260101,002157
blk_7544590679,1,INFO,260101,002157
blk_1722532780,3,INFO,260101,002200
blk_1722532780,2,WARN,260101,002200
blk_1722532780,6,INFO,260101,002200
blk_1722532780,7,INFO,260101,002200
blk_7545352636,4,WARN,260101,002204
blk_7545352636,3,INFO,260101,002204
blk_7545352636,1,INFO,260101,002204
blk_7545352636,7,WARN,260101,002204
blk_7545352636,2,INFO,260101,002204
blk_7545352636,6,WARN,260101,002204
blk_4685733499,4,ERROR,260101,002208
blk_4685733499,9,ERROR,260101,002208
blk_4685733499,6,INFO,260101,002208
blk_4685733499,8,WARN,260101,002208
blk_4685733499,3,WARN,260101,002209
blk_4685733499,1,ERROR,260101,002209
blk_6280568436,3,INFO,260101,002210
blk_6280568436,1,WARN,260101,002210
blk_6280568436,4,INFO,260101,002210
blk_6280568436,6,INFO,260101,002210
blk_3610300148,2,INFO,260101,002212
blk_3610300148,6,INFO,260101,002212
blk_3610300148,1,WARN,260101,002212
blk_3610300148,7,INFO,260101,002212
blk_3610300148,3,INFO,260101,002213
blk_3610300148,4,INFO,260101,002213
blk_4489095691,2,WARN,260101,002215
blk_4489095691,3,WARN,260101,002215
blk_4489095691,4,INFO,260101,002215
blk_4489095691,7,INFO,260101,002216
blk_4489095691,1,INFO,260101,002216
blk_6655074676,4,INFO,260101,002220
blk_6655074676,7,WARN,260101,002220
blk_6655074676,2,INFO,260101,002220
blk_6655074676,6,INFO,260101,002220
blk_6655074676,3,INFO,260101,002221
blk_4669684574,7,INFO,260101,002224
blk_4669684574,2,INFO,260101,002224
blk_4669684574,6,WARN,260101,002224
blk_4669684574,4,INFO,260101,002224
blk_4669684574,1,INFO,260101,002225
blk_7642065227,2,INFO,260101,002228
blk_7642065227,3,INFO,260101,002228
blk_7642065227,4,INFO,260101,002228
blk_7642065227,1,INFO,260101,002228
blk_7642065227,7,INFO,260101,002228
blk_8846654325,4,INFO,260101,002230
blk_8846654325,3,WARN,260101,002230
blk_8846654325,7,WARN,260101,002230
blk_8846654325,1,INFO,260101,002230
blk_8846654325,2,WARN,260101,002231
blk_5012922647,3,INFO,260101,002234
blk_5012922647,4,INFO,260101,002234
blk_5012922647,1,WARN,260101,002234
blk_5012922647,2,INFO,260101,002235
blk_5012922647,7,INFO,260101,002235
blk_7943838342,7,INFO,260101,002238
blk_7943838342,6,INFO,260101,002238
blk_7943838342,4,INFO,260101,002238
blk_7943838342,1,INFO,260101,002238
blk_7943838342,3,INFO,260101,002239
blk_4563457971,3,WARN,260101,002243
blk_4563457971,6,INFO,260101,002243
blk_4563457971,2,INFO,260101,002243
blk_4563457971,1,INFO,260101,002244
blk_4563457971,7,INFO,260101,002244
blk_4563457971,4,WARN,260101,002244
blk_7284589362,1,INFO,260101,002248
blk_7284589362,7,INFO,260101,002248
blk_7284589362,3,INFO,260101,002248
blk_7284589362,2,INFO,260101,002248
blk_7284589362,4,WARN,260101,002248
blk_0182283416,2,WARN,260101,002249
blk_0182283416,1,INFO,260101,002249
blk_0182283416,3,WARN,260101,002249
blk_0182283416,4,INFO,260101,002249
blk_0182283416,6,INFO,260101,002249
blk_9473027643,7,INFO,260101,002250
blk_9473027643,3,INFO,260101,002250
blk_9473027643,2,INFO,260101,002250
blk_9473027643,4,INFO,260101,002250
blk_9473027643,6,INFO,260101,002250
blk_9473027643,1,INFO,260101,002250
blk_8441281101,6,INFO,260101,002254
blk_8441281101,2,INFO,260101,002254
blk_8441281101,4,INFO,260101,002254
blk_8441281101,3,INFO,260101,002254
blk_8255687408,4,INFO,260101,002258
blk_8255687408,2,INFO,260101,002258
blk_8255687408,1,INFO,260101,002258
blk_8255687408,6,INFO,260101,002258
blk_7537034052,3,INFO,260101,002259
blk_7537034052,6,INFO,260101,002259
blk_7537034052,2,WARN,260101,002259
blk_7537034052,7,INFO,260101,002259
blk_7537034052,4,INFO,260101,002300
blk_7537034052,1,INFO,260101,002300
blk_2718819506,7,INFO,260101,002304
blk_2718819506,3,WARN,260101,002304
blk_2718819506,6,INFO,260101,002304
blk_2718819506,1,INFO,260101,002304
blk_2718819506,2,INFO,260101,002304
blk_0336332752,7,INFO,260101,002308
blk_0336332752,2,WARN,260101,002308
blk_0336332752,3,INFO,260101,002308
blk_0336332752,1,WARN,260101,002308
blk_0336332752,4,WARN,260101,002309
blk_0336332752,6,INFO,260101,002309
blk_6517440489,6,INFO,260101,002311
blk_6517440489,1,WARN,260101,002311
blk_6517440489,7,INFO,260101,002311
blk_6517440489,3,INFO,260101,002311
blk_6517440489,4,INFO,260101,002312
blk_6634070299,7,INFO,260101,002313
blk_6634070299,1,WARN,260101,002313
blk_6634070299,6,INFO,260101,002313
blk_6634070299,4,INFO,260101,002313
blk_6634070299,2,INFO,260101,002314
blk_6634070299,3,INFO,260101,002314
blk_3927755637,3,WARN,260101,002315
blk_3927755637,6,INFO,260101,002315
blk_3927755637,7,INFO,260101,002315
blk_3927755637,1,INFO,260101,002316
blk_9487800250,1,INFO,260101,002316
blk_9487800250,3,WARN,260101,002316
blk_9487800250,6,INFO,260101,002316
blk_9487800250,7,INFO,260101,002316
blk_9487800250,4,INFO,260101,002317
blk_9487800250,2,INFO,260101,002317
blk_8703343623,7,INFO,260101,002320
blk_8703343623,4,INFO,260101,002320
blk_8703343623,2,INFO,260101,002320
blk_8703343623,3,INFO,260101,002320
blk_8703343623,1,INFO,260101,002320
blk_8116855369,7,WARN,260101,002322
blk_8116855369,3,WARN,260101,002322
blk_8116855369,4,INFO,260101,002322
blk_8116855369,2,INFO,260101,002322
blk_6295565249,6,INFO,260101,002327
blk_6295565249,1,INFO,260101,002327
blk_6295565249,2,WARN,260101,002327
blk_6295565249,7,WARN,260101,002327
blk_6295565249,4,INFO,260101,002328
blk_4264523505,7,INFO,260101,002329
blk_4264523505,6,WARN,260101,002329
blk_4264523505,3,INFO,260101,002330
blk_4264523505,2,INFO,260101,002330
blk_4264523505,1,WARN,260101,002330
blk_9478614339,3,INFO,260101,002333
blk_9478614339,6,INFO,260101,002333
blk_9478614339,4,INFO,260101,002333
blk_9478614339,7,INFO,260101,002333
blk_4595242208,7,INFO,260101,002336
blk_4595242208,1,INFO,260101,002336
blk_4595242208,2,INFO,260101,002336
blk_4595242208,6,INFO,260101,002336
blk_4595242208,4,WARN,260101,002336
blk_4595242208,3,INFO,260101,002336
blk_5459056081,1,WARN,260101,002339
blk_5459056081,2,WARN,260101,002339
blk_5459056081,6,INFO,260101,002339
blk_5459056081,4,INFO,260101,002340
blk_5459056081,3,INFO,260101,002340
blk_5459056081,7,INFO,260101,002340
blk_9890976092,4,INFO,260101,002344
blk_9890976092,2,WARN,260101,002344
blk_9890976092,7,INFO,260101,002344
blk_9890976092,3,INFO,260101,002345
blk_5065861662,1,WARN,260101,002346
blk_5065861662,6,INFO,260101,002346
blk_5065861662,2,INFO,260101,002346
blk_5065861662,4,WARN,260101,002346
blk_5065861662,7,INFO,260101,002347
blk_5065861662,3,WARN,260101,002347
blk_9086434566,1,INFO,260101,002349
blk_9086434566,4,INFO,260101,002349
blk_9086434566,3,INFO,260101,002349
blk_9086434566,2,INFO,260101,002349
blk_9086434566,6,WARN,260101,002349
blk_5298567461,3,INFO,260101,002351
blk_5298567461,2,INFO,260101,002351
blk_5298567461,6,INFO,260101,002351
blk_5298567461,7,INFO,260101,002352
blk_5298567461,1,INFO,260101,002352
blk_7700182277,6,INFO,260101,002353
blk_7700182277,4,INFO,260101,002353
blk_7700182277,7,INFO,260101,002353
blk_7700182277,1,INFO,260101,002354
blk_7700182277,2,INFO,260101,002354
blk_7591798137,6,WARN,260101,002357
blk_7591798137,7,INFO,260101,002357
blk_7591798137,2,WARN,260101,002357
blk_7591798137,3,WARN,260101,002357
blk_6177306428,7,INFO,260101,002401
blk_6177306428,6,WARN,260101,002401
blk_6177306428,2,INFO,260101,002401
blk_6177306428,4,INFO,260101,002401
blk_3778767509,3,INFO,260101,002406
blk_3778767509,4,INFO,260101,002406
blk_3778767509,2,INFO,260101,002406
blk_3778767509,1,INFO,260101,002406
blk_3778767509,6,WARN,260101,002406
blk_3778767509,7,INFO,260101,002407
blk_2447228973,3,INFO,260101,002410
blk_2447228973,1,INFO,260101,002410
blk_2447228973,2,INFO,260101,002410
blk_2447228973,7,INFO,260101,002410
blk_2447228973,4,INFO,260101,002410
blk_2447228973,6,INFO,260101,002411
blk_4445432742,4,INFO,260101,002414
blk_4445432742,3,INFO,260101,002414
blk_4445432742,7,INFO,260101,002414
blk_4445432742,1,WARN,260101,002414
blk_4445432742,6,WARN,260101,002414
blk_6869392604,3,INFO,260101,002415
blk_6869392604,6,WARN,260101,002415
blk_6869392604,2,INFO,260101,002415
blk_6869392604,1,INFO,260101,002415
blk_6869392604,7,INFO,260101,002415
blk_6869392604,4,INFO,260101,002415
blk_9942412486,1,WARN,260101,002417
blk_9942412486,3,INFO,260101,002417
blk_9942412486,7,INFO,260101,002417
blk_9942412486,6,INFO,260101,002417
blk_9942412486,2,WARN,260101,002418
blk_6263709802,4,INFO,260101,002419
blk_6263709802,7,INFO,260101,002419
blk_6263709802,6,INFO,260101,002419
blk_6263709802,2,INFO,260101,002419
blk_0806445651,1,INFO,260101,002422
blk_0806445651,7,INFO,260101,002422
blk_0806445651,3,WARN,260101,002422
blk_0806445651,2,INFO,260101,002423
blk_0806445651,6,WARN,260101,002423
blk_5266992450,1,INFO,260101,002427
blk_5266992450,4,INFO,260101,002427
blk_5266992450,3,WARN,260101,002427
blk_5266992450,7,WARN,260101,002428
blk_5266992450,6,INFO,260101,002428
blk_5266992450,2,INFO,260101,002428
blk_9063073460,7,WARN,260101,002429
blk_9063073460,2,INFO,260101,002429
blk_9063073460,1,INFO,260101,002429
blk_9063073460,6,INFO,260101,002429
blk_9063073460,4,INFO,260101,002430
blk_9063073460,3,INFO,260101,002430
blk_5727635185,2,INFO,260101,002431
blk_5727635185,6,INFO,260101,002431
blk_5727635185,1,INFO,260101,002431
blk_5727635185,3,INFO,260101,002431
blk_5727635185,7,INFO,260101,002432
blk_7933585764,7,INFO,260101,002434
blk_7933585764,3,INFO,260101,002434
blk_7933585764,1,INFO,260101,002434
blk_7933585764,6,INFO,260101,002434
blk_7933585764,2,INFO,260101,002435
blk_7994631023,6,INFO,260101,002438
blk_7994631023,2,WARN,260101,002438
blk_7994631023,7,WARN,260101,002438
blk_7994631023,4,WARN,260101,002438
blk_1655258769,6,INFO,260101,002443
blk_1655258769,3,INFO,260101,002443
blk_1655258769,4,INFO,260101,002443
blk_1655258769,7,WARN,260101,002444
blk_4077428887,2,WARN,260101,002446
blk_4077428887,7,INFO,260101,002446
blk_4077428887,4,WARN,260101,002446
blk_4077428887,3,INFO,260101,002447
blk_4077428887,6,INFO,260101,002447
blk_4077428887,1,INFO,260101,002447
blk_8086585727,6,INFO,260101,002450
blk_8086585727,2,WARN,260101,002450
blk_8086585727,7,INFO,260101,002450
blk_8086585727,1,WARN,260101,002450
blk_8086585727,3,WARN,260101,002450
blk_8086585727,4,INFO,260101,002450
blk_1954403036,6,WARN,260101,002451
blk_1954403036,9,WARN,260101,002451
blk_1954403036,7,INFO,260101,002451
blk_1954403036,3,INFO,260101,002451
blk_4608473601,2,WARN,260101,002456
blk_4608473601,7,INFO,260101,002456
blk_4608473601,6,INFO,260101,002456
blk_4608473601,4,WARN,260101,002456
blk_4608473601,3,INFO,260101,002456
blk_4871710998,3,INFO,260101,002457
blk_4871710998,1,INFO,260101,002457
blk_4871710998,6,INFO,260101,002457
blk_4871710998,4,WARN,260101,002457
blk_4871710998,2,INFO,260101,002457
blk_4871710998,7,INFO,260101,002457
blk_0613329223,7,INFO,260101,002458
blk_0613329223,6,WARN,260101,002458
blk_0613329223,2,INFO,260101,002458
blk_0613329223,3,INFO,260101,002458
blk_0613329223,4,INFO,260101,002459
blk_0613329223,1,INFO,260101,002459
blk_7223782931,7,WARN,260101,002459
blk_7223782931,1,INFO,260101,002459
blk_7223782931,2,WARN,260101,002459
blk_7223782931,3,WARN,260101,002459
blk_7223782931,6,INFO,260101,002500
blk_7223782931,4,WARN,260101,002500
blk_5815467930,3,INFO,260101,002501
blk_5815467930,2,INFO,260101,002501
blk_5815467930,7,INFO,260101,002501
blk_5815467930,6,WARN,260101,002501
blk_5815467930,1,INFO,260101,002501
blk_0026845181,1,INFO,260101,002504
blk_0026845181,3,INFO,260101,002504
blk_0026845181,2,INFO,260101,002504
blk_0026845181,4,INFO,260101,002504
blk_8124449026,6,WARN,260101,002509
blk_8124449026,3,INFO,260101,002509
blk_8124449026,7,INFO,260101,002509
blk_8124449026,1,WARN,260101,002509
blk_8124449026,4,INFO,260101,002510
blk_8124449026,2,INFO,260101,002510
blk_7014746381,4,WARN,260101,002510
blk_7014746381,6,WARN,260101,002510
blk_7014746381,7,ERROR,260101,002510
blk_7014746381,10,INFO,260101,002510
blk_7014746381,8,ERROR,260101,002511
blk_9989826700,1,INFO,260101,002513
blk_9989826700,6,INFO,260101,002513
blk_9989826700,4,INFO,260101,002513
blk_9989826700,3,INFO,260101,002513
blk_6034103731,1,INFO,260101,002518
blk_6034103731,4,INFO,260101,002518
blk_6034103731,6,INFO,260101,002518
blk_6034103731,7,WARN,260101,002519
blk_3836149659,2,INFO,260101,002519
blk_3836149659,6,INFO,260101,002519
blk_3836149659,4,WARN,260101,002519
blk_3836149659,7,WARN,260101,002519
blk_3836149659,3,WARN,260101,002519
blk_1061260868,4,INFO,260101,002523
blk_1061260868,6,INFO,260101,002523
blk_1061260868,3,INFO,260101,002523
blk_1061260868,1,INFO,260101,002524
blk_1061260868,2,INFO,260101,002524
blk_8765663340,3,INFO,260101,002528
blk_8765663340,4,WARN,260101,002528
blk_8765663340,6,INFO,260101,002528
blk_8765663340,2,INFO,260101,002528
blk_2617905436,2,INFO,260101,002529
blk_2617905436,3,WARN,260101,002529
blk_2617905436,7,INFO,260101,002529
blk_2617905436,1,INFO,260101,002530
blk_2617905436,4,WARN,260101,002530
blk_8291054904,1,INFO,260101,002530
blk_8291054904,7,INFO,260101,002530
blk_8291054904,4,WARN,260101,002530
blk_8291054904,3,INFO,260101,002530
blk_8291054904,6,INFO,260101,002530
blk_0212394304,8,ERROR,260101,002534
blk_0212394304,2,ERROR,260101,002534
blk_0212394304,1,INFO,260101,002534
blk_0212394304,9,INFO,260101,002534
blk_0212394304,7,ERROR,260101,002535
blk_7067343315,6,INFO,260101,002538
blk_7067343315,7,INFO,260101,002538
blk_7067343315,2,INFO,260101,002538
blk_7067343315,1,INFO,260101,002538
blk_7067343315,3,WARN,260101,002539
blk_7067343315,4,INFO,260101,002539
blk_6499721465,7,WARN,260101,002539
blk_6499721465,4,INFO,260101,002539
blk_6499721465,1,INFO,260101,002539
blk_6499721465,6,WARN,260101,002539
blk_8027295146,1,INFO,260101,002542
blk_8027295146,6,INFO,260101,002542
blk_8027295146,2,INFO,260101,002542
blk_8027295146,3,INFO,260101,002543
blk_8027295146,7,INFO,260101,002543
blk_8027295146,4,INFO,260101,002543
blk_4500819318,6,INFO,260101,002543
blk_4500819318,2,INFO,260101,002543
blk_4500819318,7,INFO,260101,002543
blk_4500819318,4,INFO,260101,002543
blk_4500819318,1,INFO,260101,002543
blk_0838755864,7,WARN,260101,002548
blk_0838755864,5,WARN,260101,002548
blk_0838755864,6,INFO,260101,002548
blk_0838755864,4,INFO,260101,002548
blk_0838755864,9,ERROR,260101,002549
blk_7441939772,6,INFO,260101,002550
blk_7441939772,3,INFO,260101,002550
blk_7441939772,4,INFO,260101,002550
blk_7441939772,1,WARN,260101,002550
blk_1289202936,3,INFO,260101,002552
blk_1289202936,6,INFO,260101,002552
blk_1289202936,4,INFO,260101,002552
blk_1289202936,2,WARN,260101,002553
blk_2789471496,1,WARN,260101,002555
blk_2789471496,2,WARN,260101,002555
blk_2789471496,4,INFO,260101,002555
blk_2789471496,6,INFO,260101,002555
blk_2789471496,3,WARN,260101,002556
blk_2789471496,7,INFO,260101,002556
blk_4700106489,1,INFO,260101,002556
blk_4700106489,6,INFO,260101,002556
blk_4700106489,7,INFO,260101,002556
blk_4700106489,2,INFO,260101,002556
blk_7363955032,2,INFO,260101,002559
blk_7363955032,6,INFO,260101,002559
blk_7363955032,3,INFO,260101,002559
blk_7363955032,1,WARN,260101,002559
blk_7363955032,7,INFO,260101,002600
blk_1495664634,4,WARN,260101,002603
blk_1495664634,2,INFO,260101,002603
blk_1495664634,7,INFO,260101,002603
blk_1495664634,3,WARN,260101,002603
blk_2074557127,7,INFO,260101,002604
blk_2074557127,3,INFO,260101,002604
blk_2074557127,1,INFO,260101,002604
blk_2074557127,4,INFO,260101,002604
blk_2497708439,3,INFO,260101,002607
blk_2497708439,1,INFO,260101,002607
blk_2497708439,6,INFO,260101,002607
blk_2497708439,4,WARN,260101,002608
blk_5588813706,2,INFO,260101,002609
blk_5588813706,6,WARN,260101,002609
blk_5588813706,4,INFO,260101,002609
blk_5588813706,1,WARN,260101,002609
blk_1433140554,1,INFO,260101,002612
blk_1433140554,6,WARN,260101,002612
blk_1433140554,3,INFO,260101,002612
blk_1433140554,4,INFO,260101,002612
blk_8564253436,2,INFO,260101,002613
blk_8564253436,1,INFO,260101,002613
blk_8564253436,3,INFO,260101,002613
blk_8564253436,4,INFO,260101,002613
blk_8564253436,6,WARN,260101,002613
blk_8651531944,6,INFO,260101,002618
blk_8651531944,1,WARN,260101,002618
blk_8651531944,4,INFO,260101,002618
blk_8651531944,3,INFO,260101,002618
blk_8651531944,7,INFO,260101,002618
blk_8651531944,2,INFO,260101,002618
blk_0851902096,2,INFO,260101,002621
blk_0851902096,6,INFO,260101,002621
blk_0851902096,4,WARN,260101,002621
blk_0851902096,7,INFO,260101,002621
blk_0851902096,1,INFO,260101,002621
blk_0851902096,3,WARN,260101,002621
blk_2201679631,3,INFO,260101,002624
blk_2201679631,6,INFO,260101,002624
blk_2201679631,2,INFO,260101,002624
blk_2201679631,4,INFO,260101,002624
blk_2201679631,7,INFO,260101,002624
blk_8472158584,7,INFO,260101,002626
blk_8472158584,3,WARN,260101,002626
blk_8472158584,4,INFO,260101,002626
blk_8472158584,1,INFO,260101,002626
blk_8472158584,6,INFO,260101,002626
blk_8472158584,2,INFO,260101,002627
blk_4707679743,1,INFO,260101,002629
blk_4707679743,3,INFO,260101,002629
blk_4707679743,7,INFO,260101,002629
blk_4707679743,6,INFO,260101,002629
blk_6616076933,1,INFO,260101,002632
blk_6616076933,7,INFO,260101,002632
blk_6616076933,4,INFO,260101,002632
blk_6616076933,2,INFO,260101,002632
blk_4573582914,3,INFO,260101,002635
blk_4573582914,2,WARN,260101,002635
blk_4573582914,7,INFO,260101,002635
blk_4573582914,6,WARN,260101,002635
blk_7693547406,4,INFO,260101,002637
blk_7693547406,1,WARN,260101,002637
blk_7693547406,2,INFO,260101,002637
blk_7693547406,7,INFO,260101,002637
blk_7693547406,6,INFO,260101,002637
blk_9401668907,6,INFO,260101,002638
blk_9401668907,7,INFO,260101,002638
blk_9401668907,3,INFO,260101,002638
blk_9401668907,1,INFO,260101,002638
blk_9401668907,4,INFO,260101,002638
blk_1360882202,6,INFO,260101,002640
blk_1360882202,7,INFO,260101,002640
blk_1360882202,2,WARN,260101,002640
blk_1360882202,1,INFO,260101,002640
blk_1360882202,3,INFO,260101,002641
blk_1360882202,4,INFO,260101,002641
blk_3355129424,9,WARN,260101,002643
blk_3355129424,3,ERROR,260101,002643
blk_3355129424,6,INFO,260101,002643
blk_3355129424,1,WARN,260101,002643
blk_3355129424,4,INFO,260101,002644
blk_3598595960,4,ERROR,260101,002647
blk_3598595960,10,WARN,260101,002647
blk_3598595960,3,INFO,260101,002647
blk_3598595960,6,INFO,260101,002647
blk_3598595960,2,INFO,260101,002648
blk_3598595960,7,ERROR,260101,002648
blk_6816346072,2,INFO,260101,002651
blk_6816346072,1,WARN,260101,002651
blk_6816346072,3,WARN,260101,002651
blk_6816346072,7,INFO,260101,002651
blk_6816346072,6,INFO,260101,002652
blk_6816346072,4,WARN,260101,002652
blk_8928901382,7,WARN,260101,002652
blk_8928901382,3,INFO,260101,002652
blk_8928901382,6,INFO,260101,002652
blk_8928901382,4,INFO,260101,002652
blk_8928901382,1,INFO,260101,002652
blk_8928901382,2,INFO,260101,002653
blk_6993796960,6,INFO,260101,002656
blk_6993796960,1,WARN,260101,002656
blk_6993796960,3,INFO,260101,002656
blk_6993796960,4,INFO,260101,002656
blk_6993796960,7,INFO,260101,002656
blk_4336695200,7,INFO,260101,002659
blk_4336695200,4,ERROR,260101,002659
blk_4336695200,9,ERROR,260101,002659
blk_4336695200,2,INFO,260101,002659
blk_7537820294,2,WARN,260101,002701
blk_7537820294,1,INFO,260101,002701
blk_7537820294,7,WARN,260101,002701
blk_7537820294,3,INFO,260101,002701
blk_6447504899,3,INFO,260101,002703
blk_6447504899,2,INFO,260101,002703
blk_6447504899,6,WARN,260101,002703
blk_6447504899,1,INFO,260101,002704
blk_6447504899,7,INFO,260101,002704
blk_6372983212,7,INFO,260101,002706
blk_6372983212,2,WARN,260101,002706
blk_6372983212,3,INFO,260101,002706
blk_6372983212,6,INFO,260101,002706
blk_1061295760,2,WARN,260101,002710
blk_1061295760,3,ERROR,260101,002710
blk_1061295760,1,ERROR,260101,002710
blk_1061295760,7,INFO,260101,002711
blk_1061295760,6,ERROR,260101,002711
blk_1061295760,4,WARN,260101,002711
blk_1061295760,9,INFO,260101,002711
blk_1061295760,0,ERROR,260101,002711
blk_4110279524,2,INFO,260101,002715
blk_4110279524,7,INFO,260101,002715
blk_4110279524,6,WARN,260101,002715
blk_4110279524,1,INFO,260101,002715
blk_7544671639,1,INFO,260101,002719
blk_7544671639,2,INFO,260101,002719
blk_7544671639,3,INFO,260101,002719
blk_7544671639,6,INFO,260101,002719
blk_7544671639,4,INFO,260101,002719
blk_7544671639,7,INFO,260101,002719
blk_5302922638,4,WARN,260101,002723
blk_5302922638,3,INFO,260101,002723
blk_5302922638,6,WARN,260101,002723
blk_5302922638,1,INFO,260101,002723
blk_5302922638,7,INFO,260101,002723
blk_3970882968,6,INFO,260101,002724
blk_3970882968,7,WARN,260101,002724
blk_3970882968,2,INFO,260101,002724
blk_3970882968,3,INFO,260101,002724
blk_3970882968,4,INFO,260101,002725
blk_6736410399,6,INFO,260101,002728
blk_6736410399,4,WARN,260101,002728
blk_6736410399,1,INFO,260101,002728
blk_6736410399,7,INFO,260101,002728
blk_2384648538,2,INFO,260101,002730
blk_2384648538,4,INFO,260101,002730
blk_2384648538,7,INFO,260101,002730
blk_2384648538,6,WARN,260101,002731
blk_2384648538,3,INFO,260101,002731
blk_2384648538,1,INFO,260101,002731
blk_8954607808,6,ERROR,260101,002734
blk_8954607808,0,INFO,260101,002734
blk_8954607808,7,INFO,260101,002734
blk_8954607808,1,ERROR,260101,002735
blk_8954607808,10,WARN,260101,002735
blk_8954607808,3,WARN,260101,002735
blk_3888540282,4,INFO,260101,002738
blk_3888540282,3,WARN,260101,002738
blk_3888540282,7,INFO,260101,002738
blk_3888540282,1,INFO,260101,002738
blk_9699459247,6,ERROR,260101,002739
blk_9699459247,7,INFO,260101,002739
blk_9699459247,3,WARN,260101,002739
blk_9699459247,10,ERROR,260101,002739
blk_5727254448,6,INFO,260101,002744
blk_5727254448,3,WARN,260101,002744
blk_5727254448,2,INFO,260101,002744
blk_5727254448,7,INFO,260101,002744
blk_4438440178,1,WARN,260101,002745
blk_4438440178,6,WARN,260101,002745
blk_4438440178,2,WARN,260101,002745
blk_4438440178,9,INFO,260101,002745
blk_4438440178,7,ERROR,260101,002745
blk_4438440178,3,ERROR,260101,002745
blk_5334740367,4,INFO,260101,002747
blk_5334740367,1,INFO,260101,002747
blk_5334740367,2,INFO,260101,002747
blk_5334740367,7,WARN,260101,002748
blk_5334740367,6,WARN,260101,002748
blk_5334740367,3,WARN,260101,002748
blk_6394776409,0,INFO,260101,002751
blk_6394776409,4,WARN,260101,002751
blk_6394776409,1,INFO,260101,002751
blk_6394776409,2,INFO,260101,002751
blk_6394776409,6,INFO,260101,002751
blk_4845392406,2,INFO,260101,002754
blk_4845392406,10,INFO,260101,002754
blk_4845392406,6,ERROR,260101,002754
blk_4845392406,9,INFO,260101,002755
blk_4845392406,7,ERROR,260101,002755
blk_4845392406,3,INFO,260101,002755
blk_4845392406,1,INFO,260101,002755
blk_2564635618,2,WARN,260101,002758
blk_2564635618,7,INFO,260101,002758
blk_2564635618,1,INFO,260101,002758
blk_2564635618,4,INFO,260101,002759
blk_2564635618,3,WARN,260101,002759
blk_5328198627,2,INFO,260101,002759
blk_5328198627,4,INFO,260101,002759
blk_5328198627,6,WARN,260101,002759
blk_5328198627,7,INFO,260101,002800
blk_8722927996,3,INFO,260101,002802
blk_8722927996,6,INFO,260101,002802
blk_8722927996,7,INFO,260101,002802
blk_8722927996,2,INFO,260101,002802
blk_4656442707,3,INFO,260101,002805
blk_4656442707,1,WARN,260101,002805
blk_4656442707,7,INFO,260101,002805
blk_4656442707,6,INFO,260101,002805
blk_4656442707,2,WARN,260101,002806
blk_0140326034,2,INFO,260101,002807
blk_0140326034,1,INFO,260101,002807
blk_0140326034,6,WARN,260101,002807
blk_0140326034,7,INFO,260101,002807
blk_0140326034,4,INFO,260101,002807
blk_9672328585,1,INFO,260101,002811
blk_9672328585,4,WARN,260101,002811
blk_9672328585,7,WARN,260101,002811
blk_9672328585,6,WARN,260101,002812
blk_1781456536,1,INFO,260101,002812
blk_1781456536,6,INFO,260101,002812
blk_1781456536,4,WARN,260101,002812
blk_1781456536,7,INFO,260101,002812
blk_1781456536,2,INFO,260101,002812
blk_1758734229,3,WARN,260101,002816
blk_1758734229,1,WARN,260101,002816
blk_1758734229,2,WARN,260101,002816
blk_1758734229,6,INFO,260101,002816
blk_1758734229,4,INFO,260101,002816
blk_1758734229,7,INFO,260101,002816
blk_3472945602,1,INFO,260101,002818
blk_3472945602,4,INFO,260101,002818
blk_3472945602,3,INFO,260101,002818
blk_3472945602,7,INFO,260101,002819
blk_3472945602,2,INFO,260101,002819
blk_3472945602,6,INFO,260101,002819
blk_2379540505,2,INFO,260101,002822
blk_2379540505,1,INFO,260101,002822
blk_2379540505,4,WARN,260101,002822
blk_2379540505,6,INFO,260101,002823
blk_1955824063,4,INFO,260101,002827
blk_1955824063,7,INFO,260101,002827
blk_1955824063,6,INFO,260101,002827
blk_1955824063,2,WARN,260101,002828
blk_1955824063,1,INFO,260101,002828
blk_5086924736,6,INFO,260101,002828
blk_5086924736,4,INFO,260101,002828
blk_5086924736,2,INFO,260101,002828
blk_5086924736,3,INFO,260101,002829
blk_5086924736,1,INFO,260101,002829
blk_5086924736,7,INFO,260101,002829
blk_8687297583,2,INFO,260101,002829
blk_8687297583,4,INFO,260101,002829
blk_8687297583,6,INFO,260101,002829
blk_8687297583,1,INFO,260101,002830
blk_8687297583,7,INFO,260101,002830
blk_8687297583,3,WARN,260101,002830
blk_3698645591,4,INFO,260101,002830
blk_3698645591,3,WARN,260101,002830
blk_3698645591,1,INFO,260101,002830
blk_3698645591,2,INFO,260101,002830
blk_3724762982,1,INFO,260101,002831
blk_3724762982,4,WARN,260101,002831
blk_3724762982,6,INFO,260101,002831
blk_3724762982,7,WARN,260101,002832
blk_9913591237,3,INFO,260101,002833
blk_9913591237,2,INFO,260101,002833
blk_9913591237,6,INFO,260101,002833
blk_9913591237,1,INFO,260101,002833
blk_9913591237,7,INFO,260101,002834
blk_4665274460,1,INFO,260101,002837
blk_4665274460,3,INFO,260101,002837
blk_4665274460,2,WARN,260101,002837
blk_4665274460,7,WARN,260101,002837
blk_4665274460,6,INFO,260101,002837
blk_4665274460,4,INFO,260101,002838
blk_4679050295,2,WARN,260101,002842
blk_4679050295,7,INFO,260101,002842
blk_4679050295,6,INFO,260101,002842
blk_4679050295,1,WARN,260101,002842
blk_4679050295,4,WARN,260101,002842
blk_0706508937,1,WARN,260101,002844
blk_0706508937,3,INFO,260101,002844
blk_0706508937,7,WARN,260101,002844
blk_0706508937,2,WARN,260101,002845
blk_0706508937,4,INFO,260101,002845
blk_2738936257,7,WARN,260101,002848
blk_2738936257,4,INFO,260101,002848
blk_2738936257,6,INFO,260101,002848
blk_2738936257,2,WARN,260101,002848
blk_2738936257,3,WARN,260101,002849
blk_2738936257,1,INFO,260101,002849
blk_8401278215,3,INFO,260101,002853
blk_8401278215,7,INFO,260101,002853
blk_8401278215,6,INFO,260101,002853
blk_8401278215,4,INFO,260101,002853
blk_2295461718,6,WARN,260101,002855
blk_2295461718,3,INFO,260101,002855
blk_2295461718,7,INFO,260101,002855
blk_2295461718,2,INFO,260101,002855
blk_2295461718,4,INFO,260101,002855
blk_2295461718,1,WARN,260101,002855
blk_5914817948,4,INFO,260101,002859
blk_5914817948,1,INFO,260101,002859
blk_5914817948,6,INFO,260101,002859
blk_5914817948,2,INFO,260101,002859
blk_5914817948,3,INFO,260101,002859
blk_5914817948,7,INFO,260101,002900
blk_0483324241,2,INFO,260101,002904
blk_0483324241,1,INFO,260101,002904
blk_0483324241,7,INFO,260101,002904
blk_0483324241,3,INFO,260101,002905
blk_6811628094,2,INFO,260101,002908
blk_6811628094,7,WARN,260101,002908
blk_6811628094,6,WARN,260101,002908
blk_6811628094,1,INFO,260101,002908
blk_9776296413,6,INFO,260101,002911
blk_9776296413,4,INFO,260101,002911
blk_9776296413,1,INFO,260101,002912
blk_9776296413,3,INFO,260101,002912
blk_9776296413,2,INFO,260101,002912
blk_9776296413,7,INFO,260101,002912
blk_3557818534,2,WARN,260101,002913
blk_3557818534,4,INFO,260101,002913
blk_3557818534,7,INFO,260101,002913
blk_3557818534,3,INFO,260101,002913
blk_3557818534,1,WARN,260101,002914
blk_3557818534,6,INFO,260101,002914
blk_7760021700,6,INFO,260101,002917
blk_7760021700,7,INFO,260101,002917
blk_7760021700,2,INFO,260101,002917
blk_7760021700,4,WARN,260101,002917
blk_7760021700,3,INFO,260101,002918
blk_5745237786,7,INFO,260101,002920
blk_5745237786,1,WARN,260101,002920
blk_5745237786,3,INFO,260101,002921
blk_5745237786,2,WARN,260101,002921
blk_5745237786,4,INFO,260101,002921
blk_3213414537,1,WARN,260101,002924
blk_3213414537,7,INFO,260101,002924
blk_3213414537,3,INFO,260101,002924
blk_3213414537,6,INFO,260101,002925
blk_4573065889,1,INFO,260101,002929
blk_4573065889,4,WARN,260101,002929
blk_4573065889,7,INFO,260101,002929
blk_4573065889,3,INFO,260101,002929
blk_4573065889,2,INFO,260101,002929
blk_3395096510,3,INFO,260101,002931
blk_3395096510,4,WARN,260101,002931
blk_3395096510,2,WARN,260101,002931
blk_3395096510,6,WARN,260101,002931
blk_7246498745,1,INFO,260101,002936
blk_7246498745,4,INFO,260101,002936
blk_7246498745,7,INFO,260101,002936
blk_7246498745,6,INFO,260101,002936
blk_7246498745,2,INFO,260101,002936
blk_7246498745,3,INFO,260101,002936
blk_8230394911,1,WARN,260101,002937
blk_8230394911,6,INFO,260101,002937
blk_8230394911,2,INFO,260101,002937
blk_8230394911,4,INFO,260101,002937
blk_8230394911,3,INFO,260101,002937
blk_5108193761,3,INFO,260101,002940
blk_5108193761,4,INFO,260101,002940
blk_5108193761,2,WARN,260101,002940
blk_5108193761,7,WARN,260101,002940
blk_5088572439,2,INFO,260101,002945
blk_5088572439,3,INFO,260101,002945
blk_5088572439,7,INFO,260101,002945
blk_5088572439,6,INFO,260101,002945
blk_5088572439,1,WARN,260101,002946
blk_5088572439,4,INFO,260101,002946
blk_1046172470,1,INFO,260101,002950
blk_1046172470,6,WARN,260101,002950
blk_1046172470,7,INFO,260101,002950
blk_1046172470,4,WARN,260101,002950
blk_0304411469,6,WARN,260101,002954
blk_0304411469,7,INFO,260101,002954
blk_0304411469,2,INFO,260101,002954
blk_0304411469,3,WARN,260101,002954
blk_0304411469,4,WARN,260101,002955
blk_8679494328,4,INFO,260101,002956
blk_8679494328,2,INFO,260101,002956
blk_8679494328,3,WARN,260101,002956
blk_8679494328,6,INFO,260101,002956
blk_4869195190,7,WARN,260101,002959
blk_4869195190,2,INFO,260101,002959
blk_4869195190,4,INFO,260101,002959
blk_4869195190,3,INFO,260101,002959
blk_4869195190,1,INFO,260101,002959
blk_6655637057,4,INFO,260101,003004
blk_6655637057,7,INFO,260101,003004
blk_6655637057,6,INFO,260101,003004
blk_6655637057,1,INFO,260101,003004
blk_7353790391,1,WARN,260101,003007
blk_7353790391,7,INFO,260101,003007
blk_7353790391,3,INFO,260101,003007
blk_7353790391,6,INFO,260101,003007
blk_9134387289,4,INFO,260101,003009
blk_9134387289,3,INFO,260101,003009
blk_9134387289,2,INFO,260101,003009
blk_9134387289,7,INFO,260101,003009
blk_9134387289,1,INFO,260101,003009
blk_6125427097,2,INFO,260101,003011
blk_6125427097,1,INFO,260101,003011
blk_6125427097,6,INFO,260101,003011
blk_6125427097,4,INFO,260101,003011
blk_8149954541,4,INFO,260101,003014
blk_8149954541,3,INFO,260101,003014
blk_8149954541,2,WARN,260101,003014
blk_8149954541,6,INFO,260101,003015
blk_2365122767,6,INFO,260101,003015
blk_2365122767,1,INFO,260101,003015
blk_2365122767,2,INFO,260101,003015
blk_2365122767,7,INFO,260101,003016
blk_5325478204,4,INFO,260101,003016
blk_5325478204,3,WARN,260101,003016
blk_5325478204,6,INFO,260101,003016
blk_5325478204,1,INFO,260101,003016
blk_5325478204,2,INFO,260101,003016
blk_5325478204,7,INFO,260101,003016
blk_9724949650,3,INFO,260101,003021
blk_9724949650,7,INFO,260101,003021
blk_9724949650,1,INFO,260101,003021
blk_9724949650,4,WARN,260101,003021
blk_9724949650,6,INFO,260101,003021
blk_9724949650,2,INFO,260101,003021
blk_0956831409,4,INFO,260101,003023
blk_0956831409,3,INFO,260101,003023
blk_0956831409,7,INFO,260101,003023
blk_0956831409,1,INFO,260101,003024
blk_0956831409,6,WARN,260101,003024
blk_0956831409,2,WARN,260101,003024
blk_5180072419,6,INFO,260101,003024
blk_5180072419,7,INFO,260101,003024
blk_5180072419,3,WARN,260101,003024
blk_5180072419,1,WARN,260101,003024
blk_5180072419,4,WARN,260101,003025
blk_5180072419,2,INFO,260101,003025
blk_6614588537,7,INFO,260101,003026
blk_6614588537,1,WARN,260101,003026
blk_6614588537,4,INFO,260101,003026
blk_6614588537,3,INFO,260101,003026
blk_6614588537,2,INFO,260101,003026
blk_3217905320,2,INFO,260101,003028
blk_3217905320,3,WARN,260101,003028
blk_3217905320,1,INFO,260101,003028
blk_3217905320,4,INFO,260101,003029
blk_3217905320,7,INFO,260101,003029
blk_0841630636,4,INFO,260101,003032
blk_0841630636,3,WARN,260101,003032
blk_0841630636,2,INFO,260101,003032
blk_0841630636,6,INFO,260101,003032
blk_0841630636,7,INFO,260101,003033
blk_0841630636,1,INFO,260101,003033
blk_2167387985,3,INFO,260101,003037
blk_2167387985,2,WARN,260101,003037
blk_2167387985,6,WARN,260101,003037
blk_2167387985,7,INFO,260101,003037
blk_2167387985,1,INFO,260101,003038
blk_4590247813,3,WARN,260101,003041
blk_4590247813,7,INFO,260101,003041
blk_4590247813,2,WARN,260101,003041
blk_4590247813,1,INFO,260101,003042
blk_4590247813,6,WARN,260101,003042
blk_4590247813,4,INFO,260101,003042
blk_1998442586,4,INFO,260101,003042
blk_1998442586,6,WARN,260101,003042
blk_1998442586,7,INFO,260101,003042
blk_1998442586,3,INFO,260101,003042
blk_6998481477,7,INFO,260101,003047
blk_6998481477,3,INFO,260101,003047
blk_6998481477,1,WARN,260101,003047
blk_6998481477,6,INFO,260101,003047
blk_6998481477,2,INFO,260101,003047
blk_6998481477,4,INFO,260101,003047
blk_6503031454,3,INFO,260101,003051
blk_6503031454,1,INFO,260101,003051
blk_6503031454,7,INFO,260101,003051
blk_6503031454,6,INFO,260101,003052
blk_8471780442,7,WARN,260101,003052
blk_8471780442,6,INFO,260101,003052
blk_8471780442,1,WARN,260101,003052
blk_8471780442,2,INFO,260101,003052
blk_8471780442,3,INFO,260101,003053
blk_8471780442,4,INFO,260101,003053
blk_8106742333,4,WARN,260101,003053
blk_8106742333,7,WARN,260101,003053
blk_8106742333,6,INFO,260101,003053
blk_8106742333,2,INFO,260101,003054
blk_8106742333,1,INFO,260101,003054
blk_8106742333,3,INFO,260101,003054
blk_2073647686,3,INFO,260101,003054
blk_2073647686,7,INFO,260101,003054
blk_2073647686,2,INFO,260101,003054
blk_2073647686,6,INFO,260101,003054
blk_3355743206,7,INFO,260101,003057
blk_3355743206,4,INFO,260101,003057
blk_3355743206,6,INFO,260101,003057
blk_3355743206,2,INFO,260101,003057
blk_3355743206,1,WARN,260101,003058
blk_3355743206,3,WARN,260101,003058
blk_0440038146,1,INFO,260101,003058
blk_0440038146,4,INFO,260101,003058
blk_0440038146,2,INFO,260101,003058
blk_0440038146,7,WARN,260101,003058
blk_0440038146,3,INFO,260101,003058
blk_5010764203,3,INFO,260101,003100
blk_5010764203,6,INFO,260101,003100
blk_5010764203,1,INFO,260101,003100
blk_5010764203,7,INFO,260101,003100
blk_5010764203,2,INFO,260101,003100
blk_5010764203,4,INFO,260101,003100
blk_0711635050,1,WARN,260101,003102
blk_0711635050,2,INFO,260101,003102
blk_0711635050,6,INFO,260101,003102
blk_0711635050,7,INFO,260101,003102
blk_0711635050,3,INFO,260101,003102
blk_5825963921,6,INFO,260101,003107
blk_5825963921,1,INFO,260101,003107
blk_5825963921,3,INFO,260101,003107
blk_5825963921,4,WARN,260101,003107
blk_5825963921,2,INFO,260101,003108
blk_6534633813,3,WARN,260101,003108
blk_6534633813,6,INFO,260101,003108
blk_6534633813,2,INFO,260101,003108
blk_6534633813,7,INFO,260101,003108
blk_6534633813,4,WARN,260101,003108
blk_8544603008,7,INFO,260101,003109
blk_8544603008,3,INFO,260101,003109
blk_8544603008,4,WARN,260101,003109
blk_8544603008,6,INFO,260101,003109
blk_8544603008,2,INFO,260101,003109
blk_5670142901,4,WARN,260101,003113
blk_5670142901,3,INFO,260101,003113
blk_5670142901,7,ERROR,260101,003113
blk_5670142901,9,ERROR,260101,003113
blk_5670142901,6,ERROR,260101,003113
blk_0922929194,7,INFO,260101,003114
blk_0922929194,6,INFO,260101,003114
blk_0922929194,2,INFO,260101,003114
blk_0922929194,4,WARN,260101,003115
blk_0922929194,1,INFO,260101,003115
blk_4594798150,6,INFO,260101,003116
blk_4594798150,7,INFO,260101,003116
blk_4594798150,3,INFO,260101,003116
blk_4594798150,1,INFO,260101,003117
blk_4594798150,4,INFO,260101,003117
blk_9524900846,6,WARN,260101,003119
blk_9524900846,4,INFO,260101,003119
blk_9524900846,3,WARN,260101,003119
blk_9524900846,1,INFO,260101,003119
blk_9524900846,2,INFO,260101,003120
blk_9524900846,7,WARN,260101,003120
blk_5740671294,4,INFO,260101,003123
blk_5740671294,2,INFO,260101,003123
blk_5740671294,7,INFO,260101,003123
blk_5740671294,1,INFO,260101,003123
blk_5696794677,3,INFO,260101,003125
blk_5696794677,1,WARN,260101,003125
blk_5696794677,6,INFO,260101,003125
blk_5696794677,2,INFO,260101,003125
blk_4964360681,6,WARN,260101,003126
blk_4964360681,4,INFO,260101,003126
blk_4964360681,1,INFO,260101,003126
blk_4964360681,3,WARN,260101,003126
blk_5490005678,2,INFO,260101,003128
blk_5490005678,6,INFO,260101,003128
blk_5490005678,4,WARN,260101,003128
blk_5490005678,7,INFO,260101,003128
blk_4805216584,10,INFO,260101,003133
blk_4805216584,3,WARN,260101,003133
blk_4805216584,2,ERROR,260101,003133
blk_4805216584,4,INFO,260101,003133
blk_4805216584,7,INFO,260101,003133
blk_4805216584,1,WARN,260101,003133
blk_4805216584,8,WARN,260101,003134
blk_4805216584,6,WARN,260101,003134
blk_5645716635,6,INFO,260101,003134
blk_5645716635,2,INFO,260101,003134
blk_5645716635,3,INFO,260101,003134
blk_5645716635,7,INFO,260101,003134
blk_7682948093,6,WARN,260101,003135
blk_7682948093,7,INFO,260101,003135
blk_7682948093,2,INFO,260101,003135
blk_7682948093,3,INFO,260101,003135
blk_7682948093,4,INFO,260101,003135
blk_7682948093,1,INFO,260101,003135
blk_6270501634,4,INFO,260101,003138
blk_6270501634,7,INFO,260101,003138
blk_6270501634,6,INFO,260101,003138
blk_6270501634,3,INFO,260101,003138
blk_6270501634,2,INFO,260101,003139
blk_1757587047,6,INFO,260101,003140
blk_1757587047,7,WARN,260101,003140
blk_1757587047,3,INFO,260101,003140
blk_1757587047,1,INFO,260101,003140
blk_1757587047,4,INFO,260101,003140
blk_1757587047,2,WARN,260101,003141
blk_2169110967,7,INFO,260101,003144
blk_2169110967,6,INFO,260101,003144
blk_2169110967,2,INFO,260101,003144
blk_2169110967,1,WARN,260101,003144
blk_2169110967,3,WARN,260101,003145
blk_5557095579,1,INFO,260101,003146
blk_5557095579,4,INFO,260101,003146
blk_5557095579,6,INFO,260101,003146
blk_5557095579,3,INFO,260101,003146
blk_3757155905,3,INFO,260101,003151
blk_3757155905,7,INFO,260101,003151
blk_3757155905,6,INFO,260101,003151
blk_3757155905,4,INFO,260101,003151
blk_3757155905,1,INFO,260101,003151
blk_3757155905,2,INFO,260101,003152
blk_9186588309,3,WARN,260101,003153
blk_9186588309,1,WARN,260101,003153
blk_9186588309,6,INFO,260101,003153
blk_9186588309,4,INFO,260101,003153
blk_9186588309,7,INFO,260101,003153
blk_0836432072,7,INFO,260101,003154
blk_0836432072,3,INFO,260101,003154
blk_0836432072,6,INFO,260101,003154
blk_0836432072,4,INFO,260101,003154
blk_0836432072,1,INFO,260101,003155
blk_0836432072,2,INFO,260101,003155
blk_8203116599,1,INFO,260101,003158
blk_8203116599,3,INFO,260101,003158
blk_8203116599,7,INFO,260101,003158
blk_8203116599,2,INFO,260101,003158
blk_8203116599,6,INFO,260101,003158
blk_8203116599,4,INFO,260101,003158
blk_4410413392,4,INFO,260101,003200
blk_4410413392,2,INFO,260101,003200
blk_4410413392,7,INFO,260101,003200
blk_4410413392,3,INFO,260101,003200
blk_4410413392,6,WARN,260101,003200
blk_4410413392,1,INFO,260101,003201
blk_1405851133,7,INFO,260101,003205
blk_1405851133,2,INFO,260101,003205
blk_1405851133,1,INFO,260101,003205
blk_1405851133,3,INFO,260101,003205
blk_1004146929,7,WARN,260101,003210
blk_1004146929,6,WARN,260101,003210
blk_1004146929,4,INFO,260101,003210
blk_1004146929,2,INFO,260101,003211
blk_1004146929,3,INFO,260101,003211
blk_6064986540,7,WARN,260101,003214
blk_6064986540,2,WARN,260101,003214
blk_6064986540,1,INFO,260101,003214
blk_6064986540,3,INFO,260101,003214
blk_6064986540,4,WARN,260101,003214
blk_6064986540,6,INFO,260101,003214
blk_4598720609,7,INFO,260101,003218
blk_4598720609,6,INFO,260101,003218
blk_4598720609,3,INFO,260101,003218
blk_4598720609,1,INFO,260101,003218
blk_2276814655,7,INFO,260101,003223
blk_2276814655,2,WARN,260101,003223
blk_2276814655,1,INFO,260101,003223
blk_2276814655,3,INFO,260101,003223
blk_2276814655,4,INFO,260101,003224
blk_5275729146,3,WARN,260101,003228
blk_5275729146,4,INFO,260101,003228
blk_5275729146,1,WARN,260101,003228
blk_5275729146,2,INFO,260101,003229
blk_5275729146,7,INFO,260101,003229
blk_5275729146,6,WARN,260101,003229
blk_7648379533,3,INFO,260101,003232
blk_7648379533,6,INFO,260101,003232
blk_7648379533,7,INFO,260101,003232
blk_7648379533,1,INFO,260101,003232
blk_7648379533,4,INFO,260101,003233
blk_2648507380,4,INFO,260101,003235
blk_2648507380,1,INFO,260101,003235
blk_2648507380,3,WARN,260101,003235
blk_2648507380,6,INFO,260101,003236
blk_2648507380,2,INFO,260101,003236
blk_1030626345,4,INFO,260101,003236
blk_1030626345,7,INFO,260101,003236
blk_1030626345,2,WARN,260101,003236
blk_1030626345,6,INFO,260101,003236
blk_1030626345,3,INFO,260101,003237
blk_1030626345,1,INFO,260101,003237
blk_0172838659,2,INFO,260101,003238
blk_0172838659,7,INFO,260101,003238
blk_0172838659,3,INFO,260101,003238
blk_0172838659,6,WARN,260101,003238
blk_0172838659,1,INFO,260101,003238
blk_8459234758,1,INFO,260101,003243
blk_8459234758,3,INFO,260101,003243
blk_8459234758,4,INFO,260101,003243
blk_8459234758,7,INFO,260101,003243
blk_8459234758,2,INFO,260101,003244
blk_8459234758,6,INFO,260101,003244
blk_1668613946,6,ERROR,260101,003246
blk_1668613946,7,INFO,260101,003246
blk_1668613946,3,WARN,260101,003246
blk_1668613946,9,INFO,260101,003246
blk_1668613946,4,INFO,260101,003246
blk_1668613946,1,ERROR,260101,003247
blk_3832356500,2,INFO,260101,003248
blk_3832356500,6,WARN,260101,003248
blk_3832356500,4,INFO,260101,003248
blk_3832356500,1,INFO,260101,003248
blk_8970402506,2,WARN,260101,003250
blk_8970402506,6,INFO,260101,003250
blk_8970402506,3,INFO,260101,003250
blk_8970402506,1,INFO,260101,003250
blk_8970402506,4,INFO,260101,003250
blk_2066570659,7,INFO,260101,003252
blk_2066570659,4,WARN,260101,003252
blk_2066570659,6,INFO,260101,003252
blk_2066570659,3,INFO,260101,003252
blk_2066570659,2,INFO,260101,003253
blk_2066570659,1,INFO,260101,003253
blk_8673399883,7,INFO,260101,003256
blk_8673399883,3,INFO,260101,003256
blk_8673399883,6,INFO,260101,003256
blk_8673399883,1,INFO,260101,003256
blk_8673399883,2,INFO,260101,003257
blk_9853437501,7,WARN,260101,003258
blk_9853437501,2,INFO,260101,003258
blk_9853437501,4,INFO,260101,003258
blk_9853437501,1,INFO,260101,003258
blk_9853437501,6,INFO,260101,003259
blk_9453441702,2,INFO,260101,003301
blk_9453441702,4,WARN,260101,003301
blk_9453441702,1,INFO,260101,003301
blk_9453441702,3,INFO,260101,003301
blk_9453441702,6,INFO,260101,003302
blk_9453441702,7,WARN,260101,003302
blk_7266753740,6,INFO,260101,003302
blk_7266753740,2,WARN,260101,003302
blk_7266753740,3,INFO,260101,003302
blk_7266753740,7,INFO,260101,003302
blk_7427921048,2,WARN,260101,003304
blk_7427921048,4,WARN,260101,003304
blk_7427921048,6,INFO,260101,003304
blk_7427921048,3,INFO,260101,003304
blk_7427921048,1,INFO,260101,003305
blk_7427921048,7,WARN,260101,003305
blk_8363536211,3,INFO,260101,003305
blk_8363536211,6,INFO,260101,003305
blk_8363536211,1,INFO,260101,003305
blk_8363536211,7,INFO,260101,003305
blk_8363536211,2,INFO,260101,003306
blk_5707736719,1,INFO,260101,003306
blk_5707736719,4,INFO,260101,003306
blk_5707736719,7,WARN,260101,003306
blk_5707736719,6,WARN,260101,003306
blk_5707736719,3,INFO,260101,003306
blk_5707736719,2,INFO,260101,003306
blk_9549207697,3,INFO,260101,003308
blk_9549207697,6,WARN,260101,003308
blk_9549207697,7,WARN,260101,003308
blk_9549207697,1,INFO,260101,003309
blk_9549207697,4,INFO,260101,003309
blk_8121885186,2,INFO,260101,003310
blk_8121885186,7,INFO,260101,003310
blk_8121885186,4,INFO,260101,003310
blk_8121885186,6,WARN,260101,003310
blk_8121885186,1,INFO,260101,003311
blk_2901797515,3,INFO,260101,003315
blk_2901797515,7,INFO,260101,003315
blk_2901797515,4,WARN,260101,003315
blk_2901797515,1,INFO,260101,003316
blk_7676607140,4,INFO,260101,003319
blk_7676607140,3,INFO,260101,003319
blk_7676607140,2,WARN,260101,003319
blk_7676607140,6,WARN,260101,003319
blk_7676607140,7,INFO,260101,003319
blk_7676607140,1,INFO,260101,003319
blk_5306507679,1,INFO,260101,003322
blk_5306507679,7,INFO,260101,003322
blk_5306507679,4,INFO,260101,003322
blk_5306507679,2,WARN,260101,003322
blk_5306507679,6,INFO,260101,003323
blk_5306507679,3,INFO,260101,003323
blk_7545016512,7,WARN,260101,003326
blk_7545016512,2,INFO,260101,003326
blk_7545016512,6,WARN,260101,003326
blk_7545016512,3,WARN,260101,003326
blk_8263700270,2,INFO,260101,003327
blk_8263700270,6,INFO,260101,003327
blk_8263700270,4,INFO,260101,003327
blk_8263700270,1,INFO,260101,003327
blk_2824512652,7,WARN,260101,003330
blk_2824512652,4,WARN,260101,003330
blk_2824512652,6,INFO,260101,003330
blk_2824512652,2,WARN,260101,003330
blk_4910260531,7,WARN,260101,003334
blk_4910260531,2,WARN,260101,003334
blk_4910260531,3,INFO,260101,003334
blk_4910260531,6,INFO,260101,003335
blk_4099599659,3,WARN,260101,003337
blk_4099599659,1,INFO,260101,003337
blk_4099599659,7,INFO,260101,003338
blk_4099599659,2,INFO,260101,003338
blk_4099599659,4,WARN,260101,003338
blk_0906422224,6,WARN,260101,003339
blk_0906422224,3,INFO,260101,003339
blk_0906422224,2,WARN,260101,003339
blk_0906422224,4,INFO,260101,003339
blk_1037382789,1,INFO,260101,003343
blk_1037382789,4,INFO,260101,003343
blk_1037382789,6,INFO,260101,003343
blk_1037382789,2,INFO,260101,003343
blk_7160602831,4,INFO,260101,003347
blk_7160602831,7,INFO,260101,003347
blk_7160602831,3,WARN,260101,003347
blk_7160602831,1,INFO,260101,003347
blk_7160602831,2,INFO,260101,003347
blk_9217120217,4,INFO,260101,003349
blk_9217120217,6,INFO,260101,003349
blk_9217120217,2,INFO,260101,003349
blk_9217120217,1,INFO,260101,003349
blk_8204119481,3,INFO,260101,003350
blk_8204119481,2,INFO,260101,003350
blk_8204119481,6,INFO,260101,003350
blk_8204119481,4,INFO,260101,003350
blk_1315183658,2,INFO,260101,003353
blk_1315183658,1,INFO,260101,003353
blk_1315183658,6,INFO,260101,003353
blk_1315183658,7,INFO,260101,003353
blk_1315183658,3,INFO,260101,003353
blk_1315183658,4,INFO,260101,003354
blk_3357561886,2,INFO,260101,003356
blk_3357561886,7,INFO,260101,003356
blk_3357561886,6,INFO,260101,003356
blk_3357561886,1,INFO,260101,003357
blk_3357561886,3,INFO,260101,003357
blk_3357561886,4,INFO,260101,003357
blk_9683797191,7,INFO,260101,003401
blk_9683797191,1,WARN,260101,003401
blk_9683797191,3,INFO,260101,003401
blk_9683797191,2,WARN,260101,003401
blk_9683797191,6,WARN,260101,003401
blk_6092800462,4,INFO,260101,003402
blk_6092800462,6,INFO,260101,003402
blk_6092800462,7,INFO,260101,003402
blk_6092800462,2,INFO,260101,003402
blk_7620189026,2,WARN,260101,003403
blk_7620189026,7,INFO,260101,003403
blk_7620189026,1,INFO,260101,003404
blk_7620189026,4,INFO,260101,003404
blk_7620189026,3,INFO,260101,003404
blk_4873596821,7,WARN,260101,003405
blk_4873596821,4,INFO,260101,003405
blk_4873596821,2,INFO,260101,003405
blk_4873596821,3,INFO,260101,003405
blk_4873596821,6,INFO,260101,003406
blk_4873596821,1,INFO,260101,003406
blk_9183116806,1,INFO,260101,003406
blk_9183116806,3,WARN,260101,003406
blk_9183116806,4,INFO,260101,003406
blk_9183116806,6,INFO,260101,003406
blk_9183116806,7,INFO,260101,003407
blk_0520120001,1,INFO,260101,003409
blk_0520120001,6,INFO,260101,003409
blk_0520120001,4,WARN,260101,003409
blk_0520120001,2,INFO,260101,003409
blk_0520120001,7,INFO,260101,003410
blk_0520120001,3,WARN,260101,003410
blk_6942945140,4,INFO,260101,003412
blk_6942945140,2,WARN,260101,003412
blk_6942945140,3,WARN,260101,003412
blk_6942945140,7,INFO,260101,003412
blk_6942945140,6,INFO,260101,003412
blk_6942945140,1,INFO,260101,003413
blk_5898688642,1,INFO,260101,003417
blk_5898688642,4,INFO,260101,003417
blk_5898688642,6,WARN,260101,003417
blk_5898688642,3,INFO,260101,003417
blk_7637817440,1,WARN,260101,003419
blk_7637817440,3,INFO,260101,003419
blk_7637817440,4,WARN,260101,003419
blk_7637817440,6,INFO,260101,003419
blk_7637817440,7,INFO,260101,003419
blk_7637817440,2,WARN,260101,003419
blk_2315662202,1,INFO,260101,003421
blk_2315662202,6,INFO,260101,003421
blk_2315662202,4,INFO,260101,003421
blk_2315662202,2,WARN,260101,003421
blk_2315662202,7,INFO,260101,003421
blk_7716645056,7,WARN,260101,003424
blk_7716645056,3,INFO,260101,003424
blk_7716645056,1,WARN,260101,003424
blk_7716645056,4,INFO,260101,003424
blk_7716645056,6,INFO,260101,003424
blk_7716645056,2,WARN,260101,003424
blk_5979246332,2,INFO,260101,003426
blk_5979246332,4,INFO,260101,003426
blk_5979246332,7,INFO,260101,003426
blk_5979246332,6,INFO,260101,003426
blk_2328806928,7,WARN,260101,003430
blk_2328806928,3,INFO,260101,003430
blk_2328806928,1,WARN,260101,003430
blk_2328806928,6,INFO,260101,003431
blk_8743637557,3,WARN,260101,003434
blk_8743637557,2,WARN,260101,003434
blk_8743637557,4,INFO,260101,003434
blk_8743637557,7,INFO,260101,003434
blk_8743637557,6,INFO,260101,003435
blk_4794046968,2,INFO,260101,003439
blk_4794046968,4,INFO,260101,003439
blk_4794046968,3,INFO,260101,003439
blk_4794046968,6,INFO,260101,003439
blk_0293388786,6,INFO,260101,003441
blk_0293388786,2,INFO,260101,003441
blk_0293388786,3,INFO,260101,003441
blk_0293388786,7,INFO,260101,003441
blk_0293388786,1,INFO,260101,003442
blk_0293388786,4,INFO,260101,003442
blk_4490630239,4,INFO,260101,003444
blk_4490630239,7,WARN,260101,003444
blk_4490630239,1,INFO,260101,003444
blk_4490630239,2,INFO,260101,003444
blk_3670508080,7,INFO,260101,003447
blk_3670508080,2,INFO,260101,003447
blk_3670508080,3,INFO,260101,003447
blk_3670508080,4,INFO,260101,003447
blk_9652703787,7,INFO,260101,003450
blk_9652703787,4,INFO,260101,003450
blk_9652703787,1,INFO,260101,003450
blk_9652703787,6,INFO,260101,003450
blk_9652703787,3,INFO,260101,003451
blk_9652703787,2,INFO,260101,003451
blk_0561237528,4,INFO,260101,003452
blk_0561237528,3,INFO,260101,003452
blk_0561237528,6,INFO,260101,003452
blk_0561237528,1,INFO,260101,003452
blk_0561237528,7,WARN,260101,003453
blk_0437940184,1,INFO,260101,003455
blk_0437940184,7,WARN,260101,003455
blk_0437940184,4,INFO,260101,003455
blk_0437940184,6,INFO,260101,003455
blk_0437940184,3,INFO,260101,003455
blk_0437940184,2,INFO,260101,003455
blk_9348588335,6,INFO,260101,003500
blk_9348588335,2,ERROR,260101,003500
blk_9348588335,1,ERROR,260101,003500
blk_9348588335,3,WARN,260101,003500
blk_9348588335,5,INFO,260101,003500
blk_9348588335,4,INFO,260101,003500
blk_1449103466,1,INFO,260101,003505
blk_1449103466,6,WARN,260101,003505
blk_1449103466,3,INFO,260101,003505
blk_1449103466,7,INFO,260101,003505
blk_1449103466,4,INFO,260101,003505
blk_1449103466,2,INFO,260101,003506
blk_3850165730,4,INFO,260101,003509
blk_3850165730,7,WARN,260101,003509
blk_3850165730,3,WARN,260101,003509
blk_3850165730,1,INFO,260101,003509
blk_2078761326,3,WARN,260101,003512
blk_2078761326,6,WARN,260101,003512
blk_2078761326,1,WARN,260101,003512
blk_2078761326,4,WARN,260101,003512
blk_4487674403,7,INFO,260101,003515
blk_4487674403,6,INFO,260101,003515
blk_4487674403,2,INFO,260101,003515
blk_4487674403,4,INFO,260101,003515
blk_4487674403,1,INFO,260101,003515
blk_4487674403,3,INFO,260101,003516
blk_0211538670,4,INFO,260101,003517
blk_0211538670,3,INFO,260101,003517
blk_0211538670,7,WARN,260101,003517
blk_0211538670,6,WARN,260101,003517
blk_0211538670,2,WARN,260101,003518
blk_0211538670,1,INFO,260101,003518
blk_2953514917,4,WARN,260101,003519
blk_2953514917,3,INFO,260101,003519
blk_2953514917,1,WARN,260101,003519
blk_2953514917,7,INFO,260101,003519
blk_7361515418,6,INFO,260101,003523
blk_7361515418,3,INFO,260101,003523
blk_7361515418,4,WARN,260101,003523
blk_7361515418,7,INFO,260101,003523
blk_7361515418,2,INFO,260101,003524
blk_4018513761,4,INFO,260101,003525
blk_4018513761,3,INFO,260101,003525
blk_4018513761,7,WARN,260101,003525
blk_4018513761,6,INFO,260101,003525
blk_4018513761,1,WARN,260101,003526
blk_4018513761,2,INFO,260101,003526
blk_0108401182,3,WARN,260101,003528
blk_0108401182,1,INFO,260101,003528
blk_0108401182,2,INFO,260101,003528
blk_0108401182,7,WARN,260101,003528
blk_0023112381,1,WARN,260101,003533
blk_0023112381,7,INFO,260101,003533
blk_0023112381,2,INFO,260101,003533
blk_0023112381,3,WARN,260101,003533
blk_0023112381,6,WARN,260101,003533
blk_4155023987,3,WARN,260101,003535
blk_4155023987,1,WARN,260101,003535
blk_4155023987,7,INFO,260101,003535
blk_4155023987,4,WARN,260101,003535
blk_8616878156,1,INFO,260101,003537
blk_8616878156,4,INFO,260101,003537
blk_8616878156,2,WARN,260101,003537
blk_8616878156,3,WARN,260101,003537
blk_8616878156,7,INFO,260101,003537
blk_8616878156,6,INFO,260101,003537
blk_6153464997,6,INFO,260101,003540
blk_6153464997,1,WARN,260101,003540
blk_6153464997,4,INFO,260101,003540
blk_6153464997,2,WARN,260101,003540
blk_6153464997,3,WARN,260101,003540
blk_6153464997,7,INFO,260101,003540
blk_0713496365,7,INFO,260101,003542
blk_0713496365,3,INFO,260101,003542
blk_0713496365,6,WARN,260101,003542
blk_0713496365,4,INFO,260101,003542
blk_0713496365,1,INFO,260101,003542
blk_0713496365,2,WARN,260101,003543
blk_8474553851,6,INFO,260101,003547
blk_8474553851,7,INFO,260101,003547
blk_8474553851,2,INFO,260101,003547
blk_8474553851,3,INFO,260101,003548
blk_8474553851,1,INFO,260101,003548
blk_8474553851,4,WARN,260101,003548
blk_9376649039,3,INFO,260101,003548
blk_9376649039,2,WARN,260101,003548
blk_9376649039,4,INFO,260101,003548
blk_9376649039,1,INFO,260101,003548
blk_9376649039,7,INFO,260101,003549
blk_6937235282,2,INFO,260101,003553
blk_6937235282,1,ERROR,260101,003553
blk_6937235282,7,WARN,260101,003553
blk_6937235282,8,ERROR,260101,003553
blk_6937235282,3,INFO,260101,003554
blk_4656685909,1,INFO,260101,003558
blk_4656685909,6,INFO,260101,003558
blk_4656685909,2,WARN,260101,003558
blk_4656685909,3,INFO,260101,003558
blk_0666345323,6,WARN,260101,003601
blk_0666345323,10,INFO,260101,003601
blk_0666345323,4,ERROR,260101,003601
blk_0666345323,2,WARN,260101,003602
blk_0666345323,7,INFO,260101,003602
blk_0666345323,3,WARN,260101,003602
blk_1061701751,3,WARN,260101,003602
blk_1061701751,7,INFO,260101,003602
blk_1061701751,1,WARN,260101,003602
blk_1061701751,4,INFO,260101,003602
blk_1061701751,6,INFO,260101,003603
blk_7991997343,3,WARN,260101,003604
blk_7991997343,6,INFO,260101,003604
blk_7991997343,7,WARN,260101,003604
blk_7991997343,1,INFO,260101,003604
blk_7991997343,2,INFO,260101,003604
blk_6111720562,3,ERROR,260101,003606
blk_6111720562,2,ERROR,260101,003606
blk_6111720562,6,WARN,260101,003606
blk_6111720562,1,ERROR,260101,003606
blk_6111720562,4,INFO,260101,003606
blk_6111720562,7,INFO,260101,003607
blk_6111720562,5,WARN,260101,003607
blk_8347299371,10,WARN,260101,003609
blk_8347299371,10,WARN,260101,003609
blk_8347299371,6,ERROR,260101,003609
blk_8347299371,7,WARN,260101,003609
blk_8347299371,2,ERROR,260101,003609
blk_8347299371,4,INFO,260101,003610
blk_8864107301,7,INFO,260101,003614
blk_8864107301,5,ERROR,260101,003614
blk_8864107301,6,INFO,260101,003614
blk_8864107301,3,WARN,260101,003614
blk_8864107301,0,WARN,260101,003615
blk_8864107301,1,ERROR,260101,003615
blk_8864107301,4,WARN,260101,003615
blk_8864107301,2,WARN,260101,003615
blk_5076512001,2,INFO,260101,003617
blk_5076512001,4,WARN,260101,003617
blk_5076512001,6,INFO,260101,003617
blk_5076512001,3,INFO,260101,003617
blk_5076512001,7,INFO,260101,003617
blk_5076512001,1,WARN,260101,003617
blk_2939985015,7,INFO,260101,003618
blk_2939985015,1,INFO,260101,003618
blk_2939985015,6,INFO,260101,003618
blk_2939985015,2,INFO,260101,003619
blk_2939985015,3,INFO,260101,003619
blk_2939985015,4,INFO,260101,003619
blk_6449797921,4,INFO,260101,003621
blk_6449797921,2,INFO,260101,003621
blk_6449797921,7,INFO,260101,003621
blk_6449797921,6,INFO,260101,003621
blk_6449797921,3,INFO,260101,003621
blk_3575965976,2,INFO,260101,003622
blk_3575965976,1,INFO,260101,003622
blk_3575965976,4,INFO,260101,003622
blk_3575965976,6,INFO,260101,003622
blk_3575965976,3,INFO,260101,003622
blk_2504809365,3,INFO,260101,003625
blk_2504809365,1,INFO,260101,003625
blk_2504809365,4,INFO,260101,003625
blk_2504809365,6,INFO,260101,003625
blk_2504809365,7,INFO,260101,003625
blk_2504809365,2,INFO,260101,003626
blk_4677583038,4,WARN,260101,003628
blk_4677583038,2,INFO,260101,003628
blk_4677583038,6,INFO,260101,003628
blk_4677583038,7,INFO,260101,003628
blk_8403890329,2,WARN,260101,003632
blk_8403890329,6,WARN,260101,003632
blk_8403890329,3,INFO,260101,003632
blk_8403890329,4,WARN,260101,003633
blk_8403890329,1,INFO,260101,003633
blk_3385390776,2,INFO,260101,003633
blk_3385390776,7,INFO,260101,003633
blk_3385390776,4,INFO,260101,003633
blk_3385390776,3,INFO,260101,003633
blk_3385390776,6,INFO,260101,003633
blk_6956489727,1,ERROR,260101,003636
blk_6956489727,4,WARN,260101,003636
blk_6956489727,10,INFO,260101,003636
blk_6956489727,6,ERROR,260101,003636
blk_6956489727,10,ERROR,260101,003636
blk_3937277782,4,WARN,260101,003638
blk_3937277782,3,INFO,260101,003638
blk_3937277782,6,WARN,260101,003638
blk_3937277782,1,INFO,260101,003638
blk_8530978048,4,INFO,260101,003642
blk_8530978048,2,INFO,260101,003642
blk_8530978048,1,INFO,260101,003643
blk_8530978048,6,INFO,260101,003643
blk_1137999534,4,INFO,260101,003647
blk_1137999534,6,INFO,260101,003647
blk_1137999534,3,INFO,260101,003647
blk_1137999534,1,INFO,260101,003647
blk_4161000281,4,INFO,260101,003650
blk_4161000281,1,INFO,260101,003650
blk_4161000281,3,WARN,260101,003650
blk_4161000281,2,INFO,260101,003650
blk_8793492861,7,INFO,260101,003653
blk_8793492861,2,WARN,260101,003653
blk_8793492861,3,WARN,260101,003654
blk_8793492861,6,INFO,260101,003654
blk_1912732348,1,INFO,260101,003658
blk_1912732348,6,INFO,260101,003658
blk_1912732348,3,WARN,260101,003659
blk_1912732348,2,INFO,260101,003659
blk_9350268334,1,INFO,260101,003702
blk_9350268334,2,INFO,260101,003702
blk_9350268334,4,INFO,260101,003702
blk_9350268334,6,INFO,260101,003703
blk_9350268334,3,INFO,260101,003703
blk_9350268334,7,INFO,260101,003703
blk_3767898324,1,WARN,260101,003703
blk_3767898324,6,INFO,260101,003703
blk_3767898324,7,INFO,260101,003703
blk_3767898324,2,INFO,260101,003703
blk_9941723298,6,INFO,260101,003708
blk_9941723298,2,INFO,260101,003708
blk_9941723298,7,INFO,260101,003708
blk_9941723298,3,INFO,260101,003708
blk_9298286600,7,ERROR,260101,003712
blk_9298286600,1,ERROR,260101,003712
blk_9298286600,2,WARN,260101,003712
blk_9298286600,6,WARN,260101,003712
blk_9298286600,9,ERROR,260101,003712
blk_7739171536,6,INFO,260101,003713
blk_7739171536,2,INFO,260101,003713
blk_7739171536,3,INFO,260101,003713
blk_7739171536,4,WARN,260101,003713
blk_0278278713,7,INFO,260101,003714
blk_0278278713,3,INFO,260101,003714
blk_0278278713,1,INFO,260101,003714
blk_0278278713,2,INFO,260101,003714
blk_0278278713,4,INFO,260101,003715
blk_0278278713,6,INFO,260101,003715
blk_5645552816,1,INFO,260101,003716
blk_5645552816,2,INFO,260101,003716
blk_5645552816,4,INFO,260101,003716
blk_5645552816,6,INFO,260101,003716
blk_5645552816,7,INFO,260101,003717
blk_9430514863,2,INFO,260101,003719
blk_9430514863,1,INFO,260101,003719
blk_9430514863,4,INFO,260101,003719
blk_9430514863,6,WARN,260101,003719
blk_9430514863,3,WARN,260101,003719
blk_7307466962,7,INFO,260101,003720
blk_7307466962,6,INFO,260101,003720
blk_7307466962,3,INFO,260101,003720
blk_7307466962,2,INFO,260101,003720
blk_7307466962,4,INFO,260101,003720
blk_9262754694,6,WARN,260101,003721
blk_9262754694,2,WARN,260101,003721
blk_9262754694,4,INFO,260101,003721
blk_9262754694,3,INFO,260101,003722
blk_9262754694,7,INFO,260101,003722
blk_9262754694,1,WARN,260101,003722
blk_2993698920,4,WARN,260101,003723
blk_2993698920,0,WARN,260101,003723
blk_2993698920,3,INFO,260101,003723
blk_2993698920,1,WARN,260101,003723
blk_7917996638,1,INFO,260101,003724
blk_7917996638,6,INFO,260101,003724
blk_7917996638,7,INFO,260101,003724
blk_7917996638,4,INFO,260101,003724
blk_7917996638,3,INFO,260101,003725
blk_7917996638,2,INFO,260101,003725
blk_1667230969,4,INFO,260101,003726
blk_1667230969,1,INFO,260101,003726
blk_1667230969,3,INFO,260101,003726
blk_1667230969,2,WARN,260101,003726
blk_1667230969,6,INFO,260101,003727
blk_5574728357,6,WARN,260101,003727
blk_5574728357,1,WARN,260101,003727
blk_5574728357,3,INFO,260101,003727
blk_5574728357,7,INFO,260101,003727
blk_1432770293,6,WARN,260101,003728
blk_1432770293,3,INFO,260101,003728
blk_1432770293,2,INFO,260101,003729
blk_1432770293,4,INFO,260101,003729
blk_1432770293,1,INFO,260101,003729
blk_1432770293,7,WARN,260101,003729
blk_6862547316,3,INFO,260101,003732
blk_6862547316,1,WARN,260101,003732
blk_6862547316,7,WARN,260101,003732
blk_6862547316,6,INFO,260101,003732
blk_2024049117,2,INFO,260101,003737
blk_2024049117,7,INFO,260101,003737
blk_2024049117,3,INFO,260101,003737
blk_2024049117,6,INFO,260101,003737
blk_9489579683,7,WARN,260101,003742
blk_9489579683,4,INFO,260101,003742
blk_9489579683,6,WARN,260101,003742
blk_9489579683,3,INFO,260101,003742
blk_8967662503,7,INFO,260101,003746
blk_8967662503,2,INFO,260101,003746
blk_8967662503,3,INFO,260101,003746
blk_8967662503,6,INFO,260101,003746
blk_8967662503,4,INFO,260101,003746
blk_6757048417,1,INFO,260101,003747
blk_6757048417,3,INFO,260101,003747
blk_6757048417,7,INFO,260101,003747
blk_6757048417,4,WARN,260101,003747
blk_7395365529,2,WARN,260101,003748
blk_7395365529,1,INFO,260101,003748
blk_7395365529,3,INFO,260101,003748
blk_7395365529,6,WARN,260101,003748
blk_7395365529,7,INFO,260101,003748
blk_7395365529,4,INFO,260101,003748
blk_1675938504,3,INFO,260101,003750
blk_1675938504,4,WARN,260101,003750
blk_1675938504,7,INFO,260101,003750
blk_1675938504,1,INFO,260101,003750
blk_1675938504,2,WARN,260101,003751
blk_9538753880,7,WARN,260101,003751
blk_9538753880,6,INFO,260101,003751
blk_9538753880,2,WARN,260101,003751
blk_9538753880,1,INFO,260101,003751
blk_8629446860,2,INFO,260101,003754
blk_8629446860,7,INFO,260101,003754
blk_8629446860,1,INFO,260101,003754
blk_8629446860,4,WARN,260101,003754
blk_8629446860,3,INFO,260101,003754
blk_8629446860,6,INFO,260101,003755
blk_6766353281,2,INFO,260101,003756
blk_6766353281,1,INFO,260101,003756
blk_6766353281,3,INFO,260101,003756
blk_6766353281,4,WARN,260101,003756
blk_6766353281,6,INFO,260101,003756
blk_9162082485,6,WARN,260101,003757
blk_9162082485,1,INFO,260101,003757
blk_9162082485,4,WARN,260101,003757
blk_9162082485,3,INFO,260101,003758
blk_4118864039,7,WARN,260101,003802
blk_4118864039,6,WARN,260101,003802
blk_4118864039,4,INFO,260101,003802
blk_4118864039,3,INFO,260101,003802
blk_4118864039,1,INFO,260101,003802
blk_8063641030,1,INFO,260101,003804
blk_8063641030,6,INFO,260101,003804
blk_8063641030,3,WARN,260101,003804
blk_8063641030,4,INFO,260101,003804
blk_9510483564,7,INFO,260101,003807
blk_9510483564,6,INFO,260101,003807
blk_9510483564,4,INFO,260101,003807
blk_9510483564,3,INFO,260101,003807
blk_9510483564,2,INFO,260101,003808
blk_0019748945,6,WARN,260101,003810
blk_0019748945,1,INFO,260101,003810
blk_0019748945,2,INFO,260101,003810
blk_0019748945,7,INFO,260101,003810
blk_0019748945,3,INFO,260101,003810
blk_0019748945,4,INFO,260101,003810
blk_3374627851,7,INFO,260101,003812
blk_3374627851,3,WARN,260101,003812
blk_3374627851,4,WARN,260101,003812
blk_3374627851,6,INFO,260101,003812
blk_9431906010,4,INFO,260101,003817
blk_9431906010,3,WARN,260101,003817
blk_9431906010,7,INFO,260101,003817
blk_9431906010,1,WARN,260101,003817
blk_9431906010,2,INFO,260101,003817
blk_4569756698,2,INFO,260101,003821
blk_4569756698,7,INFO,260101,003821
blk_4569756698,6,INFO,260101,003821
blk_4569756698,4,INFO,260101,003821
blk_4569756698,1,INFO,260101,003822
blk_7135702250,6,INFO,260101,003823
blk_7135702250,7,INFO,260101,003823
blk_7135702250,2,INFO,260101,003823
blk_7135702250,3,INFO,260101,003824
blk_7135702250,4,INFO,260101,003824
blk_3364434710,4,ERROR,260101,003827
blk_3364434710,6,WARN,260101,003827
blk_3364434710,7,WARN,260101,003827
blk_3364434710,1,ERROR,260101,003827
blk_2387373156,2,INFO,260101,003831
blk_2387373156,7,WARN,260101,003831
blk_2387373156,6,INFO,260101,003831
blk_2387373156,3,INFO,260101,003831
blk_1401211033,6,INFO,260101,003832
blk_1401211033,3,WARN,260101,003832
blk_1401211033,2,WARN,260101,003832
blk_1401211033,1,WARN,260101,003832
blk_1401211033,7,WARN,260101,003832
blk_1401211033,4,INFO,260101,003833
blk_5363851155,3,INFO,260101,003834
blk_5363851155,4,INFO,260101,003834
blk_5363851155,7,INFO,260101,003834
blk_5363851155,1,INFO,260101,003835
blk_5363851155,6,INFO,260101,003835
blk_5363851155,2,INFO,260101,003835
blk_6649345136,7,INFO,260101,003836
blk_6649345136,2,WARN,260101,003836
blk_6649345136,1,WARN,260101,003836
blk_6649345136,6,INFO,260101,003836
blk_6649345136,3,INFO,260101,003836
blk_6649345136,4,INFO,260101,003836
blk_5967170326,2,INFO,260101,003837
blk_5967170326,7,INFO,260101,003837
blk_5967170326,4,INFO,260101,003837
blk_5967170326,1,INFO,260101,003837
blk_5967170326,6,INFO,260101,003837
blk_5888685598,4,INFO,260101,003838
blk_5888685598,7,INFO,260101,003838
blk_5888685598,3,WARN,260101,003838
blk_5888685598,6,WARN,260101,003838
blk_4873067749,1,INFO,260101,003843
blk_4873067749,4,INFO,260101,003843
blk_4873067749,2,INFO,260101,003843
blk_4873067749,7,INFO,260101,003843
blk_4873067749,6,INFO,260101,003843
blk_4873067749,3,INFO,260101,003844
blk_1358013317,7,WARN,260101,003848
blk_1358013317,4,INFO,260101,003848
blk_1358013317,6,INFO,260101,003848
blk_1358013317,2,INFO,260101,003848
blk_1358013317,3,INFO,260101,003848
blk_8143386143,3,INFO,260101,003852
blk_8143386143,4,INFO,260101,003852
blk_8143386143,7,INFO,260101,003852
blk_8143386143,2,INFO,260101,003852
blk_8143386143,1,INFO,260101,003852
blk_1860725525,4,INFO,260101,003857
blk_1860725525,6,WARN,260101,003857
blk_1860725525,2,INFO,260101,003857
blk_1860725525,3,WARN,260101,003858
blk_1860725525,7,WARN,260101,003858
blk_7679766325,3,INFO,260101,003859
blk_7679766325,1,INFO,260101,003859
blk_7679766325,4,WARN,260101,003859
blk_7679766325,7,WARN,260101,003900
blk_7679766325,2,INFO,260101,003900
blk_7679766325,6,WARN,260101,003900
blk_1925523235,2,WARN,260101,003901
blk_1925523235,4,INFO,260101,003901
blk_1925523235,1,WARN,260101,003901
blk_1925523235,7,INFO,260101,003901
blk_0223883293,0,ERROR,260101,003902
blk_0223883293,2,ERROR,260101,003902
blk_0223883293,7,ERROR,260101,003902
blk_0223883293,6,WARN,260101,003903
blk_0223883293,4,ERROR,260101,003903
blk_4627564383,1,INFO,260101,003906
blk_4627564383,2,WARN,260101,003906
blk_4627564383,7,INFO,260101,003906
blk_4627564383,4,INFO,260101,003906
blk_4627564383,6,INFO,260101,003907
blk_4627564383,3,INFO,260101,003907
blk_0273543121,4,WARN,260101,003908
blk_0273543121,2,INFO,260101,003908
blk_0273543121,1,INFO,260101,003908
blk_0273543121,7,WARN,260101,003908
blk_0273543121,3,INFO,260101,003909
blk_0025075468,7,INFO,260101,003909
blk_0025075468,3,WARN,260101,003909
blk_0025075468,1,INFO,260101,003909
blk_0025075468,4,INFO,260101,003909
blk_0025075468,2,INFO,260101,003910
blk_5981827389,1,INFO,260101,003914
blk_5981827389,3,INFO,260101,003914
blk_5981827389,2,INFO,260101,003914
blk_5981827389,6,INFO,260101,003914
blk_5981827389,7,WARN,260101,003915
blk_5981827389,4,INFO,260101,003915
blk_2600822298,2,INFO,260101,003919
blk_2600822298,3,INFO,260101,003919
blk_2600822298,1,INFO,260101,003919
blk_2600822298,6,WARN,260101,003919
blk_2600822298,4,INFO,260101,003920
blk_0218645410,2,WARN,260101,003924
blk_0218645410,3,INFO,260101,003924
blk_0218645410,7,WARN,260101,003924
blk_0218645410,6,INFO,260101,003924
blk_0218645410,1,INFO,260101,003924
blk_4627924130,4,INFO,260101,003925
blk_4627924130,6,INFO,260101,003925
blk_4627924130,3,INFO,260101,003925
blk_4627924130,1,INFO,260101,003925
blk_0457377191,4,INFO,260101,003929
blk_0457377191,2,INFO,260101,003929
blk_0457377191,7,WARN,260101,003929
blk_0457377191,6,INFO,260101,003929
blk_0457377191,3,INFO,260101,003929
blk_1376524796,2,INFO,260101,003931
blk_1376524796,6,INFO,260101,003931
blk_1376524796,7,WARN,260101,003931
blk_1376524796,1,INFO,260101,003931
blk_3356537406,1,INFO,260101,003934
blk_3356537406,2,INFO,260101,003934
blk_3356537406,6,INFO,260101,003934
blk_3356537406,4,INFO,260101,003934
blk_4265816447,1,WARN,260101,003938
blk_4265816447,6,INFO,260101,003938
blk_4265816447,4,INFO,260101,003938
blk_4265816447,2,WARN,260101,003938
blk_4265816447,3,INFO,260101,003939
blk_4265816447,7,INFO,260101,003939
blk_2073075449,7,INFO,260101,003941
blk_2073075449,6,WARN,260101,003941
blk_2073075449,4,INFO,260101,003941
blk_2073075449,1,INFO,260101,003941
blk_3724656070,4,INFO,260101,003942
blk_3724656070,2,INFO,260101,003942
blk_3724656070,1,INFO,260101,003942
blk_3724656070,6,INFO,260101,003943
blk_8965249116,1,INFO,260101,003946
blk_8965249116,2,WARN,260101,003946
blk_8965249116,6,WARN,260101,003946
blk_8965249116,7,WARN,260101,003946
blk_6760937416,3,WARN,260101,003950
blk_6760937416,2,WARN,260101,003950
blk_6760937416,1,INFO,260101,003950
blk_6760937416,7,WARN,260101,003950
blk_3784625546,1,INFO,260101,003955
blk_3784625546,6,INFO,260101,003955
blk_3784625546,4,INFO,260101,003955
blk_3784625546,7,INFO,260101,003955
blk_3784625546,3,WARN,260101,003955
blk_7118340804,4,WARN,260101,003956
blk_7118340804,6,INFO,260101,003956
blk_7118340804,7,WARN,260101,003956
blk_7118340804,2,INFO,260101,003956
blk_7118340804,1,WARN,260101,003957
blk_3243304221,6,INFO,260101,003957
blk_3243304221,4,INFO,260101,003957
blk_3243304221,1,INFO,260101,003957
blk_3243304221,7,INFO,260101,003957
blk_3243304221,3,INFO,260101,003958
blk_1797925777,4,WARN,260101,004002
blk_1797925777,1,INFO,260101,004002
blk_1797925777,2,INFO,260101,004002
blk_1797925777,7,INFO,260101,004002
blk_1797925777,6,WARN,260101,004002
blk_1797925777,3,INFO,260101,004003
blk_3317877966,6,INFO,260101,004004
blk_3317877966,4,INFO,260101,004004
blk_3317877966,7,INFO,260101,004004
blk_3317877966,1,INFO,260101,004005
blk_3317877966,2,INFO,260101,004005
blk_5462464320,3,INFO,260101,004008
blk_5462464320,1,INFO,260101,004008
blk_5462464320,7,WARN,260101,004008
blk_5462464320,6,INFO,260101,004009
blk_5462464320,4,INFO,260101,004009
blk_5511157923,1,INFO,260101,004012
blk_5511157923,2,INFO,260101,004012
blk_5511157923,4,INFO,260101,004012
blk_5511157923,7,INFO,260101,004012
blk_5511157923,3,WARN,260101,004012
blk_1728258460,1,INFO,260101,004015
blk_1728258460,4,INFO,260101,004015
blk_1728258460,3,WARN,260101,004015
blk_1728258460,6,INFO,260101,004015
blk_1728258460,2,INFO,260101,004015
blk_9656603961,1,INFO,260101,004017
blk_9656603961,7,INFO,260101,004017
blk_9656603961,6,INFO,260101,004017
blk_9656603961,2,INFO,260101,004017
blk_9656603961,4,INFO,260101,004017
blk_9656603961,3,INFO,260101,004018
blk_2333122429,4,INFO,260101,004020
blk_2333122429,6,INFO,260101,004020
blk_2333122429,1,INFO,260101,004020
blk_2333122429,3,INFO,260101,004020
blk_2333122429,7,INFO,260101,004020
blk_2333122429,2,INFO,260101,004020
blk_3856401315,1,INFO,260101,004024
blk_3856401315,3,INFO,260101,004024
blk_3856401315,7,INFO,260101,004024
blk_3856401315,4,INFO,260101,004025
blk_3856401315,6,INFO,260101,004025
blk_1913516761,3,WARN,260101,004028
blk_1913516761,6,INFO,260101,004028
blk_1913516761,1,INFO,260101,004028
blk_1913516761,4,INFO,260101,004028
blk_1913516761,2,INFO,260101,004028
blk_1913516761,7,WARN,260101,004028
blk_7644747861,4,INFO,260101,004033
blk_7644747861,7,INFO,260101,004033
blk_7644747861,3,INFO,260101,004033
blk_7644747861,1,INFO,260101,004033
blk_8274162148,4,INFO,260101,004036
blk_8274162148,1,INFO,260101,004036
blk_8274162148,2,INFO,260101,004036
blk_8274162148,6,INFO,260101,004036
blk_1179435731,2,INFO,260101,004039
blk_1179435731,4,INFO,260101,004039
blk_1179435731,6,INFO,260101,004039
blk_1179435731,1,INFO,260101,004040
blk_1179435731,7,WARN,260101,004040
blk_1179435731,3,INFO,260101,004040
blk_0121290939,6,INFO,260101,004041
blk_0121290939,2,WARN,260101,004041
blk_0121290939,7,WARN,260101,004041
blk_0121290939,4,WARN,260101,004041
blk_0121290939,1,WARN,260101,004041
blk_0121290939,3,WARN,260101,004041
blk_2355949574,3,INFO,260101,004043
blk_2355949574,6,INFO,260101,004043
blk_2355949574,7,INFO,260101,004043
blk_2355949574,2,INFO,260101,004043
blk_2355949574,4,INFO,260101,004043
blk_6465230025,2,INFO,260101,004046
blk_6465230025,1,INFO,260101,004046
blk_6465230025,6,INFO,260101,004046
blk_6465230025,3,WARN,260101,004046
blk_6465230025,7,INFO,260101,004046
blk_6363005362,3,INFO,260101,004047
blk_6363005362,1,INFO,260101,004047
blk_6363005362,7,INFO,260101,004047
blk_6363005362,2,INFO,260101,004048
blk_1099825570,6,INFO,260101,004052
blk_1099825570,2,INFO,260101,004052
blk_1099825570,1,WARN,260101,004052
blk_1099825570,4,INFO,260101,004052
blk_1099825570,7,WARN,260101,004052
blk_1099825570,3,INFO,260101,004053
blk_7408391397,1,INFO,260101,004055
blk_7408391397,7,INFO,260101,004055
blk_7408391397,6,WARN,260101,004055
blk_7408391397,2,INFO,260101,004056
blk_7408391397,4,WARN,260101,004056
blk_7408391397,3,INFO,260101,004056
blk_7846294580,1,INFO,260101,004100
blk_7846294580,7,WARN,260101,004100
blk_7846294580,4,INFO,260101,004100
blk_7846294580,2,INFO,260101,004100
blk_7846294580,3,INFO,260101,004101
blk_9681951894,7,WARN,260101,004101
blk_9681951894,4,INFO,260101,004101
blk_9681951894,3,INFO,260101,004101
blk_9681951894,2,INFO,260101,004101
blk_9681951894,1,INFO,260101,004101
blk_0043259650,7,INFO,260101,004102
blk_0043259650,2,WARN,260101,004102
blk_0043259650,1,INFO,260101,004102
blk_0043259650,6,INFO,260101,004102
blk_0043259650,4,INFO,260101,004103
blk_0043259650,3,WARN,260101,004103
blk_3855669737,1,WARN,260101,004107
blk_3855669737,4,INFO,260101,004107
blk_3855669737,2,INFO,260101,004107
blk_3855669737,7,INFO,260101,004107
blk_3855669737,3,INFO,260101,004107
blk_3855669737,6,INFO,260101,004108
blk_7352918242,2,WARN,260101,004112
blk_7352918242,7,INFO,260101,004112
blk_7352918242,4,INFO,260101,004112
blk_7352918242,6,WARN,260101,004113
blk_7352918242,10,WARN,260101,004113
blk_7352918242,3,WARN,260101,004113
blk_2830298810,3,WARN,260101,004113
blk_2830298810,4,WARN,260101,004113
blk_2830298810,2,INFO,260101,004113
blk_2830298810,1,INFO,260101,004113
blk_8179461587,2,INFO,260101,004117
blk_8179461587,6,INFO,260101,004117
blk_8179461587,7,INFO,260101,004117
blk_8179461587,3,WARN,260101,004118
blk_8179461587,4,INFO,260101,004118
blk_2158133691,2,INFO,260101,004118
blk_2158133691,4,INFO,260101,004118
blk_2158133691,6,WARN,260101,004118
blk_2158133691,7,INFO,260101,004119
blk_2158133691,1,WARN,260101,004119
blk_2158133691,3,INFO,260101,004119
blk_6978822050,7,INFO,260101,004122
blk_6978822050,6,INFO,260101,004122
blk_6978822050,2,INFO,260101,004122
blk_6978822050,3,INFO,260101,004122
blk_4351415743,7,WARN,260101,004124
blk_4351415743,3,INFO,260101,004124
blk_4351415743,6,WARN,260101,004125
blk_4351415743,1,INFO,260101,004125
blk_4351415743,2,INFO,260101,004125
blk_4351415743,4,INFO,260101,004125
blk_2672241545,7,INFO,260101,004127
blk_2672241545,6,WARN,260101,004127
blk_2672241545,3,INFO,260101,004127
blk_2672241545,1,INFO,260101,004127
blk_9753409313,4,INFO,260101,004129
blk_9753409313,1,INFO,260101,004129
blk_9753409313,2,INFO,260101,004129
blk_9753409313,6,INFO,260101,004129
blk_9753409313,3,INFO,260101,004129
blk_9753409313,7,WARN,260101,004130
blk_7264250509,9,ERROR,260101,004131
blk_7264250509,6,INFO,260101,004131
blk_7264250509,2,WARN,260101,004132
blk_7264250509,1,ERROR,260101,004132
blk_7264250509,3,ERROR,260101,004132
blk_7264250509,4,ERROR,260101,004132
blk_9441674203,6,INFO,260101,004136
blk_9441674203,7,INFO,260101,004136
blk_9441674203,1,INFO,260101,004136
blk_9441674203,2,INFO,260101,004136
blk_9441674203,4,INFO,260101,004137
blk_0958326726,4,WARN,260101,004140
blk_0958326726,2,INFO,260101,004140
blk_0958326726,3,WARN,260101,004140
blk_0958326726,1,INFO,260101,004141
blk_0958326726,6,INFO,260101,004141
blk_8739084149,7,INFO,260101,004142
blk_8739084149,3,WARN,260101,004142
blk_8739084149,2,INFO,260101,004142
blk_8739084149,1,INFO,260101,004142
blk_8739084149,6,INFO,260101,004143
blk_8739084149,4,INFO,260101,004143
blk_7384078736,1,INFO,260101,004144
blk_7384078736,4,INFO,260101,004144
blk_7384078736,3,WARN,260101,004144
blk_7384078736,6,INFO,260101,004144
blk_7384078736,2,INFO,260101,004145
blk_7384078736,7,INFO,260101,004145
blk_8253140076,7,WARN,260101,004145
blk_8253140076,4,WARN,260101,004145
blk_8253140076,6,INFO,260101,004145
blk_8253140076,1,INFO,260101,004145
blk_8253140076,2,INFO,260101,004146
blk_2190075604,6,INFO,260101,004150
blk_2190075604,3,INFO,260101,004150
blk_2190075604,4,WARN,260101,004150
blk_2190075604,2,INFO,260101,004150
blk_6845098254,2,INFO,260101,004152
blk_6845098254,7,WARN,260101,004152
blk_6845098254,6,INFO,260101,004152
blk_6845098254,1,INFO,260101,004152
blk_6845098254,3,INFO,260101,004152
blk_6845098254,4,INFO,260101,004153
blk_2230585880,3,WARN,260101,004153
blk_2230585880,4,INFO,260101,004153
blk_2230585880,1,WARN,260101,004153
blk_2230585880,7,INFO,260101,004153
blk_2230585880,2,INFO,260101,004153
blk_2230585880,6,WARN,260101,004154
blk_9379933246,3,INFO,260101,004158
blk_9379933246,6,INFO,260101,004158
blk_9379933246,2,INFO,260101,004158
blk_9379933246,4,INFO,260101,004159
blk_9379933246,1,INFO,260101,004159
blk_5763135047,2,WARN,260101,004203
blk_5763135047,1,INFO,260101,004203
blk_5763135047,3,INFO,260101,004203
blk_5763135047,4,WARN,260101,004204
blk_5763135047,7,INFO,260101,004204
blk_2267637929,3,WARN,260101,004204
blk_2267637929,2,WARN,260101,004204
blk_2267637929,4,INFO,260101,004204
blk_2267637929,7,INFO,260101,004204
blk_8281566624,4,INFO,260101,004205
blk_8281566624,2,INFO,260101,004205
blk_8281566624,6,INFO,260101,004205
blk_8281566624,1,INFO,260101,004205
blk_8281566624,7,INFO,260101,004206
blk_8281566624,3,INFO,260101,004206
blk_4222813559,6,INFO,260101,004207
blk_4222813559,2,INFO,260101,004207
blk_4222813559,1,INFO,260101,004207
blk_4222813559,4,INFO,260101,004207
blk_4222813559,3,WARN,260101,004208
blk_4222813559,7,INFO,260101,004208
blk_3363055881,6,INFO,260101,004209
blk_3363055881,7,INFO,260101,004209
blk_3363055881,1,INFO,260101,004209
blk_3363055881,2,INFO,260101,004209
blk_6689469301,3,WARN,260101,004210
blk_6689469301,8,INFO,260101,004210
blk_6689469301,4,ERROR,260101,004210
blk_6689469301,2,ERROR,260101,004210
blk_6689469301,1,ERROR,260101,004210
blk_9766652703,1,WARN,260101,004212
blk_9766652703,3,INFO,260101,004212
blk_9766652703,6,INFO,260101,004212
blk_9766652703,7,INFO,260101,004213
blk_9766652703,2,INFO,260101,004213
blk_9766652703,4,INFO,260101,004213
blk_0173620510,1,INFO,260101,004214
blk_0173620510,2,INFO,260101,004214
blk_0173620510,7,WARN,260101,004214
blk_0173620510,6,INFO,260101,004214
blk_0173620510,4,WARN,260101,004214
blk_0173620510,3,WARN,260101,004215
blk_3377318975,6,INFO,260101,004218
blk_3377318975,7,WARN,260101,004218
blk_3377318975,3,INFO,260101,004218
blk_3377318975,4,INFO,260101,004218
blk_9852307963,6,INFO,260101,004220
blk_9852307963,7,WARN,260101,004220
blk_9852307963,3,WARN,260101,004220
blk_9852307963,1,INFO,260101,004220
blk_1047951064,6,INFO,260101,004223
blk_1047951064,2,INFO,260101,004223
blk_1047951064,3,INFO,260101,004223
blk_1047951064,7,INFO,260101,004223
blk_1047951064,4,INFO,260101,004224
blk_1047951064,1,INFO,260101,004224
blk_9778170704,4,INFO,260101,004225
blk_9778170704,1,INFO,260101,004225
blk_9778170704,7,INFO,260101,004225
blk_9778170704,2,INFO,260101,004225
blk_9778170704,3,INFO,260101,004225
blk_9234153855,6,INFO,260101,004227
blk_9234153855,3,WARN,260101,004227
blk_9234153855,4,INFO,260101,004227
blk_9234153855,1,INFO,260101,004228
blk_9234153855,7,INFO,260101,004228
blk_7475096807,6,INFO,260101,004228
blk_7475096807,2,INFO,260101,004228
blk_7475096807,7,INFO,260101,004228
blk_7475096807,3,INFO,260101,004228
blk_7475096807,4,WARN,260101,004229
blk_7475096807,1,INFO,260101,004229
blk_4022518844,4,INFO,260101,004230
blk_4022518844,7,INFO,260101,004230
blk_4022518844,3,INFO,260101,004230
blk_4022518844,6,INFO,260101,004231
blk_4022518844,1,INFO,260101,004231
blk_4022518844,2,INFO,260101,004231
blk_8373688053,6,INFO,260101,004234
blk_8373688053,7,INFO,260101,004234
blk_8373688053,3,INFO,260101,004234
blk_8373688053,1,INFO,260101,004235
blk_8373688053,4,INFO,260101,004235
blk_8373688053,2,WARN,260101,004235
blk_0860318355,4,INFO,260101,004236
blk_0860318355,6,INFO,260101,004236
blk_0860318355,2,INFO,260101,004236
blk_0860318355,1,WARN,260101,004236
blk_0860318355,3,INFO,260101,004237
blk_8170265359,6,INFO,260101,004239
blk_8170265359,3,INFO,260101,004239
blk_8170265359,1,INFO,260101,004239
blk_8170265359,2,INFO,260101,004239
blk_6433712165,4,INFO,260101,004242
blk_6433712165,2,INFO,260101,004242
blk_6433712165,3,INFO,260101,004242
blk_6433712165,7,INFO,260101,004242
blk_6433712165,6,INFO,260101,004242
blk_3250360257,2,INFO,260101,004247
blk_3250360257,3,INFO,260101,004247
blk_3250360257,7,INFO,260101,004247
blk_3250360257,1,INFO,260101,004247
blk_3250360257,4,INFO,260101,004247
blk_5312558192,3,WARN,260101,004251
blk_5312558192,7,INFO,260101,004251
blk_5312558192,1,INFO,260101,004251
blk_5312558192,2,INFO,260101,004251
blk_5312558192,6,WARN,260101,004252
blk_5312558192,4,WARN,260101,004252
blk_6285127881,6,INFO,260101,004256
blk_6285127881,7,INFO,260101,004256
blk_6285127881,1,WARN,260101,004256
blk_6285127881,4,INFO,260101,004256
blk_1372560409,1,WARN,260101,004257
blk_1372560409,2,INFO,260101,004257
blk_1372560409,6,INFO,260101,004257
blk_1372560409,7,INFO,260101,004257
blk_1372560409,4,WARN,260101,004258
blk_1372560409,3,WARN,260101,004258
blk_4823234408,7,INFO,260101,004301
blk_4823234408,4,WARN,260101,004301
blk_4823234408,6,INFO,260101,004301
blk_4823234408,1,INFO,260101,004301
blk_4823234408,2,INFO,260101,004301
blk_8340955151,6,WARN,260101,004305
blk_8340955151,1,INFO,260101,004305
blk_8340955151,7,INFO,260101,004305
blk_8340955151,4,WARN,260101,004305
blk_8340955151,3,INFO,260101,004306
blk_8340955151,2,WARN,260101,004306
blk_1513103123,3,INFO,260101,004309
blk_1513103123,2,INFO,260101,004309
blk_1513103123,4,INFO,260101,004309
blk_1513103123,6,INFO,260101,004309
blk_1513103123,7,INFO,260101,004309
blk_1513103123,1,INFO,260101,004310
blk_2802546244,4,INFO,260101,004314
blk_2802546244,3,INFO,260101,004314
blk_2802546244,1,INFO,260101,004314
blk_2802546244,7,INFO,260101,004314
blk_2802546244,2,INFO,260101,004315
blk_2802546244,6,INFO,260101,004315
blk_2880263382,7,INFO,260101,004319
blk_2880263382,4,WARN,260101,004319
blk_2880263382,6,INFO,260101,004319
blk_2880263382,0,INFO,260101,004319
blk_2880263382,1,ERROR,260101,004319
blk_2880263382,2,INFO,260101,004319
blk_2880263382,3,INFO,260101,004320
blk_5866953547,3,INFO,260101,004322
blk_5866953547,4,INFO,260101,004322
blk_5866953547,2,INFO,260101,004322
blk_5866953547,6,INFO,260101,004322
blk_6501263144,7,INFO,260101,004324
blk_6501263144,6,INFO,260101,004324
blk_6501263144,1,INFO,260101,004324
blk_6501263144,4,INFO,260101,004324
blk_6501263144,2,WARN,260101,004325
blk_6501263144,3,INFO,260101,004325
blk_3517965123,2,INFO,260101,004328
blk_3517965123,7,INFO,260101,004328
blk_3517965123,1,INFO,260101,004328
blk_3517965123,3,WARN,260101,004328
blk_6701400697,7,WARN,260101,004329
blk_6701400697,6,INFO,260101,004329
blk_6701400697,4,WARN,260101,004329
blk_6701400697,3,WARN,260101,004329
blk_8860598031,3,WARN,260101,004332
blk_8860598031,4,INFO,260101,004332
blk_8860598031,2,WARN,260101,004332
blk_8860598031,6,INFO,260101,004333
blk_8860598031,1,WARN,260101,004333
blk_8860598031,7,INFO,260101,004333
blk_2760750330,7,INFO,260101,004334
blk_2760750330,3,WARN,260101,004334
blk_2760750330,1,WARN,260101,004334
blk_2760750330,4,INFO,260101,004335
blk_2760750330,2,INFO,260101,004335
blk_6679175412,1,INFO,260101,004336
blk_6679175412,6,WARN,260101,004336
blk_6679175412,3,INFO,260101,004336
blk_6679175412,2,WARN,260101,004336
blk_6679175412,7,WARN,260101,004336
blk_6679175412,4,INFO,260101,004336
blk_4596938391,7,INFO,260101,004337
blk_4596938391,6,WARN,260101,004337
blk_4596938391,3,INFO,260101,004337
blk_4596938391,4,WARN,260101,004337
blk_6918066988,6,WARN,260101,004339
blk_6918066988,4,INFO,260101,004339
blk_6918066988,3,INFO,260101,004339
blk_6918066988,7,WARN,260101,004339
blk_6918066988,1,INFO,260101,004340
blk_6918066988,2,WARN,260101,004340
blk_9215668387,4,INFO,260101,004341
blk_9215668387,3,INFO,260101,004341
blk_9215668387,7,INFO,260101,004341
blk_9215668387,2,WARN,260101,004342
blk_1721492836,7,WARN,260101,004343
blk_1721492836,1,INFO,260101,004343
blk_1721492836,3,INFO,260101,004343
blk_1721492836,4,INFO,260101,004343
blk_1721492836,2,WARN,260101,004344
blk_1721492836,6,WARN,260101,004344
blk_5010456149,1,INFO,260101,004345
blk_5010456149,4,WARN,260101,004345
blk_5010456149,7,INFO,260101,004345
blk_5010456149,3,INFO,260101,004345
blk_5010456149,2,WARN,260101,004346
blk_9037581908,3,WARN,260101,004347
blk_9037581908,1,INFO,260101,004347
blk_9037581908,6,WARN,260101,004347
blk_9037581908,7,INFO,260101,004347
blk_9037581908,4,INFO,260101,004347
blk_6716394632,4,INFO,260101,004351
blk_6716394632,3,INFO,260101,004351
blk_6716394632,8,INFO,260101,004351
blk_6716394632,2,ERROR,260101,004351
blk_6716394632,6,INFO,260101,004352
blk_6716394632,10,ERROR,260101,004352
blk_4121330283,4,INFO,260101,004354
blk_4121330283,1,WARN,260101,004354
blk_4121330283,7,WARN,260101,004354
blk_4121330283,3,INFO,260101,004354
blk_7015048455,2,WARN,260101,004358
blk_7015048455,7,INFO,260101,004358
blk_7015048455,6,INFO,260101,004358
blk_7015048455,1,INFO,260101,004359
blk_3614170740,2,INFO,260101,004402
blk_3614170740,4,INFO,260101,004402
blk_3614170740,6,INFO,260101,004402
blk_3614170740,1,WARN,260101,004402
blk_3614170740,7,INFO,260101,004402
blk_3614170740,3,INFO,260101,004402
blk_8462636732,6,INFO,260101,004403
blk_8462636732,2,INFO,260101,004403
blk_8462636732,1,INFO,260101,004403
blk_8462636732,3,WARN,260101,004403
blk_7577531408,4,WARN,260101,004405
blk_7577531408,6,INFO,260101,004405
blk_7577531408,3,WARN,260101,004405
blk_7577531408,1,INFO,260101,004405
blk_8912396299,1,INFO,260101,004408
blk_8912396299,4,INFO,260101,004408
blk_8912396299,3,INFO,260101,004408
blk_8912396299,2,WARN,260101,004408
blk_8912396299,6,INFO,260101,004409
blk_8912396299,7,INFO,260101,004409
blk_4769345571,2,INFO,260101,004412
blk_4769345571,1,INFO,260101,004412
blk_4769345571,6,WARN,260101,004412
blk_4769345571,3,WARN,260101,004412
blk_5909708069,7,INFO,260101,004413
blk_5909708069,4,INFO,260101,004413
blk_5909708069,2,INFO,260101,004413
blk_5909708069,1,INFO,260101,004413
blk_4856732902,6,WARN,260101,004418
blk_4856732902,3,INFO,260101,004418
blk_4856732902,1,INFO,260101,004418
blk_4856732902,7,INFO,260101,004418
blk_4856732902,2,INFO,260101,004419
blk_4856732902,4,INFO,260101,004419
blk_2983271683,3,INFO,260101,004421
blk_2983271683,4,INFO,260101,004421
blk_2983271683,1,INFO,260101,004421
blk_2983271683,7,INFO,260101,004421
blk_2983271683,2,INFO,260101,004422
blk_8107470321,2,WARN,260101,004423
blk_8107470321,7,WARN,260101,004423
blk_8107470321,4,INFO,260101,004423
blk_8107470321,1,INFO,260101,004423
blk_8107470321,6,INFO,260101,004424
blk_8107470321,3,INFO,260101,004424
blk_3173461995,3,INFO,260101,004428
blk_3173461995,2,WARN,260101,004428
blk_3173461995,7,WARN,260101,004428
blk_3173461995,6,WARN,260101,004428
blk_6425211037,4,WARN,260101,004431
blk_6425211037,7,INFO,260101,004431
blk_6425211037,10,INFO,260101,004431
blk_6425211037,3,INFO,260101,004431
blk_6425211037,2,ERROR,260101,004431
blk_6425211037,1,INFO,260101,004432
blk_4052564760,4,INFO,260101,004433
blk_4052564760,7,INFO,260101,004433
blk_4052564760,1,INFO,260101,004433
blk_4052564760,6,WARN,260101,004433
blk_4052564760,3,INFO,260101,004433
blk_7134478660,4,INFO,260101,004436
blk_7134478660,6,INFO,260101,004436
blk_7134478660,2,WARN,260101,004436
blk_7134478660,7,INFO,260101,004436
blk_7134478660,3,INFO,260101,004436
blk_7134478660,1,WARN,260101,004437
blk_9172960726,3,WARN,260101,004438
blk_9172960726,1,INFO,260101,004438
blk_9172960726,4,INFO,260101,004438
blk_9172960726,6,WARN,260101,004438
blk_9172960726,2,WARN,260101,004438
blk_2224310093,6,INFO,260101,004440
blk_2224310093,4,INFO,260101,004440
blk_2224310093,1,INFO,260101,004440
blk_2224310093,2,INFO,260101,004441
blk_5229442328,6,WARN,260101,004444
blk_5229442328,4,WARN,260101,004444
blk_5229442328,3,INFO,260101,004444
blk_5229442328,1,INFO,260101,004444
blk_5229442328,7,INFO,260101,004444
blk_0327866709,1,WARN,260101,004447
blk_0327866709,3,WARN,260101,004447
blk_0327866709,4,INFO,260101,004447
blk_0327866709,7,INFO,260101,004448
blk_0327866709,6,INFO,260101,004448
blk_3750560674,3,WARN,260101,004450
blk_3750560674,2,INFO,260101,004450
blk_3750560674,7,WARN,260101,004450
blk_3750560674,6,INFO,260101,004450
blk_3750560674,4,INFO,260101,004451
blk_3750560674,1,INFO,260101,004451
blk_4991759341,6,INFO,260101,004452
blk_4991759341,1,INFO,260101,004452
blk_4991759341,7,INFO,260101,004452
blk_4991759341,4,INFO,260101,004452
blk_4605098265,4,INFO,260101,004457
blk_4605098265,7,INFO,260101,004457
blk_4605098265,3,INFO,260101,004457
blk_4605098265,6,INFO,260101,004457
blk_5152204355,4,WARN,260101,004458
blk_5152204355,7,INFO,260101,004458
blk_5152204355,1,INFO,260101,004458
blk_5152204355,2,WARN,260101,004458
blk_0130401828,1,WARN,260101,004502
blk_0130401828,4,INFO,260101,004502
blk_0130401828,6,INFO,260101,004502
blk_0130401828,7,WARN,260101,004502
blk_2947860850,7,WARN,260101,004506
blk_2947860850,6,INFO,260101,004506
blk_2947860850,3,INFO,260101,004506
blk_2947860850,4,INFO,260101,004506
blk_4486511677,6,INFO,260101,004509
blk_4486511677,7,WARN,260101,004509
blk_4486511677,4,WARN,260101,004509
blk_4486511677,3,WARN,260101,004510
blk_4486511677,2,INFO,260101,004510
blk_3119237829,6,INFO,260101,004510
blk_3119237829,2,WARN,260101,004510
blk_3119237829,4,WARN,260101,004510
blk_3119237829,1,INFO,260101,004510
blk_3119237829,7,INFO,260101,004511
blk_3119237829,3,INFO,260101,004511
blk_6035587512,6,WARN,260101,004512
blk_6035587512,3,INFO,260101,004512
blk_6035587512,4,INFO,260101,004512
blk_6035587512,2,WARN,260101,004512
blk_6035587512,7,INFO,260101,004512
blk_6035587512,1,WARN,260101,004512
blk_7361699890,1,INFO,260101,004515
blk_7361699890,7,INFO,260101,004515
blk_7361699890,6,INFO,260101,004515
blk_7361699890,4,WARN,260101,004515
blk_3524798318,7,INFO,260101,004517
blk_3524798318,1,INFO,260101,004517
blk_3524798318,3,WARN,260101,004517
blk_3524798318,6,INFO,260101,004517
blk_3524798318,4,INFO,260101,004517
blk_3524798318,2,WARN,260101,004518
blk_4935235965,7,WARN,260101,004521
blk_4935235965,6,WARN,260101,004521
blk_4935235965,2,WARN,260101,004521
blk_4935235965,4,INFO,260101,004521
blk_5535816292,3,INFO,260101,004526
blk_5535816292,6,WARN,260101,004526
blk_5535816292,4,INFO,260101,004526
blk_5535816292,7,INFO,260101,004526
blk_2399986316,3,WARN,260101,004531
blk_2399986316,7,INFO,260101,004531
blk_2399986316,1,INFO,260101,004531
blk_2399986316,2,INFO,260101,004532
blk_2399986316,6,INFO,260101,004532
blk_2399986316,4,INFO,260101,004532
blk_5538981837,6,WARN,260101,004533
blk_5538981837,3,INFO,260101,004533
blk_5538981837,2,WARN,260101,004533
blk_5538981837,7,WARN,260101,004533
blk_5538981837,4,INFO,260101,004534
blk_5538981837,1,WARN,260101,004534
blk_0645156311,3,INFO,260101,004535
blk_0645156311,4,INFO,260101,004535
blk_0645156311,1,INFO,260101,004535
blk_0645156311,6,INFO,260101,004535
blk_0645156311,2,INFO,260101,004535
blk_0205623176,6,INFO,260101,004536
blk_0205623176,4,WARN,260101,004536
blk_0205623176,7,WARN,260101,004536
blk_0205623176,1,INFO,260101,004536
blk_0205623176,3,INFO,260101,004536
blk_1219316022,1,INFO,260101,004540
blk_1219316022,4,INFO,260101,004540
blk_1219316022,2,WARN,260101,004540
blk_1219316022,3,INFO,260101,004541
blk_1219316022,6,INFO,260101,004541
blk_7717084876,6,INFO,260101,004543
blk_7717084876,4,INFO,260101,004543
blk_7717084876,2,INFO,260101,004543
blk_7717084876,7,INFO,260101,004543
blk_7717084876,3,INFO,260101,004543
blk_3346880955,6,WARN,260101,004544
blk_3346880955,3,INFO,260101,004544
blk_3346880955,7,INFO,260101,004544
blk_3346880955,1,INFO,260101,004545
blk_3346880955,4,INFO,260101,004545
blk_6494815789,1,WARN,260101,004549
blk_6494815789,4,INFO,260101,004549
blk_6494815789,6,INFO,260101,004549
blk_6494815789,7,WARN,260101,004550
blk_6494815789,3,INFO,260101,004550
blk_6494815789,2,INFO,260101,004550
blk_7230676953,1,INFO,260101,004553
blk_7230676953,6,INFO,260101,004553
blk_7230676953,2,INFO,260101,004553
blk_7230676953,4,INFO,260101,004553
blk_7230676953,7,INFO,260101,004553
blk_7230676953,3,INFO,260101,004554
blk_8541103079,3,INFO,260101,004557
blk_8541103079,2,ERROR,260101,004557
blk_8541103079,10,WARN,260101,004557
blk_8541103079,1,INFO,260101,004557
blk_8541103079,0,WARN,260101,004557
blk_8541103079,6,ERROR,260101,004558
blk_9231395627,1,INFO,260101,004558
blk_9231395627,2,INFO,260101,004558
blk_9231395627,4,WARN,260101,004558
blk_9231395627,6,WARN,260101,004559
blk_9231395627,3,INFO,260101,004559
blk_9231395627,7,INFO,260101,004559
blk_8520376875,6,INFO,260101,004603
blk_8520376875,7,INFO,260101,004603
blk_8520376875,3,INFO,260101,004603
blk_8520376875,4,INFO,260101,004603
blk_8520376875,2,INFO,260101,004604
blk_8520376875,1,WARN,260101,004604
blk_2984601997,6,INFO,260101,004607
blk_2984601997,2,INFO,260101,004607
blk_2984601997,1,INFO,260101,004607
blk_2984601997,4,INFO,260101,004607
blk_2984601997,7,INFO,260101,004607
blk_0440242969,6,WARN,260101,004612
blk_0440242969,3,INFO,260101,004612
blk_0440242969,7,INFO,260101,004612
blk_0440242969,1,INFO,260101,004612
blk_0440242969,2,INFO,260101,004613
blk_0440242969,4,INFO,260101,004613
blk_5255693143,7,INFO,260101,004616
blk_5255693143,4,INFO,260101,004616
blk_5255693143,2,WARN,260101,004616
blk_5255693143,1,INFO,260101,004616
blk_9960496742,7,INFO,260101,004621
blk_9960496742,2,INFO,260101,004621
blk_9960496742,1,INFO,260101,004621
blk_9960496742,3,INFO,260101,004621
blk_9960496742,4,WARN,260101,004621
blk_1081705354,2,WARN,260101,004626
blk_1081705354,7,INFO,260101,004626
blk_1081705354,4,INFO,260101,004626
blk_1081705354,3,WARN,260101,004626
blk_1081705354,1,INFO,260101,004626
blk_1685411411,7,INFO,260101,004631
blk_1685411411,6,WARN,260101,004631
blk_1685411411,1,WARN,260101,004631
blk_1685411411,4,INFO,260101,004631
blk_0644634257,1,INFO,260101,004635
blk_0644634257,2,INFO,260101,004635
blk_0644634257,3,INFO,260101,004635
blk_0644634257,7,WARN,260101,004635
blk_0644634257,4,INFO,260101,004635
blk_8878522019,2,INFO,260101,004640
blk_8878522019,6,INFO,260101,004640
blk_8878522019,7,INFO,260101,004640
blk_8878522019,4,WARN,260101,004640
blk_8878522019,1,INFO,260101,004640
blk_8878522019,3,WARN,260101,004641
blk_1858306178,4,INFO,260101,004643
blk_1858306178,1,INFO,260101,004643
blk_1858306178,2,INFO,260101,004643
blk_1858306178,7,INFO,260101,004643
blk_6173851943,2,INFO,260101,004645
blk_6173851943,4,INFO,260101,004645
blk_6173851943,7,INFO,260101,004645
blk_6173851943,3,INFO,260101,004645
blk_9786902909,6,WARN,260101,004648
blk_9786902909,1,INFO,260101,004648
blk_9786902909,2,INFO,260101,004648
blk_9786902909,4,WARN,260101,004648
blk_9786902909,3,INFO,260101,004649
blk_6406058598,1,INFO,260101,004650
blk_6406058598,2,INFO,260101,004650
blk_6406058598,4,INFO,260101,004650
blk_6406058598,7,INFO,260101,004650
blk_1145322925,4,INFO,260101,004651
blk_1145322925,1,INFO,260101,004651
blk_1145322925,2,INFO,260101,004651
blk_1145322925,3,INFO,260101,004652
blk_7703326150,3,INFO,260101,004656
blk_7703326150,1,WARN,260101,004656
blk_7703326150,7,INFO,260101,004656
blk_7703326150,6,INFO,260101,004656
blk_5111857219,3,WARN,260101,004659
blk_5111857219,6,INFO,260101,004659
blk_5111857219,7,INFO,260101,004659
blk_5111857219,2,INFO,260101,004659
blk_3343323511,3,INFO,260101,004702
blk_3343323511,1,INFO,260101,004702
blk_3343323511,6,INFO,260101,004702
blk_3343323511,2,INFO,260101,004702
blk_7329870686,1,INFO,260101,004705
blk_7329870686,6,INFO,260101,004705
blk_7329870686,4,WARN,260101,004705
blk_7329870686,7,WARN,260101,004705
blk_7329870686,2,WARN,260101,004705
blk_2646796401,4,WARN,260101,004709
blk_2646796401,5,ERROR,260101,004709
blk_2646796401,2,ERROR,260101,004709
blk_2646796401,1,WARN,260101,004709
blk_2646796401,3,INFO,260101,004710
blk_2646796401,7,WARN,260101,004710
blk_2646796401,9,WARN,260101,004710
blk_0466202235,4,INFO,260101,004710
blk_0466202235,6,INFO,260101,004710
blk_0466202235,7,INFO,260101,004710
blk_0466202235,3,INFO,260101,004710
blk_0466202235,1,INFO,260101,004711
blk_6440150145,4,INFO,260101,004713
blk_6440150145,3,INFO,260101,004713
blk_6440150145,2,INFO,260101,004713
blk_6440150145,6,INFO,260101,004713
blk_6776412473,4,WARN,260101,004718
blk_6776412473,6,INFO,260101,004718
blk_6776412473,3,INFO,260101,004718
blk_6776412473,2,INFO,260101,004718
blk_3154900503,6,INFO,260101,004719
blk_3154900503,7,WARN,260101,004719
blk_3154900503,2,WARN,260101,004719
blk_3154900503,4,WARN,260101,004720
blk_9972492605,7,ERROR,260101,004723
blk_9972492605,3,ERROR,260101,004723
blk_9972492605,0,INFO,260101,004723
blk_9972492605,5,ERROR,260101,004723
blk_9972492605,4,ERROR,260101,004723
blk_9972492605,2,ERROR,260101,004724
blk_3942769640,6,INFO,260101,004724
blk_3942769640,1,INFO,260101,004724
blk_3942769640,4,WARN,260101,004724
blk_3942769640,2,WARN,260101,004724
blk_3942769640,7,INFO,260101,004725
blk_0937695483,3,INFO,260101,004726
blk_0937695483,6,WARN,260101,004726
blk_0937695483,1,INFO,260101,004726
blk_0937695483,2,INFO,260101,004726
blk_0937695483,4,INFO,260101,004726
blk_0937695483,7,INFO,260101,004727
blk_8403169483,6,INFO,260101,004731
blk_8403169483,7,INFO,260101,004731
blk_8403169483,2,INFO,260101,004731
blk_8403169483,1,INFO,260101,004731
blk_0632653434,1,INFO,260101,004734
blk_0632653434,3,WARN,260101,004734
blk_0632653434,6,INFO,260101,004734
blk_0632653434,7,INFO,260101,004735
blk_7819017365,4,WARN,260101,004737
blk_7819017365,6,INFO,260101,004737
blk_7819017365,1,INFO,260101,004737
blk_7819017365,2,INFO,260101,004737
blk_3989137564,3,INFO,260101,004741
blk_3989137564,4,INFO,260101,004741
blk_3989137564,7,INFO,260101,004741
blk_3989137564,6,INFO,260101,004742
blk_3435814054,7,INFO,260101,004742
blk_3435814054,3,INFO,260101,004742
blk_3435814054,2,INFO,260101,004742
blk_3435814054,6,INFO,260101,004742
blk_4075991525,1,INFO,260101,004747
blk_4075991525,6,INFO,260101,004747
blk_4075991525,7,WARN,260101,004747
blk_4075991525,4,INFO,260101,004747
blk_4075991525,2,INFO,260101,004747
blk_4075991525,3,WARN,260101,004748
blk_4084543230,7,INFO,260101,004748
blk_4084543230,1,ERROR,260101,004748
blk_4084543230,5,ERROR,260101,004748
blk_4084543230,2,WARN,260101,004748
blk_4084543230,3,ERROR,260101,004748
blk_2825851893,3,WARN,260101,004751
blk_2825851893,4,ERROR,260101,004751
blk_2825851893,1,INFO,260101,004751
blk_2825851893,10,INFO,260101,004751
blk_2825851893,0,WARN,260101,004752
blk_9027651537,4,WARN,260101,004754
blk_9027651537,6,WARN,260101,004754
blk_9027651537,3,WARN,260101,004754
blk_9027651537,2,INFO,260101,004754
blk_9027651537,1,INFO,260101,004755
blk_6147504787,4,INFO,260101,004759
blk_6147504787,2,WARN,260101,004759
blk_6147504787,6,INFO,260101,004759
blk_6147504787,1,INFO,260101,004759
blk_6147504787,3,INFO,260101,004759
blk_6147504787,7,INFO,260101,004759
blk_9067155319,5,ERROR,260101,004800
blk_9067155319,4,ERROR,260101,004800
blk_9067155319,6,INFO,260101,004800
blk_9067155319,1,INFO,260101,004800
blk_1324194973,9,INFO,260101,004805
blk_1324194973,10,WARN,260101,004805
blk_1324194973,6,WARN,260101,004805
blk_1324194973,2,WARN,260101,004805
blk_1324194973,7,ERROR,260101,004805
blk_1324194973,1,ERROR,260101,004806
blk_7304902372,6,INFO,260101,004808
blk_7304902372,1,INFO,260101,004808
blk_7304902372,2,WARN,260101,004808
blk_7304902372,3,INFO,260101,004808
blk_7304902372,7,WARN,260101,004808
blk_8007913280,4,WARN,260101,004813
blk_8007913280,3,INFO,260101,004813
blk_8007913280,2,INFO,260101,004813
blk_8007913280,7,WARN,260101,004813
blk_8007913280,1,INFO,260101,004813
blk_8007913280,6,WARN,260101,004814
blk_7778133080,6,WARN,260101,004817
blk_7778133080,4,INFO,260101,004817
blk_7778133080,1,INFO,260101,004817
blk_7778133080,2,WARN,260101,004817
blk_7778133080,7,INFO,260101,004817
blk_7778133080,3,INFO,260101,004817
blk_4455557243,3,INFO,260101,004821
blk_4455557243,4,INFO,260101,004821
blk_4455557243,6,INFO,260101,004821
blk_4455557243,1,INFO,260101,004821
blk_0170451092,6,INFO,260101,004824
blk_0170451092,3,WARN,260101,004824
blk_0170451092,7,INFO,260101,004824
blk_0170451092,2,INFO,260101,004824
blk_0170451092,4,INFO,260101,004824
blk_0170451092,1,INFO,260101,004824
blk_9124910167,3,INFO,260101,004828
blk_9124910167,7,INFO,260101,004828
blk_9124910167,4,WARN,260101,004828
blk_9124910167,2,INFO,260101,004828
blk_9124910167,1,INFO,260101,004829
blk_9538274214,4,WARN,260101,004831
blk_9538274214,7,INFO,260101,004831
blk_9538274214,6,INFO,260101,004831
blk_9538274214,1,INFO,260101,004831
blk_9538274214,3,INFO,260101,004831
blk_5555735359,6,INFO,260101,004833
blk_5555735359,7,WARN,260101,004833
blk_5555735359,2,INFO,260101,004833
blk_5555735359,3,INFO,260101,004833
blk_5555735359,1,WARN,260101,004834
blk_5555735359,4,INFO,260101,004834
blk_7318496255,1,WARN,260101,004834
blk_7318496255,4,WARN,260101,004834
blk_7318496255,7,INFO,260101,004834
blk_7318496255,9,ERROR,260101,004834
blk_6316995329,2,INFO,260101,004836
blk_6316995329,4,WARN,260101,004836
blk_6316995329,1,INFO,260101,004836
blk_6316995329,7,INFO,260101,004837
blk_6316995329,3,INFO,260101,004837
blk_2852636688,1,WARN,260101,004838
blk_2852636688,7,INFO,260101,004838
blk_2852636688,4,INFO,260101,004838
blk_2852636688,3,INFO,260101,004838
blk_2852636688,6,INFO,260101,004839
blk_0928986707,3,INFO,260101,004840
blk_0928986707,1,WARN,260101,004840
blk_0928986707,6,INFO,260101,004840
blk_0928986707,2,INFO,260101,004840
blk_0928986707,4,INFO,260101,004840
blk_0928986707,7,INFO,260101,004841
blk_3610072762,7,INFO,260101,004845
blk_3610072762,1,INFO,260101,004845
blk_3610072762,2,INFO,260101,004845
blk_3610072762,4,INFO,260101,004845
blk_3610072762,3,INFO,260101,004845
blk_8697117609,4,INFO,260101,004847
blk_8697117609,3,WARN,260101,004847
blk_8697117609,6,INFO,260101,004847
blk_8697117609,7,INFO,260101,004847
blk_3121793523,1,WARN,260101,004848
blk_3121793523,2,WARN,260101,004848
blk_3121793523,4,WARN,260101,004848
blk_3121793523,6,INFO,260101,004849
blk_3121793523,7,WARN,260101,004849
blk_0169183877,3,WARN,260101,004850
blk_0169183877,4,INFO,260101,004850
blk_0169183877,6,WARN,260101,004850
blk_0169183877,1,WARN,260101,004850
blk_0169183877,7,WARN,260101,004851
blk_9496492717,3,INFO,260101,004851
blk_9496492717,6,WARN,260101,004851
blk_9496492717,2,INFO,260101,004851
blk_9496492717,1,WARN,260101,004851
blk_9496492717,7,INFO,260101,004851
blk_0312505339,2,INFO,260101,004852
blk_0312505339,3,INFO,260101,004852
blk_0312505339,4,WARN,260101,004852
blk_0312505339,7,INFO,260101,004852
blk_0312505339,1,WARN,260101,004852
blk_2342281132,2,WARN,260101,004856
blk_2342281132,6,WARN,260101,004856
blk_2342281132,3,INFO,260101,004856
blk_2342281132,4,INFO,260101,004856
blk_2342281132,1,INFO,260101,004856
blk_2342281132,7,INFO,260101,004857
blk_9032206739,1,INFO,260101,004857
blk_9032206739,2,INFO,260101,004857
blk_9032206739,4,INFO,260101,004857
blk_9032206739,3,INFO,260101,004857
blk_9032206739,7,WARN,260101,004858
blk_6792584304,1,INFO,260101,004858
blk_6792584304,3,INFO,260101,004858
blk_6792584304,7,WARN,260101,004858
blk_6792584304,4,INFO,260101,004858
blk_6792584304,6,WARN,260101,004859
blk_7027235006,3,INFO,260101,004903
blk_7027235006,2,INFO,260101,004903
blk_7027235006,4,INFO,260101,004903
blk_7027235006,1,INFO,260101,004904
blk_1610980394,6,INFO,260101,004906
blk_1610980394,3,INFO,260101,004906
blk_1610980394,4,INFO,260101,004907
blk_1610980394,2,INFO,260101,004907
blk_1610980394,1,INFO,260101,004907
blk_1610980394,7,INFO,260101,004907
blk_4991586604,1,INFO,260101,004907
blk_4991586604,6,WARN,260101,004907
blk_4991586604,4,INFO,260101,004907
blk_4991586604,2,INFO,260101,004907
blk_2986219275,3,INFO,260101,004909
blk_2986219275,4,WARN,260101,004909
blk_2986219275,6,INFO,260101,004909
blk_2986219275,2,WARN,260101,004909
blk_2986219275,1,INFO,260101,004909
blk_6517294200,1,INFO,260101,004914
blk_6517294200,4,WARN,260101,004914
blk_6517294200,3,WARN,260101,004914
blk_6517294200,2,WARN,260101,004914
blk_6517294200,6,INFO,260101,004914
blk_4106739894,4,WARN,260101,004916
blk_4106739894,6,INFO,260101,004916
blk_4106739894,1,WARN,260101,004916
blk_4106739894,3,INFO,260101,004916
blk_8105590195,1,INFO,260101,004918
blk_8105590195,3,INFO,260101,004918
blk_8105590195,4,INFO,260101,004918
blk_8105590195,7,WARN,260101,004919
blk_2454464736,6,INFO,260101,004923
blk_2454464736,3,INFO,260101,004923
blk_2454464736,2,INFO,260101,004923
blk_2454464736,4,INFO,260101,004924
blk_1583325226,1,INFO,260101,004925
blk_1583325226,4,WARN,260101,004925
blk_1583325226,7,INFO,260101,004925
blk_1583325226,2,INFO,260101,004925
blk_8887811508,1,INFO,260101,004926
blk_8887811508,3,WARN,260101,004926
blk_8887811508,4,INFO,260101,004926
blk_8887811508,6,INFO,260101,004926
blk_8887811508,7,WARN,260101,004927
blk_8887811508,2,INFO,260101,004927
blk_0480339101,3,INFO,260101,004931
blk_0480339101,1,WARN,260101,004931
blk_0480339101,6,WARN,260101,004931
blk_0480339101,4,INFO,260101,004931
blk_0480339101,2,INFO,260101,004932
blk_0480339101,7,WARN,260101,004932
blk_4021264622,4,INFO,260101,004935
blk_4021264622,3,INFO,260101,004935
blk_4021264622,2,INFO,260101,004935
blk_4021264622,7,INFO,260101,004936
blk_4021264622,1,INFO,260101,004936
blk_3762970158,2,INFO,260101,004939
blk_3762970158,7,INFO,260101,004939
blk_3762970158,4,INFO,260101,004939
blk_3762970158,6,INFO,260101,004939
blk_3762970158,3,INFO,260101,004939
blk_3762970158,1,WARN,260101,004940
blk_7169948641,7,INFO,260101,004940
blk_7169948641,4,INFO,260101,004940
blk_7169948641,3,WARN,260101,004940
blk_7169948641,6,WARN,260101,004941
blk_2625547582,6,INFO,260101,004943
blk_2625547582,7,INFO,260101,004943
blk_2625547582,3,INFO,260101,004943
blk_2625547582,4,INFO,260101,004943
blk_2625547582,2,INFO,260101,004943
blk_2625547582,1,INFO,260101,004944
blk_7558806961,7,INFO,260101,004947
blk_7558806961,4,INFO,260101,004947
blk_7558806961,6,INFO,260101,004947
blk_7558806961,2,INFO,260101,004947
blk_2817167800,6,INFO,260101,004949
blk_2817167800,1,INFO,260101,004949
blk_2817167800,3,WARN,260101,004949
blk_2817167800,4,WARN,260101,004949
blk_8476697517,1,INFO,260101,004950
blk_8476697517,7,INFO,260101,004950
blk_8476697517,4,INFO,260101,004950
blk_8476697517,2,WARN,260101,004950
blk_8641293184,7,INFO,260101,004954
blk_8641293184,2,INFO,260101,004954
blk_8641293184,6,WARN,260101,004954
blk_8641293184,3,WARN,260101,004954
blk_1476309278,7,INFO,260101,004955
blk_1476309278,6,INFO,260101,004955
blk_1476309278,4,INFO,260101,004955
blk_1476309278,1,INFO,260101,004955
blk_4544863202,1,INFO,260101,005000
blk_4544863202,3,INFO,260101,005000
blk_4544863202,6,INFO,260101,005000
blk_4544863202,4,INFO,260101,005000
blk_4544863202,2,INFO,260101,005000
blk_4544863202,7,INFO,260101,005000
blk_9683577794,7,WARN,260101,005005
blk_9683577794,4,WARN,260101,005005
blk_9683577794,1,INFO,260101,005005
blk_9683577794,6,INFO,260101,005006
blk_4263718146,2,INFO,260101,005007
blk_4263718146,3,INFO,260101,005007
blk_4263718146,1,INFO,260101,005007
blk_4263718146,4,INFO,260101,005007
blk_8180187197,3,INFO,260101,005008
blk_8180187197,6,INFO,260101,005008
blk_8180187197,2,WARN,260101,005008
blk_8180187197,1,WARN,260101,005008
blk_8180187197,4,INFO,260101,005008
blk_8180187197,7,INFO,260101,005009
blk_5342364660,3,INFO,260101,005011
blk_5342364660,2,INFO,260101,005011
blk_5342364660,6,INFO,260101,005011
blk_5342364660,7,WARN,260101,005011
blk_5342364660,4,WARN,260101,005011
blk_9850487552,6,WARN,260101,005016
blk_9850487552,7,INFO,260101,005016
blk_9850487552,4,INFO,260101,005016
blk_9850487552,3,INFO,260101,005016
blk_9850487552,1,INFO,260101,005016
blk_3137601931,4,WARN,260101,005019
blk_3137601931,6,INFO,260101,005019
blk_3137601931,2,WARN,260101,005019
blk_3137601931,1,INFO,260101,005019
blk_3137601931,3,INFO,260101,005020
blk_6382582542,3,INFO,260101,005023
blk_6382582542,7,INFO,260101,005023
blk_6382582542,6,INFO,260101,005023
blk_6382582542,1,INFO,260101,005024
blk_1021834066,6,WARN,260101,005024
blk_1021834066,1,INFO,260101,005024
blk_1021834066,7,WARN,260101,005024
blk_1021834066,4,WARN,260101,005024
blk_4861617140,4,WARN,260101,005027
blk_4861617140,1,INFO,260101,005027
blk_4861617140,2,INFO,260101,005027
blk_4861617140,7,INFO,260101,005027
blk_1214638416,3,INFO,260101,005031
blk_1214638416,2,INFO,260101,005031
blk_1214638416,7,INFO,260101,005031
blk_1214638416,4,INFO,260101,005031
blk_7234855389,6,INFO,260101,005033
blk_7234855389,4,INFO,260101,005033
blk_7234855389,3,INFO,260101,005033
blk_7234855389,1,INFO,260101,005033
blk_7234855389,7,WARN,260101,005034
blk_1779632330,3,INFO,260101,005038
blk_1779632330,7,INFO,260101,005038
blk_1779632330,6,INFO,260101,005038
blk_1779632330,4,INFO,260101,005038
blk_1779632330,2,WARN,260101,005038
blk_9959677820,3,INFO,260101,005040
blk_9959677820,1,INFO,260101,005040
blk_9959677820,6,INFO,260101,005040
blk_9959677820,4,WARN,260101,005041
blk_8764557052,6,WARN,260101,005041
blk_8764557052,2,INFO,260101,005041
blk_8764557052,1,WARN,260101,005041
blk_8764557052,4,INFO,260101,005041
blk_8764557052,7,WARN,260101,005042
blk_6994611808,7,INFO,260101,005044
blk_6994611808,6,INFO,260101,005044
blk_6994611808,1,INFO,260101,005044
blk_6994611808,4,WARN,260101,005044
blk_6994611808,3,INFO,260101,005045
blk_9461502578,1,WARN,260101,005047
blk_9461502578,3,INFO,260101,005047
blk_9461502578,4,INFO,260101,005047
blk_9461502578,2,INFO,260101,005047
blk_9461502578,6,INFO,260101,005048
blk_9461502578,7,INFO,260101,005048
blk_0842190268,4,INFO,260101,005051
blk_0842190268,1,INFO,260101,005051
blk_0842190268,2,WARN,260101,005051
blk_0842190268,7,INFO,260101,005051
blk_0842190268,3,INFO,260101,005051
blk_0842190268,6,WARN,260101,005051
blk_0739129579,7,INFO,260101,005056
blk_0739129579,6,INFO,260101,005056
blk_0739129579,2,INFO,260101,005056
blk_0739129579,1,INFO,260101,005056
blk_0739129579,3,INFO,260101,005056
blk_0739129579,4,INFO,260101,005057
blk_1983140716,4,INFO,260101,005100
blk_1983140716,2,INFO,260101,005100
blk_1983140716,7,INFO,260101,005100
blk_1983140716,1,INFO,260101,005101
blk_1983140716,6,INFO,260101,005101
blk_6184825929,4,INFO,260101,005102
blk_6184825929,2,INFO,260101,005102
blk_6184825929,3,INFO,260101,005102
blk_6184825929,1,INFO,260101,005102
blk_7154151202,8,INFO,260101,005104
blk_7154151202,1,WARN,260101,005104
blk_7154151202,6,INFO,260101,005104
blk_7154151202,4,ERROR,260101,005104
blk_7154151202,3,ERROR,260101,005105
blk_7154151202,2,INFO,260101,005105
blk_0748310729,1,INFO,260101,005107
blk_0748310729,3,INFO,260101,005107
blk_0748310729,6,INFO,260101,005107
blk_0748310729,7,INFO,260101,005107
blk_4661865964,6,INFO,260101,005109
blk_4661865964,2,WARN,260101,005109
blk_4661865964,3,WARN,260101,005109
blk_4661865964,4,INFO,260101,005109
blk_9287509560,1,INFO,260101,005114
blk_9287509560,4,INFO,260101,005114
blk_9287509560,6,INFO,260101,005114
blk_9287509560,2,WARN,260101,005114
blk_4526095923,7,WARN,260101,005119
blk_4526095923,6,INFO,260101,005119
blk_4526095923,3,WARN,260101,005119
blk_4526095923,4,INFO,260101,005120
blk_4526095923,1,WARN,260101,005120
blk_1220887175,3,INFO,260101,005123
blk_1220887175,2,INFO,260101,005123
blk_1220887175,7,WARN,260101,005123
blk_1220887175,1,WARN,260101,005123
blk_2242119395,3,INFO,260101,005127
blk_2242119395,7,WARN,260101,005127
blk_2242119395,4,WARN,260101,005127
blk_2242119395,1,WARN,260101,005127
blk_2242119395,6,INFO,260101,005127
blk_1160744695,7,WARN,260101,005132
blk_1160744695,4,INFO,260101,005132
blk_1160744695,2,WARN,260101,005132
blk_1160744695,6,INFO,260101,005132
blk_1160744695,3,INFO,260101,005133
blk_1160744695,1,WARN,260101,005133
blk_2121888401,3,INFO,260101,005135
blk_2121888401,6,INFO,260101,005135
blk_2121888401,1,INFO,260101,005135
blk_2121888401,4,INFO,260101,005136
blk_4109114002,7,WARN,260101,005136
blk_4109114002,2,INFO,260101,005136
blk_4109114002,6,INFO,260101,005136
blk_4109114002,3,INFO,260101,005137
blk_3613474069,1,WARN,260101,005138
blk_3613474069,3,INFO,260101,005138
blk_3613474069,7,WARN,260101,005138
blk_3613474069,2,INFO,260101,005138
blk_3613474069,6,INFO,260101,005138
blk_5621874965,3,INFO,260101,005142
blk_5621874965,4,INFO,260101,005142
blk_5621874965,6,INFO,260101,005142
blk_5621874965,7,INFO,260101,005142
blk_5621874965,2,WARN,260101,005143
blk_8956299075,7,INFO,260101,005143
blk_8956299075,6,INFO,260101,005143
blk_8956299075,3,INFO,260101,005143
blk_8956299075,1,INFO,260101,005144
blk_2122552926,3,INFO,260101,005145
blk_2122552926,7,INFO,260101,005145
blk_2122552926,4,INFO,260101,005145
blk_2122552926,1,INFO,260101,005145
blk_2122552926,2,INFO,260101,005146
blk_2122552926,6,INFO,260101,005146
blk_9508247373,4,INFO,260101,005149
blk_9508247373,2,WARN,260101,005149
blk_9508247373,6,INFO,260101,005149
blk_9508247373,7,INFO,260101,005150
blk_9508247373,1,INFO,260101,005150
blk_2383338697,1,INFO,260101,005150
blk_2383338697,4,INFO,260101,005150
blk_2383338697,7,INFO,260101,005150
blk_2383338697,6,INFO,260101,005150
blk_2383338697,3,WARN,260101,005150
blk_2383338697,2,INFO,260101,005150
blk_1371555255,1,INFO,260101,005152
blk_1371555255,7,INFO,260101,005152
blk_1371555255,4,INFO,260101,005152
blk_1371555255,6,INFO,260101,005152
blk_1371555255,2,WARN,260101,005153
blk_1371555255,3,INFO,260101,005153
blk_8895829305,7,WARN,260101,005154
blk_8895829305,1,WARN,260101,005154
blk_8895829305,6,INFO,260101,005154
blk_8895829305,3,INFO,260101,005154
blk_8895829305,2,INFO,260101,005154
blk_0599221851,2,WARN,260101,005155
blk_0599221851,1,INFO,260101,005155
blk_0599221851,7,INFO,260101,005155
blk_0599221851,4,INFO,260101,005155
blk_0599221851,3,INFO,260101,005156
blk_8007446916,3,INFO,260101,005200
blk_8007446916,2,WARN,260101,005200
blk_8007446916,7,WARN,260101,005200
blk_8007446916,6,WARN,260101,005201
blk_0684392813,7,INFO,260101,005204
blk_0684392813,0,INFO,260101,005204
blk_0684392813,2,WARN,260101,005204
blk_0684392813,6,WARN,260101,005204
blk_0684392813,4,ERROR,260101,005204
blk_3274151067,1,WARN,260101,005206
blk_3274151067,2,WARN,260101,005206
blk_3274151067,3,INFO,260101,005206
blk_3274151067,4,INFO,260101,005207
blk_3274151067,7,WARN,260101,005207
blk_3274151067,6,INFO,260101,005207
blk_7066252356,2,INFO,260101,005210
blk_7066252356,6,WARN,260101,005210
blk_7066252356,4,INFO,260101,005210
blk_7066252356,7,INFO,260101,005210
blk_7732358223,1,WARN,260101,005215
blk_7732358223,6,INFO,260101,005215
blk_7732358223,2,INFO,260101,005215
blk_7732358223,7,INFO,260101,005215
blk_8876564415,4,INFO,260101,005218
blk_8876564415,1,INFO,260101,005218
blk_8876564415,7,INFO,260101,005219
blk_8876564415,3,INFO,260101,005219
blk_8876564415,6,WARN,260101,005219
blk_8876564415,2,INFO,260101,005219
blk_5760718495,6,INFO,260101,005219
blk_5760718495,7,WARN,260101,005219
blk_5760718495,3,WARN,260101,005219
blk_5760718495,2,INFO,260101,005219
blk_6710995888,2,INFO,260101,005223
blk_6710995888,3,WARN,260101,005223
blk_6710995888,4,WARN,260101,005223
blk_6710995888,1,INFO,260101,005223
blk_6710995888,6,INFO,260101,005223
blk_6710995888,7,INFO,260101,005224
blk_3865184754,3,INFO,260101,005226
blk_3865184754,6,WARN,260101,005226
blk_3865184754,1,INFO,260101,005226
blk_3865184754,4,INFO,260101,005226
blk_3865184754,2,WARN,260101,005227
blk_3865184754,7,INFO,260101,005227
blk_6239992989,4,INFO,260101,005227
blk_6239992989,6,INFO,260101,005227
blk_6239992989,2,INFO,260101,005227
blk_6239992989,3,INFO,260101,005227
blk_6239992989,1,INFO,260101,005228
blk_9902149413,4,INFO,260101,005229
blk_9902149413,3,INFO,260101,005229
blk_9902149413,6,INFO,260101,005229
blk_9902149413,1,INFO,260101,005230
blk_9902149413,2,WARN,260101,005230
blk_9902149413,7,WARN,260101,005230
blk_5096030467,6,INFO,260101,005230
blk_5096030467,2,WARN,260101,005230
blk_5096030467,4,WARN,260101,005230
blk_5096030467,3,WARN,260101,005231
blk_5096030467,1,WARN,260101,005231
blk_0633608745,4,INFO,260101,005231
blk_0633608745,7,INFO,260101,005231
blk_0633608745,2,INFO,260101,005231
blk_0633608745,1,INFO,260101,005232
blk_7188465884,3,INFO,260101,005232
blk_7188465884,1,INFO,260101,005232
blk_7188465884,7,INFO,260101,005232
blk_7188465884,2,INFO,260101,005232
blk_7188465884,4,INFO,260101,005232
blk_4618150130,6,INFO,260101,005234
blk_4618150130,3,INFO,260101,005234
blk_4618150130,7,INFO,260101,005234
blk_4618150130,4,INFO,260101,005234
blk_4618150130,1,INFO,260101,005234
blk_4618150130,2,INFO,260101,005234
blk_6332544187,2,INFO,260101,005235
blk_6332544187,3,WARN,260101,005235
blk_6332544187,0,INFO,260101,005235
blk_6332544187,6,INFO,260101,005236
blk_6332544187,7,INFO,260101,005236
blk_9180567854,1,INFO,260101,005240
blk_9180567854,4,INFO,260101,005240
blk_9180567854,2,INFO,260101,005240
blk_9180567854,7,INFO,260101,005241
blk_6952627312,3,INFO,260101,005244
blk_6952627312,2,INFO,260101,005244
blk_6952627312,6,INFO,260101,005244
blk_6952627312,1,INFO,260101,005244
blk_6952627312,7,INFO,260101,005244
blk_4207713736,1,INFO,260101,005245
blk_4207713736,4,INFO,260101,005245
blk_4207713736,6,INFO,260101,005245
blk_4207713736,7,WARN,260101,005246
blk_4207713736,3,WARN,260101,005246
blk_4207713736,2,WARN,260101,005246
blk_6824774287,2,WARN,260101,005247
blk_6824774287,3,WARN,260101,005247
blk_6824774287,4,INFO,260101,005247
blk_6824774287,6,INFO,260101,005247
blk_2930936859,4,INFO,260101,005250
blk_2930936859,6,WARN,260101,005250
blk_2930936859,2,INFO,260101,005250
blk_2930936859,3,INFO,260101,005250
blk_2930936859,1,WARN,260101,005251
blk_4110620408,2,INFO,260101,005251
blk_4110620408,4,INFO,260101,005251
blk_4110620408,7,INFO,260101,005251
blk_4110620408,1,WARN,260101,005251
blk_4110620408,3,WARN,260101,005251
blk_1121664072,3,INFO,260101,005254
blk_1121664072,1,INFO,260101,005254
blk_1121664072,2,INFO,260101,005254
blk_1121664072,7,WARN,260101,005254
blk_1121664072,4,INFO,260101,005254
blk_6773122508,3,INFO,260101,005256
blk_6773122508,6,WARN,260101,005256
blk_6773122508,4,WARN,260101,005256
blk_6773122508,2,INFO,260101,005256
blk_9982668239,1,INFO,260101,005257
blk_9982668239,4,INFO,260101,005257
blk_9982668239,3,INFO,260101,005257
blk_9982668239,7,WARN,260101,005257
blk_9982668239,6,WARN,260101,005257
blk_9341355345,2,WARN,260101,005301
blk_9341355345,3,INFO,260101,005301
blk_9341355345,1,INFO,260101,005301
blk_9341355345,7,WARN,260101,005301
blk_9341355345,4,INFO,260101,005302
blk_9341355345,6,WARN,260101,005302
blk_6071552860,2,INFO,260101,005306
blk_6071552860,1,INFO,260101,005306
blk_6071552860,7,INFO,260101,005306
blk_6071552860,3,INFO,260101,005306
blk_6071552860,4,INFO,260101,005307
blk_6071552860,6,INFO,260101,005307
blk_2635316187,1,INFO,260101,005308
blk_2635316187,4,INFO,260101,005308
blk_2635316187,7,INFO,260101,005308
blk_2635316187,3,INFO,260101,005308
blk_2635316187,6,INFO,260101,005308
blk_2635316187,2,INFO,260101,005309
blk_6709498653,6,INFO,260101,005310
blk_6709498653,3,INFO,260101,005310
blk_6709498653,4,WARN,260101,005310
blk_6709498653,7,WARN,260101,005311
blk_8904464255,2,WARN,260101,005312
blk_8904464255,6,INFO,260101,005312
blk_8904464255,1,INFO,260101,005312
blk_8904464255,3,WARN,260101,005313
blk_8904464255,4,WARN,260101,005313
blk_8904464255,7,INFO,260101,005313
blk_2688173325,2,WARN,260101,005315
blk_2688173325,4,INFO,260101,005315
blk_2688173325,7,INFO,260101,005315
blk_2688173325,1,INFO,260101,005316
blk_2688173325,6,INFO,260101,005316
blk_5312764644,4,INFO,260101,005320
blk_5312764644,2,WARN,260101,005320
blk_5312764644,7,INFO,260101,005320
blk_5312764644,1,WARN,260101,005320
blk_5312764644,3,INFO,260101,005320
blk_9139471943,6,WARN,260101,005322
blk_9139471943,7,WARN,260101,005322
blk_9139471943,1,INFO,260101,005322
blk_9139471943,2,INFO,260101,005322
blk_9215735180,7,INFO,260101,005325
blk_9215735180,3,INFO,260101,005325
blk_9215735180,1,INFO,260101,005325
blk_9215735180,4,INFO,260101,005325
blk_9215735180,6,INFO,260101,005325
blk_9215735180,2,INFO,260101,005326
blk_9165750566,1,INFO,260101,005330
blk_9165750566,4,WARN,260101,005330
blk_9165750566,3,WARN,260101,005330
blk_9165750566,2,INFO,260101,005330
blk_5297197963,7,INFO,260101,005332
blk_5297197963,6,INFO,260101,005332
blk_5297197963,1,INFO,260101,005332
blk_5297197963,2,INFO,260101,005332
blk_5297197963,4,INFO,260101,005332
blk_5297197963,3,WARN,260101,005332
blk_5869113206,2,INFO,260101,005333
blk_5869113206,1,INFO,260101,005333
blk_5869113206,3,WARN,260101,005333
blk_5869113206,6,INFO,260101,005333
blk_8364716806,3,INFO,260101,005336
blk_8364716806,4,INFO,260101,005336
blk_8364716806,1,WARN,260101,005336
blk_8364716806,6,INFO,260101,005336
blk_9489049023,6,INFO,260101,005341
blk_9489049023,1,WARN,260101,005341
blk_9489049023,7,WARN,260101,005341
blk_9489049023,3,INFO,260101,005342
blk_9489049023,2,INFO,260101,005342
blk_9489049023,4,WARN,260101,005342
blk_2132655493,4,WARN,260101,005345
blk_2132655493,2,INFO,260101,005345
blk_2132655493,3,INFO,260101,005345
blk_2132655493,6,WARN,260101,005345
blk_2132655493,1,INFO,260101,005345
blk_8265345076,7,WARN,260101,005350
blk_8265345076,6,INFO,260101,005350
blk_8265345076,1,INFO,260101,005350
blk_8265345076,2,INFO,260101,005350
blk_9108449299,7,WARN,260101,005352
blk_9108449299,3,WARN,260101,005352
blk_9108449299,6,INFO,260101,005352
blk_9108449299,4,INFO,260101,005352
blk_9108449299,2,INFO,260101,005352
blk_9108449299,1,INFO,260101,005352
blk_6522768679,6,INFO,260101,005354
blk_6522768679,2,INFO,260101,005354
blk_6522768679,3,INFO,260101,005354
blk_6522768679,1,INFO,260101,005354
blk_6522768679,7,INFO,260101,005354
blk_5010643274,7,INFO,260101,005357
blk_5010643274,1,INFO,260101,005357
blk_5010643274,6,INFO,260101,005358
blk_5010643274,3,INFO,260101,005358
blk_5010643274,2,INFO,260101,005358
blk_5010643274,4,INFO,260101,005358
blk_6032036627,4,INFO,260101,005402
blk_6032036627,6,WARN,260101,005402
blk_6032036627,3,INFO,260101,005402
blk_6032036627,7,INFO,260101,005403
blk_6032036627,2,WARN,260101,005403
blk_0557840969,4,WARN,260101,005403
blk_0557840969,7,INFO,260101,005403
blk_0557840969,6,INFO,260101,005403
blk_0557840969,3,INFO,260101,005403
blk_0557840969,1,WARN,260101,005403
blk_7774848995,6,ERROR,260101,005407
blk_7774848995,4,INFO,260101,005407
blk_7774848995,2,INFO,260101,005407
blk_7774848995,0,WARN,260101,005407
blk_7774848995,1,ERROR,260101,005408
blk_7774848995,3,ERROR,260101,005408
blk_7096761190,4,INFO,260101,005410
blk_7096761190,7,INFO,260101,005410
blk_7096761190,2,INFO,260101,005410
blk_7096761190,1,INFO,260101,005410
blk_7096761190,6,INFO,260101,005410
blk_7096761190,3,INFO,260101,005410
blk_9489890412,2,INFO,260101,005414
blk_9489890412,3,WARN,260101,005414
blk_9489890412,7,INFO,260101,005415
blk_9489890412,1,INFO,260101,005415
blk_9251623393,2,INFO,260101,005419
blk_9251623393,4,INFO,260101,005419
blk_9251623393,1,INFO,260101,005419
blk_9251623393,6,WARN,260101,005419
blk_9251623393,7,INFO,260101,005419
blk_0978963168,3,WARN,260101,005423
blk_0978963168,1,INFO,260101,005423
blk_0978963168,6,INFO,260101,005423
blk_0978963168,7,INFO,260101,005423
blk_6287106194,4,INFO,260101,005427
blk_6287106194,3,INFO,260101,005427
blk_6287106194,1,INFO,260101,005427
blk_6287106194,7,INFO,260101,005428
blk_6287106194,6,INFO,260101,005428
blk_6287106194,2,INFO,260101,005428
blk_2576170584,2,INFO,260101,005431
blk_2576170584,4,INFO,260101,005431
blk_2576170584,3,INFO,260101,005431
blk_2576170584,7,INFO,260101,005431
blk_5714087680,3,INFO,260101,005434
blk_5714087680,7,INFO,260101,005434
blk_5714087680,2,INFO,260101,005434
blk_5714087680,4,WARN,260101,005434
blk_5714087680,1,INFO,260101,005435
blk_5714087680,6,INFO,260101,005435
blk_3041809304,4,INFO,260101,005439
blk_3041809304,1,INFO,260101,005439
blk_3041809304,6,INFO,260101,005439
blk_3041809304,2,INFO,260101,005440
blk_3041809304,7,WARN,260101,005440
blk_3041809304,3,WARN,260101,005440
blk_6371588138,3,WARN,260101,005441
blk_6371588138,1,WARN,260101,005441
blk_6371588138,4,INFO,260101,005441
blk_6371588138,2,WARN,260101,005441
blk_6371588138,6,INFO,260101,005441
blk_6627013336,2,INFO,260101,005445
blk_6627013336,4,INFO,260101,005445
blk_6627013336,3,INFO,260101,005445
blk_6627013336,1,WARN,260101,005445
blk_6627013336,6,WARN,260101,005446
blk_0226330654,4,INFO,260101,005448
blk_0226330654,1,WARN,260101,005448
blk_0226330654,6,INFO,260101,005448
blk_0226330654,2,INFO,260101,005448
blk_7782761940,3,INFO,260101,005449
blk_7782761940,1,WARN,260101,005449
blk_7782761940,4,INFO,260101,005449
blk_7782761940,2,INFO,260101,005449
blk_5030326187,7,INFO,260101,005451
blk_5030326187,4,INFO,260101,005451
blk_5030326187,1,INFO,260101,005451
blk_5030326187,6,WARN,260101,005451
blk_3413100943,3,INFO,260101,005456
blk_3413100943,6,INFO,260101,005456
blk_3413100943,1,INFO,260101,005456
blk_3413100943,2,WARN,260101,005456
blk_3413100943,7,WARN,260101,005457
blk_3413100943,4,INFO,260101,005457
blk_5264236219,7,WARN,260101,005500
blk_5264236219,3,INFO,260101,005500
blk_5264236219,2,INFO,260101,005500
blk_5264236219,6,INFO,260101,005500
blk_5264236219,1,WARN,260101,005500
blk_4427442253,7,INFO,260101,005503
blk_4427442253,4,INFO,260101,005503
blk_4427442253,3,INFO,260101,005503
blk_4427442253,1,INFO,260101,005504
blk_4427442253,6,INFO,260101,005504
blk_4427442253,2,INFO,260101,005504
blk_6505691018,1,INFO,260101,005507
blk_6505691018,3,INFO,260101,005507
blk_6505691018,2,INFO,260101,005507
blk_6505691018,7,INFO,260101,005507
blk_6505691018,4,INFO,260101,005508
blk_6505691018,6,INFO,260101,005508
blk_8920615318,2,INFO,260101,005510
blk_8920615318,3,INFO,260101,005510
blk_8920615318,7,INFO,260101,005510
blk_8920615318,1,INFO,260101,005510
blk_4850203975,6,INFO,260101,005515
blk_4850203975,4,WARN,260101,005515
blk_4850203975,2,INFO,260101,005515
blk_4850203975,3,WARN,260101,005515
blk_0810431452,2,INFO,260101,005518
blk_0810431452,4,INFO,260101,005518
blk_0810431452,7,INFO,260101,005518
blk_0810431452,6,INFO,260101,005518
blk_0810431452,3,INFO,260101,005519
blk_5760884536,1,INFO,260101,005522
blk_5760884536,6,WARN,260101,005522
blk_5760884536,4,INFO,260101,005522
blk_5760884536,7,WARN,260101,005522
blk_5760884536,3,INFO,260101,005522
blk_3190441587,1,INFO,260101,005526
blk_3190441587,2,INFO,260101,005526
blk_3190441587,7,WARN,260101,005526
blk_3190441587,3,WARN,260101,005526
blk_3190441587,4,WARN,260101,005526
blk_3190441587,6,INFO,260101,005526
blk_3503749501,3,WARN,260101,005528
blk_3503749501,1,WARN,260101,005528
blk_3503749501,7,INFO,260101,005528
blk_3503749501,4,INFO,260101,005529
blk_3503749501,2,INFO,260101,005529
blk_3503749501,6,INFO,260101,005529
blk_3885652776,3,WARN,260101,005529
blk_3885652776,6,INFO,260101,005529
blk_3885652776,2,INFO,260101,005529
blk_3885652776,4,WARN,260101,005529
blk_4916553192,4,WARN,260101,005532
blk_4916553192,1,INFO,260101,005532
blk_4916553192,0,INFO,260101,005532
blk_4916553192,6,WARN,260101,005532
blk_4916553192,2,WARN,260101,005533
blk_4916553192,7,WARN,260101,005533
blk_7338883458,6,ERROR,260101,005533
blk_7338883458,7,WARN,260101,005533
blk_7338883458,1,ERROR,260101,005533
blk_7338883458,2,WARN,260101,005533
blk_7338883458,5,ERROR,260101,005534
blk_7338883458,4,INFO,260101,005534
blk_5611763904,4,INFO,260101,005537
blk_5611763904,7,WARN,260101,005537
blk_5611763904,2,INFO,260101,005537
blk_5611763904,6,WARN,260101,005537
blk_5611763904,1,INFO,260101,005537
blk_6384253178,1,WARN,260101,005538
blk_6384253178,4,INFO,260101,005538
blk_6384253178,6,INFO,260101,005538
blk_6384253178,7,WARN,260101,005538
blk_6384253178,2,WARN,260101,005539
blk_5866162130,2,INFO,260101,005541
blk_5866162130,3,INFO,260101,005541
blk_5866162130,1,INFO,260101,005541
blk_5866162130,6,INFO,260101,005541
blk_5866162130,4,INFO,260101,005541
blk_9487681866,7,INFO,260101,005545
blk_9487681866,1,INFO,260101,005545
blk_9487681866,3,INFO,260101,005545
blk_9487681866,4,WARN,260101,005545
blk_9487681866,6,INFO,260101,005546
blk_9487681866,2,INFO,260101,005546
blk_7068293098,2,INFO,260101,005550
blk_7068293098,4,INFO,260101,005550
blk_7068293098,7,INFO,260101,005550
blk_7068293098,1,INFO,260101,005550
blk_7068293098,3,INFO,260101,005550
blk_9983239958,6,WARN,260101,005554
blk_9983239958,3,INFO,260101,005554
blk_9983239958,4,WARN,260101,005554
blk_9983239958,1,INFO,260101,005555
blk_2009645065,6,ERROR,260101,005558
blk_2009645065,4,WARN,260101,005558
blk_2009645065,9,ERROR,260101,005558
blk_2009645065,2,ERROR,260101,005559
blk_2009645065,1,INFO,260101,005559
blk_2009645065,7,ERROR,260101,005559
blk_3572225603,7,INFO,260101,005559
blk_3572225603,6,INFO,260101,005559
blk_3572225603,2,WARN,260101,005559
blk_3572225603,1,INFO,260101,005559
blk_3572225603,4,WARN,260101,005559
blk_1684548895,4,INFO,260101,005604
blk_1684548895,3,INFO,260101,005604
blk_1684548895,7,WARN,260101,005604
blk_1684548895,2,INFO,260101,005604
blk_1684548895,6,INFO,260101,005604
blk_5154916620,9,WARN,260101,005608
blk_5154916620,6,ERROR,260101,005608
blk_5154916620,7,WARN,260101,005608
blk_5154916620,2,ERROR,260101,005608
blk_5154916620,1,ERROR,260101,005608
blk_5154916620,4,INFO,260101,005609
blk_5018462572,1,INFO,260101,005610
blk_5018462572,6,WARN,260101,005610
blk_5018462572,3,WARN,260101,005610
blk_5018462572,7,INFO,260101,005611
blk_1986317255,3,INFO,260101,005611
blk_1986317255,6,INFO,260101,005611
blk_1986317255,1,WARN,260101,005611
blk_1986317255,2,INFO,260101,005611
blk_1986317255,7,WARN,260101,005612
blk_4486489710,1,WARN,260101,005612
blk_4486489710,3,INFO,260101,005612
blk_4486489710,6,WARN,260101,005612
blk_4486489710,4,INFO,260101,005613
blk_4486489710,7,INFO,260101,005613
blk_4486489710,2,WARN,260101,005613
blk_7095537616,1,INFO,260101,005613
blk_7095537616,4,INFO,260101,005613
blk_7095537616,2,INFO,260101,005613
blk_7095537616,3,INFO,260101,005613
blk_6484113280,2,WARN,260101,005616
blk_6484113280,7,INFO,260101,005616
blk_6484113280,1,INFO,260101,005616
blk_6484113280,4,WARN,260101,005617
blk_6484113280,6,INFO,260101,005617
blk_5611802372,1,WARN,260101,005619
blk_5611802372,2,INFO,260101,005619
blk_5611802372,3,INFO,260101,005619
blk_5611802372,7,INFO,260101,005619
blk_5611802372,6,INFO,260101,005620
blk_5611802372,4,INFO,260101,005620
blk_5929054235,2,INFO,260101,005624
blk_5929054235,7,WARN,260101,005624
blk_5929054235,3,WARN,260101,005624
blk_5929054235,4,INFO,260101,005624
blk_5929054235,1,INFO,260101,005624
blk_5929054235,6,INFO,260101,005624
blk_0582671834,2,INFO,260101,005626
blk_0582671834,4,INFO,260101,005626
blk_0582671834,6,INFO,260101,005626
blk_0582671834,7,INFO,260101,005626
blk_0582671834,3,INFO,260101,005627
blk_0582671834,1,WARN,260101,005627
blk_7904632905,6,INFO,260101,005631
blk_7904632905,4,INFO,260101,005631
blk_7904632905,7,INFO,260101,005631
blk_7904632905,2,INFO,260101,005631
blk_9541954292,1,INFO,260101,005634
blk_9541954292,7,WARN,260101,005634
blk_9541954292,4,INFO,260101,005634
blk_9541954292,2,INFO,260101,005634
blk_9541954292,3,INFO,260101,005635
blk_9541954292,6,WARN,260101,005635
blk_8185969669,6,INFO,260101,005638
blk_8185969669,7,INFO,260101,005638
blk_8185969669,2,INFO,260101,005638
blk_8185969669,4,INFO,260101,005639
blk_6895261461,3,WARN,260101,005639
blk_6895261461,7,WARN,260101,005639
blk_6895261461,6,WARN,260101,005639
blk_6895261461,2,INFO,260101,005639
blk_6895261461,4,WARN,260101,005639
blk_1960812531,4,WARN,260101,005641
blk_1960812531,6,INFO,260101,005641
blk_1960812531,3,INFO,260101,005641
blk_1960812531,1,WARN,260101,005641
blk_1960812531,7,INFO,260101,005642
blk_3269854164,1,INFO,260101,005642
blk_3269854164,2,INFO,260101,005642
blk_3269854164,4,WARN,260101,005642
blk_3269854164,3,INFO,260101,005642
blk_3269854164,6,INFO,260101,005642
blk_0431167727,7,WARN,260101,005647
blk_0431167727,6,INFO,260101,005647
blk_0431167727,4,INFO,260101,005647
blk_0431167727,3,INFO,260101,005647
blk_0431167727,1,INFO,260101,005647
blk_0431167727,2,WARN,260101,005647
blk_0453391783,2,INFO,260101,005649
blk_0453391783,6,INFO,260101,005649
blk_0453391783,1,INFO,260101,005649
blk_0453391783,3,WARN,260101,005649
blk_0453391783,4,INFO,260101,005649
blk_0453391783,7,INFO,260101,005649
blk_8580256657,7,INFO,260101,005652
blk_8580256657,3,INFO,260101,005652
blk_8580256657,2,INFO,260101,005652
blk_8580256657,6,INFO,260101,005652
blk_8580256657,1,INFO,260101,005653
blk_8580256657,4,WARN,260101,005653
blk_2286978537,7,INFO,260101,005656
blk_2286978537,1,INFO,260101,005656
blk_2286978537,4,INFO,260101,005656
blk_2286978537,2,INFO,260101,005656
blk_6335438599,3,INFO,260101,005700
blk_6335438599,4,INFO,260101,005700
blk_6335438599,1,WARN,260101,005700
blk_6335438599,2,WARN,260101,005700
blk_6335438599,6,INFO,260101,005700
blk_4503283973,7,INFO,260101,005705
blk_4503283973,6,INFO,260101,005705
blk_4503283973,4,INFO,260101,005705
blk_4503283973,2,INFO,260101,005705
blk_4503283973,3,INFO,260101,005705
blk_4503283973,1,INFO,260101,005706
blk_0725183167,2,WARN,260101,005707
blk_0725183167,1,INFO,260101,005707
blk_0725183167,4,INFO,260101,005707
blk_0725183167,3,INFO,260101,005707
blk_0725183167,7,INFO,260101,005707
blk_0725183167,6,INFO,260101,005707
blk_1112920201,6,INFO,260101,005708
blk_1112920201,4,INFO,260101,005708
blk_1112920201,7,WARN,260101,005708
blk_1112920201,1,INFO,260101,005708
blk_3529259860,6,INFO,260101,005710
blk_3529259860,3,WARN,260101,005710
blk_3529259860,4,INFO,260101,005710
blk_3529259860,1,INFO,260101,005710
blk_3529259860,2,WARN,260101,005711
blk_0752431518,7,INFO,260101,005715
blk_0752431518,3,INFO,260101,005715
blk_0752431518,4,INFO,260101,005715
blk_0752431518,2,INFO,260101,005715
blk_0752431518,1,WARN,260101,005715
blk_0752431518,6,INFO,260101,005716
blk_5504675961,9,WARN,260101,005720
blk_5504675961,9,ERROR,260101,005720
blk_5504675961,4,ERROR,260101,005720
blk_5504675961,1,ERROR,260101,005720
blk_5504675961,3,INFO,260101,005720
blk_5504675961,7,WARN,260101,005721
blk_5504675961,6,ERROR,260101,005721
blk_5504675961,2,WARN,260101,005721
blk_5559603892,1,INFO,260101,005724
blk_5559603892,6,WARN,260101,005724
blk_5559603892,4,WARN,260101,005724
blk_5559603892,2,INFO,260101,005725
blk_6860448562,1,INFO,260101,005727
blk_6860448562,7,INFO,260101,005727
blk_6860448562,4,INFO,260101,005727
blk_6860448562,3,WARN,260101,005727
blk_6860448562,6,INFO,260101,005727
blk_6860448562,2,INFO,260101,005728
blk_9538297820,7,INFO,260101,005729
blk_9538297820,1,INFO,260101,005729
blk_9538297820,3,INFO,260101,005729
blk_9538297820,4,INFO,260101,005729
blk_9538297820,6,INFO,260101,005730
blk_0185440223,7,INFO,260101,005730
blk_0185440223,4,INFO,260101,005730
blk_0185440223,3,INFO,260101,005730
blk_0185440223,1,INFO,260101,005730
blk_0185440223,6,INFO,260101,005731
blk_0185440223,2,WARN,260101,005731
blk_1067174325,3,WARN,260101,005734
blk_1067174325,1,INFO,260101,005734
blk_1067174325,6,INFO,260101,005734
blk_1067174325,7,WARN,260101,005734
blk_1067174325,4,INFO,260101,005735
blk_1067174325,2,INFO,260101,005735
blk_5070779834,2,INFO,260101,005736
blk_5070779834,3,INFO,260101,005736
blk_5070779834,4,INFO,260101,005736
blk_5070779834,7,INFO,260101,005737
blk_5070779834,6,WARN,260101,005737
blk_7565030488,2,INFO,260101,005740
blk_7565030488,1,INFO,260101,005740
blk_7565030488,4,INFO,260101,005740
blk_7565030488,3,INFO,260101,005741
blk_7565030488,6,INFO,260101,005741
blk_7565030488,7,INFO,260101,005741
blk_3802735541,7,INFO,260101,005741
blk_3802735541,6,INFO,260101,005741
blk_3802735541,3,WARN,260101,005741
blk_3802735541,1,WARN,260101,005741
blk_3802735541,2,INFO,260101,005742
blk_3802735541,4,INFO,260101,005742
blk_0276695345,1,INFO,260101,005744
blk_0276695345,3,INFO,260101,005744
blk_0276695345,6,INFO,260101,005744
blk_0276695345,4,INFO,260101,005745
blk_6998180019,3,WARN,260101,005745
blk_6998180019,4,INFO,260101,005745
blk_6998180019,7,INFO,260101,005745
blk_6998180019,2,INFO,260101,005745
blk_6998180019,1,INFO,260101,005746
blk_6998180019,6,INFO,260101,005746
blk_5794374689,4,INFO,260101,005749
blk_5794374689,7,INFO,260101,005749
blk_5794374689,2,INFO,260101,005750
blk_5794374689,1,INFO,260101,005750
blk_4521154858,7,WARN,260101,005754
blk_4521154858,2,INFO,260101,005754
blk_4521154858,3,INFO,260101,005754
blk_4521154858,4,INFO,260101,005754
blk_4521154858,6,INFO,260101,005755
blk_4521154858,1,INFO,260101,005755
blk_8666549456,4,INFO,260101,005756
blk_8666549456,6,INFO,260101,005756
blk_8666549456,3,WARN,260101,005756
blk_8666549456,7,INFO,260101,005756
blk_8666549456,1,INFO,260101,005756
blk_8666549456,2,INFO,260101,005756
blk_4075973674,4,WARN,260101,005800
blk_4075973674,7,INFO,260101,005800
blk_4075973674,1,INFO,260101,005800
blk_4075973674,3,INFO,260101,005800
blk_4075973674,2,INFO,260101,005800
blk_6782214669,7,INFO,260101,005802
blk_6782214669,4,INFO,260101,005802
blk_6782214669,6,INFO,260101,005802
blk_6782214669,3,INFO,260101,005802
blk_6782214669,1,INFO,260101,005802
blk_2779949400,3,INFO,260101,005803
blk_2779949400,7,INFO,260101,005803
blk_2779949400,4,INFO,260101,005803
blk_2779949400,6,WARN,260101,005803
blk_9225220030,7,INFO,260101,005805
blk_9225220030,6,INFO,260101,005805
blk_9225220030,3,WARN,260101,005805
blk_9225220030,2,WARN,260101,005805
blk_9225220030,4,INFO,260101,005806
blk_7864625527,4,INFO,260101,005810
blk_7864625527,1,WARN,260101,005810
blk_7864625527,3,INFO,260101,005810
blk_7864625527,7,INFO,260101,005810
blk_8015529502,3,WARN,260101,005815
blk_8015529502,2,INFO,260101,005815
blk_8015529502,4,INFO,260101,005815
blk_8015529502,1,INFO,260101,005815
blk_8015529502,6,INFO,260101,005816
blk_7769792206,7,INFO,260101,005820
blk_7769792206,4,INFO,260101,005820
blk_7769792206,2,INFO,260101,005820
blk_7769792206,6,INFO,260101,005820
blk_2103260322,2,INFO,260101,005822
blk_2103260322,3,INFO,260101,005822
blk_2103260322,6,INFO,260101,005822
blk_2103260322,7,WARN,260101,005822
blk_9086804276,1,INFO,260101,005823
blk_9086804276,2,WARN,260101,005823
blk_9086804276,4,INFO,260101,005823
blk_9086804276,7,INFO,260101,005823
blk_9086804276,3,INFO,260101,005824
blk_4216115053,1,INFO,260101,005824
blk_4216115053,3,INFO,260101,005824
blk_4216115053,6,INFO,260101,005824
blk_4216115053,7,INFO,260101,005824
blk_4216115053,4,INFO,260101,005824
blk_4216115053,2,INFO,260101,005825
blk_0428874667,6,INFO,260101,005825
blk_0428874667,2,INFO,260101,005825
blk_0428874667,7,INFO,260101,005825
blk_0428874667,1,INFO,260101,005825
blk_0428874667,3,INFO,260101,005825
blk_0428874667,4,INFO,260101,005825
blk_7500271133,7,INFO,260101,005830
blk_7500271133,6,INFO,260101,005830
blk_7500271133,4,INFO,260101,005830
blk_7500271133,2,INFO,260101,005830
blk_9157589211,2,INFO,260101,005832
blk_9157589211,4,INFO,260101,005832
blk_9157589211,1,INFO,260101,005833
blk_9157589211,3,WARN,260101,005833
blk_9157589211,7,INFO,260101,005833
blk_9157589211,6,INFO,260101,005833
blk_2521032191,4,WARN,260101,005836
blk_2521032191,7,INFO,260101,005836
blk_2521032191,2,INFO,260101,005836
blk_2521032191,6,INFO,260101,005836
blk_4165156198,2,INFO,260101,005840
blk_4165156198,4,INFO,260101,005840
blk_4165156198,6,INFO,260101,005840
blk_4165156198,1,WARN,260101,005840
blk_5100416185,1,INFO,260101,005841
blk_5100416185,2,INFO,260101,005841
blk_5100416185,4,WARN,260101,005841
blk_5100416185,7,INFO,260101,005841
blk_5100416185,6,INFO,260101,005841
blk_4012229739,7,WARN,260101,005843
blk_4012229739,4,INFO,260101,005843
blk_4012229739,2,WARN,260101,005843
blk_4012229739,6,INFO,260101,005843
blk_4012229739,3,INFO,260101,005843
blk_1351295621,6,WARN,260101,005846
blk_1351295621,4,WARN,260101,005846
blk_1351295621,1,INFO,260101,005846
blk_1351295621,2,WARN,260101,005846
blk_1351295621,3,INFO,260101,005846
blk_1351295621,7,INFO,260101,005847
blk_8045062136,2,INFO,260101,005847
blk_8045062136,4,WARN,260101,005847
blk_8045062136,6,INFO,260101,005847
blk_8045062136,3,WARN,260101,005847
blk_8045062136,1,INFO,260101,005847
blk_8045062136,7,INFO,260101,005847
blk_4999111508,3,INFO,260101,005848
blk_4999111508,4,INFO,260101,005848
blk_4999111508,6,INFO,260101,005848
blk_4999111508,7,INFO,260101,005848
blk_9030982756,3,INFO,260101,005850
blk_9030982756,6,INFO,260101,005850
blk_9030982756,7,WARN,260101,005850
blk_9030982756,4,WARN,260101,005850
blk_9030982756,2,INFO,260101,005850
blk_6898037146,7,INFO,260101,005854
blk_6898037146,1,INFO,260101,005854
blk_6898037146,4,WARN,260101,005854
blk_6898037146,6,INFO,260101,005854
blk_6898037146,2,INFO,260101,005855
blk_8871267456,3,INFO,260101,005856
blk_8871267456,2,INFO,260101,005856
blk_8871267456,1,INFO,260101,005856
blk_8871267456,6,INFO,260101,005857
blk_8871267456,7,INFO,260101,005857
blk_8871267456,4,INFO,260101,005857
blk_3394299545,6,WARN,260101,005901
blk_3394299545,3,INFO,260101,005901
blk_3394299545,4,WARN,260101,005901
blk_3394299545,1,INFO,260101,005901
blk_0178035495,1,INFO,260101,005903
blk_0178035495,6,INFO,260101,005903
blk_0178035495,3,WARN,260101,005903
blk_0178035495,4,INFO,260101,005904
blk_7835172935,7,INFO,260101,005907
blk_7835172935,1,WARN,260101,005907
blk_7835172935,4,WARN,260101,005907
blk_7835172935,2,INFO,260101,005907
blk_7835172935,3,INFO,260101,005908
blk_7835172935,6,WARN,260101,005908
blk_9209502951,7,INFO,260101,005911
blk_9209502951,3,INFO,260101,005911
blk_9209502951,1,WARN,260101,005911
blk_9209502951,4,WARN,260101,005912
blk_9209502951,6,INFO,260101,005912
blk_1280962745,1,WARN,260101,005914
blk_1280962745,2,INFO,260101,005914
blk_1280962745,6,INFO,260101,005914
blk_1280962745,4,INFO,260101,005914
blk_1280962745,3,WARN,260101,005914
blk_1786843642,1,INFO,260101,005919
blk_1786843642,4,WARN,260101,005919
blk_1786843642,2,WARN,260101,005919
blk_1786843642,7,INFO,260101,005919
blk_1786843642,3,INFO,260101,005919
blk_1786843642,6,INFO,260101,005920
blk_5260705125,2,INFO,260101,005924
blk_5260705125,3,INFO,260101,005924
blk_5260705125,1,INFO,260101,005924
blk_5260705125,4,INFO,260101,005924
blk_5260705125,7,WARN,260101,005924
blk_3443110066,3,WARN,260101,005925
blk_3443110066,7,INFO,260101,005925
blk_3443110066,4,INFO,260101,005925
blk_3443110066,2,WARN,260101,005925
blk_3443110066,6,INFO,260101,005926
blk_2997736986,6,ERROR,260101,005929
blk_2997736986,2,INFO,260101,005929
blk_2997736986,4,WARN,260101,005929
blk_2997736986,7,INFO,260101,005930
blk_2997736986,1,ERROR,260101,005930
blk_2997736986,0,INFO,260101,005930
blk_9880642389,1,WARN,260101,005934
blk_9880642389,4,INFO,260101,005934
blk_9880642389,2,INFO,260101,005934
blk_9880642389,6,INFO,260101,005934
blk_9993358321,6,INFO,260101,005937
blk_9993358321,7,INFO,260101,005937
blk_9993358321,2,INFO,260101,005937
blk_9993358321,4,INFO,260101,005937
blk_9993358321,3,INFO,260101,005937
blk_9993358321,1,INFO,260101,005937
blk_7459194619,1,INFO,260101,005941
blk_7459194619,2,INFO,260101,005941
blk_7459194619,6,WARN,260101,005941
blk_7459194619,4,INFO,260101,005941
blk_4985261646,6,INFO,260101,005944
blk_4985261646,7,INFO,260101,005944
blk_4985261646,3,INFO,260101,005944
blk_4985261646,1,INFO,260101,005944
blk_4985261646,2,INFO,260101,005944
blk_4985261646,4,WARN,260101,005944
blk_2765932813,3,INFO,260101,005949
blk_2765932813,4,WARN,260101,005949
blk_2765932813,6,INFO,260101,005949
blk_2765932813,2,INFO,260101,005949
blk_5365577910,1,INFO,260101,005954
blk_5365577910,2,INFO,260101,005954
blk_5365577910,7,INFO,260101,005954
blk_5365577910,6,INFO,260101,005954
blk_5365577910,3,WARN,260101,005954
blk_6221881643,2,INFO,260101,005958
blk_6221881643,1,INFO,260101,005958
blk_6221881643,6,INFO,260101,005958
blk_6221881643,4,INFO,260101,005958
blk_0600936771,7,INFO,260101,005959
blk_0600936771,2,WARN,260101,005959
blk_0600936771,6,INFO,260101,005959
blk_0600936771,3,WARN,260101,005959
blk_0600936771,4,INFO,260101,005959
blk_5916874271,3,INFO,260101,010003
blk_5916874271,1,INFO,260101,010003
blk_5916874271,2,INFO,260101,010003
blk_5916874271,6,INFO,260101,010003
blk_5916874271,4,WARN,260101,010003
blk_8418259220,4,INFO,260101,010004
blk_8418259220,2,INFO,260101,010004
blk_8418259220,3,INFO,260101,010004
blk_8418259220,1,INFO,260101,010004
blk_8418259220,7,WARN,260101,010004
blk_4831748169,6,INFO,260101,010009
blk_4831748169,2,INFO,260101,010009
blk_4831748169,1,INFO,260101,010009
blk_4831748169,7,INFO,260101,010009
blk_4831748169,3,WARN,260101,010009
blk_4831748169,4,WARN,260101,010009
blk_7779891897,2,WARN,260101,010011
blk_7779891897,1,INFO,260101,010011
blk_7779891897,4,INFO,260101,010011
blk_7779891897,7,INFO,260101,010011
blk_3561424677,1,WARN,260101,010015
blk_3561424677,2,INFO,260101,010015
blk_3561424677,4,INFO,260101,010015
blk_3561424677,7,WARN,260101,010015
blk_3561424677,6,WARN,260101,010016
blk_3561424677,3,INFO,260101,010016
blk_7825019586,3,WARN,260101,010016
blk_7825019586,10,INFO,260101,010016
blk_7825019586,2,INFO,260101,010016
blk_7825019586,1,ERROR,260101,010016
blk_7825019586,7,INFO,260101,010016
blk_7825019586,10,INFO,260101,010016
blk_6777357218,7,INFO,260101,010019
blk_6777357218,2,WARN,260101,010019
blk_6777357218,4,INFO,260101,010019
blk_6777357218,6,WARN,260101,010019
blk_6777357218,1,WARN,260101,010019
blk_7822466845,2,ERROR,260101,010021
blk_7822466845,7,INFO,260101,010021
blk_7822466845,10,WARN,260101,010021
blk_7822466845,4,WARN,260101,010021
blk_7822466845,9,WARN,260101,010021
blk_7822466845,3,WARN,260101,010022
blk_7822466845,1,INFO,260101,010022
blk_2032924795,7,INFO,260101,010025
blk_2032924795,3,INFO,260101,010025
blk_2032924795,4,WARN,260101,010025
blk_2032924795,6,INFO,260101,010026
blk_2032924795,2,WARN,260101,010026
blk_0097830719,4,INFO,260101,010030
blk_0097830719,6,INFO,260101,010030
blk_0097830719,1,INFO,260101,010030
blk_0097830719,3,INFO,260101,010030
blk_0097830719,2,INFO,260101,010030
blk_9555138787,6,INFO,260101,010031
blk_9555138787,2,INFO,260101,010031
blk_9555138787,3,WARN,260101,010031
blk_9555138787,4,WARN,260101,010031
blk_3109104303,2,INFO,260101,010035
blk_3109104303,3,INFO,260101,010035
blk_3109104303,1,INFO,260101,010035
blk_3109104303,7,INFO,260101,010036
blk_3109104303,6,WARN,260101,010036
blk_3109104303,4,INFO,260101,010036
blk_7922700786,6,WARN,260101,010037
blk_7922700786,2,INFO,260101,010037
blk_7922700786,7,INFO,260101,010037
blk_7922700786,4,INFO,260101,010037
blk_1934681416,6,INFO,260101,010039
blk_1934681416,2,WARN,260101,010039
blk_1934681416,7,INFO,260101,010039
blk_1934681416,3,INFO,260101,010039
blk_1934681416,1,WARN,260101,010039
blk_1934681416,4,INFO,260101,010040
blk_5431840526,7,INFO,260101,010044
blk_5431840526,6,WARN,260101,010044
blk_5431840526,3,INFO,260101,010044
blk_5431840526,4,INFO,260101,010044
blk_5431840526,2,INFO,260101,010045
blk_5431840526,1,WARN,260101,010045
blk_8150648512,9,INFO,260101,010045
blk_8150648512,8,INFO,260101,010045
blk_8150648512,1,ERROR,260101,010045
blk_8150648512,7,WARN,260101,010045
blk_8150648512,4,INFO,260101,010046
blk_8150648512,3,INFO,260101,010046
blk_4969779149,1,INFO,260101,010050
blk_4969779149,2,INFO,260101,010050
blk_4969779149,6,WARN,260101,010050
blk_4969779149,4,INFO,260101,010050
blk_4969779149,7,INFO,260101,010051
blk_4969779149,3,WARN,260101,010051
blk_7979280083,4,INFO,260101,010052
blk_7979280083,3,WARN,260101,010052
blk_7979280083,6,INFO,260101,010052
blk_7979280083,7,INFO,260101,010052
blk_7979280083,2,WARN,260101,010052
blk_7979280083,1,INFO,260101,010052
blk_1157426821,4,INFO,260101,010054
blk_1157426821,2,INFO,260101,010054
blk_1157426821,1,INFO,260101,010054
blk_1157426821,3,INFO,260101,010055
blk_1157426821,7,INFO,260101,010055
blk_4353209381,6,INFO,260101,010058
blk_4353209381,7,INFO,260101,010058
blk_4353209381,4,INFO,260101,010058
blk_4353209381,1,INFO,260101,010058
blk_4353209381,2,INFO,260101,010059
blk_9929029487,7,INFO,260101,010101
blk_9929029487,4,INFO,260101,010101
blk_9929029487,1,INFO,260101,010101
blk_9929029487,3,INFO,260101,010102
blk_8044325322,1,INFO,260101,010106
blk_8044325322,3,WARN,260101,010106
blk_8044325322,6,INFO,260101,010106
blk_8044325322,4,WARN,260101,010106
blk_8044325322,7,WARN,260101,010106
blk_4998343533,1,WARN,260101,010109
blk_4998343533,6,INFO,260101,010109
blk_4998343533,4,WARN,260101,010109
blk_4998343533,3,INFO,260101,010110
blk_4998343533,7,WARN,260101,010110
blk_4998343533,2,INFO,260101,010110
blk_5249256988,2,INFO,260101,010113
blk_5249256988,4,WARN,260101,010113
blk_5249256988,6,INFO,260101,010113
blk_5249256988,3,WARN,260101,010113
blk_9861849004,4,INFO,260101,010115
blk_9861849004,1,INFO,260101,010115
blk_9861849004,6,WARN,260101,010115
blk_9861849004,3,INFO,260101,010115
blk_7233665040,6,INFO,260101,010119
blk_7233665040,2,WARN,260101,010119
blk_7233665040,4,WARN,260101,010119
blk_7233665040,3,WARN,260101,010119
blk_7233665040,1,INFO,260101,010120
blk_7233665040,7,WARN,260101,010120
blk_0758587681,6,INFO,260101,010124
blk_0758587681,7,INFO,260101,010124
blk_0758587681,3,WARN,260101,010124
blk_0758587681,4,INFO,260101,010124
blk_3824069694,7,INFO,260101,010126
blk_3824069694,3,WARN,260101,010126
blk_3824069694,4,INFO,260101,010126
blk_3824069694,1,INFO,260101,010127
blk_8278199988,2,INFO,260101,010130
blk_8278199988,1,WARN,260101,010130
blk_8278199988,6,WARN,260101,010130
blk_8278199988,7,INFO,260101,010130
blk_7772667546,7,WARN,260101,010135
blk_7772667546,1,INFO,260101,010135
blk_7772667546,4,INFO,260101,010135
blk_7772667546,2,INFO,260101,010135
blk_7772667546,6,INFO,260101,010135
blk_3977036264,1,INFO,260101,010137
blk_3977036264,7,WARN,260101,010137
blk_3977036264,6,WARN,260101,010137
blk_3977036264,3,INFO,260101,010138
blk_3977036264,2,INFO,260101,010138
blk_7171318915,4,INFO,260101,010139
blk_7171318915,2,INFO,260101,010139
blk_7171318915,7,INFO,260101,010139
blk_7171318915,6,INFO,260101,010139
blk_7171318915,3,INFO,260101,010139
blk_7171318915,1,INFO,260101,010140
blk_5764922739,3,INFO,260101,010140
blk_5764922739,4,INFO,260101,010140
blk_5764922739,2,INFO,260101,010140
blk_5764922739,1,INFO,260101,010140
blk_5764922739,6,WARN,260101,010141
blk_1998523780,6,INFO,260101,010142
blk_1998523780,2,INFO,260101,010142
blk_1998523780,3,WARN,260101,010142
blk_1998523780,7,WARN,260101,010142
blk_1998523780,4,INFO,260101,010142
blk_1998523780,1,INFO,260101,010143
blk_5953641323,1,INFO,260101,010147
blk_5953641323,2,INFO,260101,010147
blk_5953641323,6,WARN,260101,010147
blk_5953641323,7,INFO,260101,010147
blk_5953641323,4,INFO,260101,010147
blk_2836037860,7,WARN,260101,010148
blk_2836037860,6,INFO,260101,010148
blk_2836037860,3,INFO,260101,010148
blk_2836037860,1,INFO,260101,010148
blk_2836037860,4,INFO,260101,010149
blk_1539155428,4,INFO,260101,010149
blk_1539155428,3,WARN,260101,010149
blk_1539155428,6,INFO,260101,010149
blk_1539155428,7,INFO,260101,010150
blk_1539155428,1,INFO,260101,010150
blk_5492306353,7,WARN,260101,010151
blk_5492306353,6,INFO,260101,010151
blk_5492306353,3,WARN,260101,010151
blk_5492306353,4,INFO,260101,010151
blk_5492306353,1,INFO,260101,010152
blk_2937074212,2,WARN,260101,010155
blk_2937074212,6,WARN,260101,010155
blk_2937074212,1,INFO,260101,010155
blk_2937074212,3,INFO,260101,010155
blk_2937074212,7,WARN,260101,010156
blk_2937074212,4,INFO,260101,010156
blk_7344591070,6,WARN,260101,010159
blk_7344591070,4,WARN,260101,010159
blk_7344591070,2,WARN,260101,010159
blk_7344591070,1,INFO,260101,010159
blk_7344591070,3,INFO,260101,010159
blk_7393972879,7,WARN,260101,010202
blk_7393972879,3,WARN,260101,010202
blk_7393972879,4,INFO,260101,010202
blk_7393972879,2,INFO,260101,010202
blk_0222881248,4,INFO,260101,010205
blk_0222881248,6,INFO,260101,010205
blk_0222881248,3,INFO,260101,010205
blk_0222881248,1,WARN,260101,010205
blk_0222881248,7,INFO,260101,010205
blk_0222881248,2,INFO,260101,010205
blk_9495267495,7,INFO,260101,010209
blk_9495267495,1,INFO,260101,010209
blk_9495267495,2,WARN,260101,010209
blk_9495267495,6,INFO,260101,010209
blk_9495267495,4,INFO,260101,010210
blk_9495267495,3,WARN,260101,010210
blk_6060449715,4,INFO,260101,010211
blk_6060449715,2,INFO,260101,010211
blk_6060449715,1,INFO,260101,010211
blk_6060449715,6,INFO,260101,010211
blk_6060449715,3,INFO,260101,010212
blk_7937864998,7,INFO,260101,010215
blk_7937864998,4,INFO,260101,010215
blk_7937864998,3,WARN,260101,010215
blk_7937864998,6,INFO,260101,010215
blk_7937864998,1,INFO,260101,010216
blk_0235875917,3,INFO,260101,010220
blk_0235875917,2,INFO,260101,010220
blk_0235875917,6,INFO,260101,010220
blk_0235875917,1,WARN,260101,010220
blk_1138799415,7,INFO,260101,010225
blk_1138799415,6,INFO,260101,010225
blk_1138799415,3,INFO,260101,010225
blk_1138799415,2,INFO,260101,010225
blk_0528295521,3,INFO,260101,010227
blk_0528295521,6,INFO,260101,010227
blk_0528295521,7,INFO,260101,010227
blk_0528295521,4,INFO,260101,010227
blk_0528295521,1,INFO,260101,010227
blk_0528295521,2,WARN,260101,010227
blk_9520744298,7,INFO,260101,010232
blk_9520744298,1,INFO,260101,010232
blk_9520744298,4,WARN,260101,010232
blk_9520744298,6,INFO,260101,010233
blk_9520744298,3,INFO,260101,010233
blk_9520744298,2,WARN,260101,010233
blk_1301894574,6,INFO,260101,010234
blk_1301894574,2,INFO,260101,010234
blk_1301894574,1,INFO,260101,010234
blk_1301894574,4,INFO,260101,010234
blk_1301894574,3,INFO,260101,010235
blk_1301894574,7,INFO,260101,010235
blk_6757087355,2,INFO,260101,010239
blk_6757087355,4,INFO,260101,010239
blk_6757087355,3,INFO,260101,010239
blk_6757087355,6,INFO,260101,010239
blk_8588385250,2,INFO,260101,010244
blk_8588385250,1,WARN,260101,010244
blk_8588385250,7,INFO,260101,010244
blk_8588385250,4,INFO,260101,010245
blk_6815596249,2,INFO,260101,010247
blk_6815596249,7,INFO,260101,010247
blk_6815596249,3,INFO,260101,010247
blk_6815596249,6,INFO,260101,010247
blk_6815596249,4,INFO,260101,010247
blk_5407805337,2,INFO,260101,010252
blk_5407805337,6,WARN,260101,010252
blk_5407805337,3,INFO,260101,010252
blk_5407805337,7,INFO,260101,010252
blk_5407805337,4,INFO,260101,010252
blk_5407805337,1,WARN,260101,010253
blk_0412741967,6,INFO,260101,010255
blk_0412741967,1,WARN,260101,010255
blk_0412741967,3,INFO,260101,010256
blk_0412741967,4,INFO,260101,010256
blk_0412741967,2,INFO,260101,010256
blk_0412741967,7,INFO,260101,010256
blk_8288393063,7,INFO,260101,010258
blk_8288393063,6,INFO,260101,010258
blk_8288393063,4,INFO,260101,010258
blk_8288393063,2,INFO,260101,010259
blk_8288393063,3,INFO,260101,010259
blk_8794409596,4,INFO,260101,010300
blk_8794409596,1,INFO,260101,010300
blk_8794409596,3,INFO,260101,010300
blk_8794409596,7,INFO,260101,010300
blk_1123795167,3,INFO,260101,010303
blk_1123795167,6,INFO,260101,010303
blk_1123795167,4,INFO,260101,010303
blk_1123795167,7,INFO,260101,010304
blk_1123795167,1,WARN,260101,010304
blk_1123795167,2,INFO,260101,010304
blk_7252244126,2,WARN,260101,010304
blk_7252244126,1,WARN,260101,010304
blk_7252244126,3,INFO,260101,010304
blk_7252244126,6,INFO,260101,010304
blk_7252244126,7,INFO,260101,010305
blk_4425535846,1,WARN,260101,010309
blk_4425535846,3,INFO,260101,010309
blk_4425535846,2,WARN,260101,010309
blk_4425535846,7,INFO,260101,010309
blk_4425535846,4,WARN,260101,010310
blk_4425535846,6,INFO,260101,010310
blk_4313632518,2,INFO,260101,010310
blk_4313632518,4,INFO,260101,010310
blk_4313632518,3,INFO,260101,010310
blk_4313632518,1,INFO,260101,010311
blk_9618343108,2,INFO,260101,010313
blk_9618343108,1,INFO,260101,010313
blk_9618343108,7,INFO,260101,010313
blk_9618343108,6,INFO,260101,010314
blk_9618343108,3,INFO,260101,010314
blk_4222670195,2,WARN,260101,010318
blk_4222670195,3,INFO,260101,010318
blk_4222670195,4,INFO,260101,010318
blk_4222670195,1,INFO,260101,010318
blk_4222670195,6,INFO,260101,010318
blk_4222670195,7,INFO,260101,010319
blk_9319536968,1,WARN,260101,010322
blk_9319536968,3,INFO,260101,010322
blk_9319536968,6,WARN,260101,010322
blk_9319536968,4,INFO,260101,010322
blk_9319536968,7,WARN,260101,010323
blk_2923300257,7,INFO,260101,010324
blk_2923300257,3,WARN,260101,010324
blk_2923300257,2,WARN,260101,010324
blk_2923300257,4,INFO,260101,010325
blk_5110978844,7,WARN,260101,010325
blk_5110978844,4,INFO,260101,010325
blk_5110978844,3,WARN,260101,010325
blk_5110978844,2,WARN,260101,010325
blk_5110978844,6,INFO,260101,010325
blk_5994644915,2,INFO,260101,010326
blk_5994644915,3,INFO,260101,010326
blk_5994644915,4,WARN,260101,010326
blk_5994644915,6,INFO,260101,010326
blk_5994644915,1,WARN,260101,010327
blk_2112063108,1,WARN,260101,010331
blk_2112063108,7,INFO,260101,010331
blk_2112063108,6,WARN,260101,010331
blk_2112063108,3,INFO,260101,010331
blk_2400536988,1,INFO,260101,010334
blk_2400536988,4,WARN,260101,010334
blk_2400536988,7,INFO,260101,010334
blk_2400536988,6,INFO,260101,010335
blk_0332216417,2,INFO,260101,010336
blk_0332216417,6,INFO,260101,010336
blk_0332216417,3,WARN,260101,010336
blk_0332216417,7,INFO,260101,010336
blk_0332216417,1,INFO,260101,010336
blk_8540863251,4,INFO,260101,010341
blk_8540863251,3,INFO,260101,010341
blk_8540863251,6,INFO,260101,010341
blk_8540863251,7,INFO,260101,010341
blk_8540863251,2,WARN,260101,010341
blk_9960751425,1,WARN,260101,010345
blk_9960751425,6,WARN,260101,010345
blk_9960751425,7,INFO,260101,010345
blk_9960751425,4,INFO,260101,010345
blk_9960751425,2,INFO,260101,010345
blk_9960751425,3,WARN,260101,010346
blk_7944915523,7,WARN,260101,010349
blk_7944915523,4,INFO,260101,010349
blk_7944915523,1,INFO,260101,010349
blk_7944915523,3,INFO,260101,010349
blk_7944915523,6,INFO,260101,010350
blk_6289546453,3,INFO,260101,010351
blk_6289546453,7,INFO,260101,010351
blk_6289546453,4,WARN,260101,010351
blk_6289546453,1,INFO,260101,010352
blk_6289546453,6,INFO,260101,010352
blk_8454170434,2,WARN,260101,010353
blk_8454170434,4,WARN,260101,010353
blk_8454170434,7,INFO,260101,010353
blk_8454170434,6,INFO,260101,010353
blk_8454170434,1,INFO,260101,010354
blk_3027438579,3,INFO,260101,010358
blk_3027438579,6,INFO,260101,010358
blk_3027438579,2,WARN,260101,010358
blk_3027438579,4,INFO,260101,010358
blk_3027438579,7,INFO,260101,010358
blk_3027438579,1,INFO,260101,010358
blk_7256734253,2,INFO,260101,010403
blk_7256734253,7,INFO,260101,010403
blk_7256734253,6,INFO,260101,010403
blk_7256734253,1,INFO,260101,010403
blk_7256734253,3,INFO,260101,010404
blk_7256734253,4,INFO,260101,010404
blk_0586627154,6,INFO,260101,010404
blk_0586627154,7,INFO,260101,010404
blk_0586627154,3,INFO,260101,010404
blk_0586627154,2,INFO,260101,010404
blk_2727034434,6,INFO,260101,010409
blk_2727034434,2,INFO,260101,010409
blk_2727034434,3,INFO,260101,010409
blk_2727034434,7,INFO,260101,010409
blk_2727034434,4,INFO,260101,010410
blk_7114032014,3,INFO,260101,010411
blk_7114032014,6,INFO,260101,010411
blk_7114032014,1,INFO,260101,010411
blk_7114032014,2,INFO,260101,010411
blk_7114032014,7,INFO,260101,010412
blk_9241967630,3,INFO,260101,010412
blk_9241967630,6,WARN,260101,010412
blk_9241967630,2,INFO,260101,010412
blk_9241967630,1,INFO,260101,010412
blk_9241967630,4,WARN,260101,010412
blk_0507753276,7,INFO,260101,010417
blk_0507753276,6,INFO,260101,010417
blk_0507753276,2,INFO,260101,010417
blk_0507753276,4,WARN,260101,010417
blk_0507753276,1,INFO,260101,010417
blk_4471006055,7,INFO,260101,010421
blk_4471006055,3,INFO,260101,010421
blk_4471006055,6,INFO,260101,010421
blk_4471006055,2,WARN,260101,010421
blk_4471006055,1,INFO,260101,010422
blk_4471006055,4,WARN,260101,010422
blk_2850924238,4,INFO,260101,010426
blk_2850924238,3,INFO,260101,010426
blk_2850924238,7,WARN,260101,010426
blk_2850924238,2,INFO,260101,010426
blk_2850924238,1,INFO,260101,010427
blk_3249730891,7,WARN,260101,010431
blk_3249730891,6,INFO,260101,010431
blk_3249730891,1,INFO,260101,010431
blk_3249730891,4,WARN,260101,010431
blk_3249730891,2,WARN,260101,010431
blk_0848115962,4,INFO,260101,010433
blk_0848115962,7,INFO,260101,010433
blk_0848115962,1,INFO,260101,010433
blk_0848115962,3,INFO,260101,010433
blk_0848115962,2,WARN,260101,010434
blk_0848115962,6,INFO,260101,010434
blk_1065992718,7,INFO,260101,010436
blk_1065992718,6,INFO,260101,010436
blk_1065992718,2,INFO,260101,010436
blk_1065992718,3,INFO,260101,010437
blk_1065992718,4,WARN,260101,010437
blk_1065992718,1,WARN,260101,010437
blk_7316253796,4,INFO,260101,010441
blk_7316253796,1,WARN,260101,010441
blk_7316253796,6,INFO,260101,010441
blk_7316253796,2,INFO,260101,010441
blk_7316253796,3,WARN,260101,010442
blk_7316253796,7,WARN,260101,010442
blk_3981803676,7,INFO,260101,010444
blk_3981803676,3,INFO,260101,010444
blk_3981803676,1,INFO,260101,010444
blk_3981803676,4,INFO,260101,010444
blk_0420741752,6,INFO,260101,010448
blk_0420741752,1,INFO,260101,010448
blk_0420741752,3,INFO,260101,010448
blk_0420741752,7,INFO,260101,010448
blk_0798629508,1,INFO,260101,010451
blk_0798629508,4,INFO,260101,010451
blk_0798629508,3,WARN,260101,010451
blk_0798629508,2,INFO,260101,010451
blk_8584748464,3,INFO,260101,010454
blk_8584748464,1,INFO,260101,010454
blk_8584748464,7,WARN,260101,010454
blk_8584748464,2,WARN,260101,010454
blk_8584748464,6,INFO,260101,010454
blk_8584748464,4,INFO,260101,010455
blk_3359195557,1,WARN,260101,010456
blk_3359195557,4,INFO,260101,010456
blk_3359195557,6,INFO,260101,010456
blk_3359195557,2,WARN,260101,010457
blk_3359195557,3,INFO,260101,010457
blk_3359195557,7,INFO,260101,010457
blk_3938909966,2,WARN,260101,010501
blk_3938909966,4,INFO,260101,010501
blk_3938909966,3,WARN,260101,010501
blk_3938909966,1,INFO,260101,010502
blk_3938909966,7,INFO,260101,010502
blk_3938909966,6,INFO,260101,010502
blk_6147843585,2,INFO,260101,010504
blk_6147843585,1,INFO,260101,010504
blk_6147843585,7,WARN,260101,010504
blk_6147843585,6,WARN,260101,010504
blk_6147843585,3,INFO,260101,010505
blk_6147843585,4,INFO,260101,010505
blk_8954579590,4,INFO,260101,010508
blk_8954579590,1,WARN,260101,010508
blk_8954579590,3,INFO,260101,010508
blk_8954579590,2,WARN,260101,010508
blk_8954579590,7,INFO,260101,010509
blk_9998455589,6,WARN,260101,010511
blk_9998455589,3,ERROR,260101,010511
blk_9998455589,1,ERROR,260101,010511
blk_9998455589,10,INFO,260101,010511
blk_9998455589,2,WARN,260101,010511
blk_9998455589,7,ERROR,260101,010512
blk_1353655264,7,INFO,260101,010516
blk_1353655264,4,INFO,260101,010516
blk_1353655264,6,INFO,260101,010516
blk_1353655264,1,WARN,260101,010516
blk_1353655264,3,INFO,260101,010517
blk_1353655264,2,WARN,260101,010517
blk_5213654251,3,WARN,260101,010519
blk_5213654251,6,INFO,260101,010519
blk_5213654251,2,INFO,260101,010519
blk_5213654251,1,WARN,260101,010520
blk_0383281360,4,INFO,260101,010522
blk_0383281360,6,INFO,260101,010522
blk_0383281360,7,INFO,260101,010522
blk_0383281360,1,INFO,260101,010522
blk_0383281360,3,WARN,260101,010523
blk_2934237371,2,WARN,260101,010523
blk_2934237371,7,INFO,260101,010523
blk_2934237371,4,INFO,260101,010523
blk_2934237371,3,WARN,260101,010523
blk_6306940731,6,WARN,260101,010528
blk_6306940731,2,INFO,260101,010528
blk_6306940731,7,INFO,260101,010528
blk_6306940731,4,INFO,260101,010528
blk_6548550924,3,INFO,260101,010532
blk_6548550924,2,INFO,260101,010532
blk_6548550924,6,WARN,260101,010532
blk_6548550924,4,INFO,260101,010532
blk_6548550924,7,INFO,260101,010533
blk_0682162245,2,WARN,260101,010535
blk_0682162245,3,WARN,260101,010535
blk_0682162245,1,WARN,260101,010535
blk_0682162245,0,WARN,260101,010535
blk_0682162245,10,ERROR,260101,010535
blk_7342751717,2,WARN,260101,010539
blk_7342751717,6,INFO,260101,010539
blk_7342751717,3,WARN,260101,010539
blk_7342751717,4,INFO,260101,010539
blk_8317433673,7,INFO,260101,010542
blk_8317433673,1,WARN,260101,010542
blk_8317433673,2,INFO,260101,010543
blk_8317433673,6,INFO,260101,010543
blk_8317433673,4,WARN,260101,010543
blk_0249584386,3,INFO,260101,010543
blk_0249584386,7,INFO,260101,010543
blk_0249584386,4,WARN,260101,010543
blk_0249584386,2,WARN,260101,010543
blk_6854332634,4,WARN,260101,010547
blk_6854332634,2,INFO,260101,010547
blk_6854332634,3,INFO,260101,010547
blk_6854332634,7,INFO,260101,010547
blk_6854332634,6,INFO,260101,010547
blk_6854332634,1,INFO,260101,010548
blk_9925794596,4,INFO,260101,010549
blk_9925794596,6,INFO,260101,010549
blk_9925794596,3,WARN,260101,010549
blk_9925794596,2,INFO,260101,010549
blk_9925794596,1,INFO,260101,010550
blk_9925794596,7,INFO,260101,010550
blk_0836092548,4,WARN,260101,010552
blk_0836092548,6,INFO,260101,010552
blk_0836092548,7,INFO,260101,010552
blk_0836092548,2,INFO,260101,010553
blk_0836092548,1,INFO,260101,010553
blk_0836092548,3,INFO,260101,010553
blk_8196526750,1,WARN,260101,010553
blk_8196526750,3,WARN,260101,010553
blk_8196526750,7,WARN,260101,010553
blk_8196526750,4,INFO,260101,010554
blk_8196526750,2,WARN,260101,010554
blk_3895125031,1,WARN,260101,010554
blk_3895125031,7,INFO,260101,010554
blk_3895125031,6,INFO,260101,010554
blk_3895125031,2,INFO,260101,010554
blk_3895125031,3,INFO,260101,010554
blk_3895125031,4,INFO,260101,010555
blk_7729119624,1,WARN,260101,010557
blk_7729119624,3,WARN,260101,010557
blk_7729119624,2,INFO,260101,010557
blk_7729119624,7,INFO,260101,010557
blk_1711060698,1,INFO,260101,010559
blk_1711060698,6,INFO,260101,010559
blk_1711060698,2,INFO,260101,010559
blk_1711060698,7,INFO,260101,010600
blk_1711060698,4,INFO,260101,010600
blk_1969747229,7,INFO,260101,010600
blk_1969747229,3,INFO,260101,010600
blk_1969747229,2,INFO,260101,010600
blk_1969747229,4,INFO,260101,010601
blk_1969747229,1,INFO,260101,010601
blk_1969747229,6,INFO,260101,010601
blk_2346537139,1,INFO,260101,010603
blk_2346537139,2,INFO,260101,010603
blk_2346537139,7,INFO,260101,010603
blk_2346537139,3,INFO,260101,010603
blk_2346537139,6,WARN,260101,010603
blk_7344041678,6,INFO,260101,010605
blk_7344041678,3,INFO,260101,010605
blk_7344041678,1,WARN,260101,010605
blk_7344041678,7,INFO,260101,010605
blk_0570387980,3,INFO,260101,010606
blk_0570387980,7,INFO,260101,010606
blk_0570387980,2,INFO,260101,010606
blk_0570387980,1,INFO,260101,010606
blk_0570387980,4,INFO,260101,010606
blk_0570387980,6,INFO,260101,010607
blk_4337872614,6,INFO,260101,010608
blk_4337872614,7,INFO,260101,010608
blk_4337872614,2,WARN,260101,010608
blk_4337872614,3,WARN,260101,010608
blk_4337872614,4,WARN,260101,010608
blk_4337872614,1,INFO,260101,010609
blk_5513164739,1,INFO,260101,010609
blk_5513164739,6,INFO,260101,010609
blk_5513164739,4,INFO,260101,010609
blk_5513164739,3,INFO,260101,010609
blk_5513164739,2,WARN,260101,010609
blk_5513164739,7,INFO,260101,010610
blk_8908408097,3,WARN,260101,010611
blk_8908408097,6,INFO,260101,010611
blk_8908408097,2,INFO,260101,010611
blk_8908408097,4,INFO,260101,010611
blk_4936516706,3,WARN,260101,010613
blk_4936516706,1,INFO,260101,010613
blk_4936516706,7,WARN,260101,010613
blk_4936516706,6,INFO,260101,010613
blk_4936516706,4,INFO,260101,010613
blk_7495830797,4,INFO,260101,010616
blk_7495830797,7,INFO,260101,010616
blk_7495830797,3,INFO,260101,010616
blk_7495830797,6,INFO,260101,010617
blk_9739815411,4,INFO,260101,010617
blk_9739815411,6,INFO,260101,010617
blk_9739815411,2,INFO,260101,010617
blk_9739815411,7,INFO,260101,010617
blk_1015377625,6,INFO,260101,010619
blk_1015377625,7,INFO,260101,010619
blk_1015377625,2,INFO,260101,010619
blk_1015377625,1,INFO,260101,010619
blk_1015377625,4,INFO,260101,010619
blk_3980120255,1,INFO,260101,010623
blk_3980120255,2,WARN,260101,010623
blk_3980120255,7,INFO,260101,010623
blk_3980120255,3,INFO,260101,010623
blk_3980120255,4,INFO,260101,010624
blk_3980120255,6,INFO,260101,010624
blk_2582646511,1,WARN,260101,010625
blk_2582646511,4,ERROR,260101,010625
blk_2582646511,10,WARN,260101,010625
blk_2582646511,0,WARN,260101,010625
blk_2582646511,6,ERROR,260101,010625
blk_2582646511,2,WARN,260101,010626
blk_2582646511,3,WARN,260101,010626
blk_1947263230,4,ERROR,260101,010628
blk_1947263230,6,WARN,260101,010628
blk_1947263230,3,INFO,260101,010628
blk_1947263230,1,ERROR,260101,010628
blk_1947263230,5,ERROR,260101,010628
blk_9440665867,4,INFO,260101,010632
blk_9440665867,6,INFO,260101,010632
blk_9440665867,3,INFO,260101,010632
blk_9440665867,7,INFO,260101,010632
blk_9440665867,1,INFO,260101,010633
blk_9440665867,2,WARN,260101,010633
blk_4204531856,3,INFO,260101,010636
blk_4204531856,2,WARN,260101,010636
blk_4204531856,4,INFO,260101,010636
blk_4204531856,7,INFO,260101,010636
blk_4520891518,6,INFO,260101,010641
blk_4520891518,1,INFO,260101,010641
blk_4520891518,2,INFO,260101,010641
blk_4520891518,4,INFO,260101,010641
blk_4520891518,3,INFO,260101,010641
blk_4520891518,7,INFO,260101,010641
blk_3333430170,2,INFO,260101,010644
blk_3333430170,7,INFO,260101,010644
blk_3333430170,4,INFO,260101,010644
blk_3333430170,1,INFO,260101,010644
blk_3333430170,3,INFO,260101,010645
blk_3333430170,6,INFO,260101,010645
blk_5716943205,2,INFO,260101,010649
blk_5716943205,4,INFO,260101,010649
blk_5716943205,7,WARN,260101,010649
blk_5716943205,3,INFO,260101,010649
blk_5716943205,1,INFO,260101,010649
blk_5716943205,6,INFO,260101,010650
blk_2651624206,6,INFO,260101,010652
blk_2651624206,4,INFO,260101,010652
blk_2651624206,3,WARN,260101,010652
blk_2651624206,1,INFO,260101,010652
blk_2651624206,7,INFO,260101,010653
blk_2651624206,2,INFO,260101,010653
blk_4767762778,6,INFO,260101,010655
blk_4767762778,1,INFO,260101,010655
blk_4767762778,3,INFO,260101,010655
blk_4767762778,7,INFO,260101,010655
blk_4767762778,4,INFO,260101,010656
blk_4767762778,2,WARN,260101,010656
blk_8788583904,3,WARN,260101,010659
blk_8788583904,7,INFO,260101,010659
blk_8788583904,2,INFO,260101,010659
blk_8788583904,4,INFO,260101,010659
blk_8788583904,6,INFO,260101,010700
blk_8788583904,1,WARN,260101,010700
blk_5315717058,2,INFO,260101,010703
blk_5315717058,3,WARN,260101,010703
blk_5315717058,1,WARN,260101,010703
blk_5315717058,7,INFO,260101,010703
blk_6643006039,4,WARN,260101,010707
blk_6643006039,10,WARN,260101,010707
blk_6643006039,6,ERROR,260101,010707
blk_6643006039,2,INFO,260101,010707
blk_6643006039,7,INFO,260101,010708
blk_6643006039,1,INFO,260101,010708
blk_3897627034,2,WARN,260101,010709
blk_3897627034,4,INFO,260101,010709
blk_3897627034,3,WARN,260101,010709
blk_3897627034,1,INFO,260101,010710
blk_3897627034,6,INFO,260101,010710
blk_3897627034,7,INFO,260101,010710
blk_7009443898,1,INFO,260101,010711
blk_7009443898,7,INFO,260101,010711
blk_7009443898,3,INFO,260101,010711
blk_7009443898,2,INFO,260101,010711
blk_6542020398,1,INFO,260101,010714
blk_6542020398,7,INFO,260101,010714
blk_6542020398,4,INFO,260101,010714
blk_6542020398,2,INFO,260101,010714
blk_9553976979,3,WARN,260101,010719
blk_9553976979,1,INFO,260101,010719
blk_9553976979,2,WARN,260101,010719
blk_9553976979,4,INFO,260101,010719
blk_9553976979,7,INFO,260101,010719
blk_9553976979,6,INFO,260101,010719
blk_2032427558,6,INFO,260101,010721
blk_2032427558,7,INFO,260101,010721
blk_2032427558,4,INFO,260101,010721
blk_2032427558,1,INFO,260101,010721
blk_2032427558,2,WARN,260101,010721
blk_2032427558,3,INFO,260101,010721
blk_8818266832,3,WARN,260101,010726
blk_8818266832,1,INFO,260101,010726
blk_8818266832,6,INFO,260101,010726
blk_8818266832,4,INFO,260101,010726
blk_8818266832,7,INFO,260101,010727
blk_8818266832,2,INFO,260101,010727
blk_1835660793,1,INFO,260101,010727
blk_1835660793,7,INFO,260101,010727
blk_1835660793,4,INFO,260101,010727
blk_1835660793,2,WARN,260101,010727
blk_1835660793,3,INFO,260101,010728
blk_8906175052,4,INFO,260101,010730
blk_8906175052,3,INFO,260101,010730
blk_8906175052,7,WARN,260101,010730
blk_8906175052,1,INFO,260101,010731
blk_0617062215,4,INFO,260101,010734
blk_0617062215,6,INFO,260101,010734
blk_0617062215,1,INFO,260101,010734
blk_0617062215,2,INFO,260101,010734
blk_0617062215,3,INFO,260101,010735
blk_0617062215,7,INFO,260101,010735
blk_7232189085,1,WARN,260101,010735
blk_7232189085,7,WARN,260101,010735
blk_7232189085,4,INFO,260101,010735
blk_7232189085,3,INFO,260101,010735
blk_7232189085,6,INFO,260101,010736
blk_3086393193,7,INFO,260101,010738
blk_3086393193,2,WARN,260101,010738
blk_3086393193,3,INFO,260101,010738
blk_3086393193,6,INFO,260101,010738
blk_1598904724,3,WARN,260101,010741
blk_1598904724,6,INFO,260101,010741
blk_1598904724,4,WARN,260101,010741
blk_1598904724,2,INFO,260101,010741
blk_8191864748,4,INFO,260101,010744
blk_8191864748,2,WARN,260101,010744
blk_8191864748,1,INFO,260101,010744
blk_8191864748,3,INFO,260101,010744
blk_4317983383,7,WARN,260101,010748
blk_4317983383,4,INFO,260101,010748
blk_4317983383,2,INFO,260101,010748
blk_4317983383,3,WARN,260101,010748
blk_4317983383,6,INFO,260101,010748
blk_4317983383,1,WARN,260101,010748
blk_9118318515,7,INFO,260101,010753
blk_9118318515,3,WARN,260101,010753
blk_9118318515,2,WARN,260101,010753
blk_9118318515,4,INFO,260101,010753
blk_9118318515,1,INFO,260101,010753
blk_9118318515,6,INFO,260101,010754
blk_0382146421,3,INFO,260101,010758
blk_0382146421,1,INFO,260101,010758
blk_0382146421,7,INFO,260101,010758
blk_0382146421,4,WARN,260101,010758
blk_0382146421,6,WARN,260101,010758
blk_3751509572,1,WARN,260101,010800
blk_3751509572,7,WARN,260101,010800
blk_3751509572,2,WARN,260101,010800
blk_3751509572,4,WARN,260101,010800
blk_9720978424,4,INFO,260101,010801
blk_9720978424,2,INFO,260101,010801
blk_9720978424,6,INFO,260101,010801
blk_9720978424,1,INFO,260101,010801
blk_2780485111,6,INFO,260101,010805
blk_2780485111,2,INFO,260101,010805
blk_2780485111,3,INFO,260101,010805
blk_2780485111,4,INFO,260101,010805
blk_9493302436,7,INFO,260101,010806
blk_9493302436,6,INFO,260101,010806
blk_9493302436,3,INFO,260101,010806
blk_9493302436,4,INFO,260101,010806
blk_5781770842,4,INFO,260101,010811
blk_5781770842,2,WARN,260101,010811
blk_5781770842,7,INFO,260101,010811
blk_5781770842,6,INFO,260101,010811
blk_0123511284,6,WARN,260101,010815
blk_0123511284,7,WARN,260101,010815
blk_0123511284,4,WARN,260101,010815
blk_0123511284,1,INFO,260101,010815
blk_3217094747,3,INFO,260101,010818
blk_3217094747,1,INFO,260101,010818
blk_3217094747,7,INFO,260101,010818
blk_3217094747,6,INFO,260101,010819
blk_3217094747,4,INFO,260101,010819
blk_3456912828,2,WARN,260101,010819
blk_3456912828,4,INFO,260101,010819
blk_3456912828,1,INFO,260101,010819
blk_3456912828,3,INFO,260101,010819
blk_1533144957,1,WARN,260101,010824
blk_1533144957,3,INFO,260101,010824
blk_1533144957,6,INFO,260101,010824
blk_1533144957,4,INFO,260101,010825
blk_1533144957,2,WARN,260101,010825
blk_1533144957,7,INFO,260101,010825
blk_8931684820,7,ERROR,260101,010826
blk_8931684820,3,ERROR,260101,010826
blk_8931684820,6,WARN,260101,010826
blk_8931684820,8,ERROR,260101,010826
blk_8931684820,1,ERROR,260101,010826
blk_4445778992,2,INFO,260101,010828
blk_4445778992,7,INFO,260101,010828
blk_4445778992,3,INFO,260101,010828
blk_4445778992,6,INFO,260101,010828
blk_4445778992,4,INFO,260101,010828
blk_4445778992,1,INFO,260101,010829
blk_4422152502,1,INFO,260101,010832
blk_4422152502,2,INFO,260101,010832
blk_4422152502,4,WARN,260101,010832
blk_4422152502,6,WARN,260101,010832
blk_4422152502,3,INFO,260101,010832
blk_9314642249,1,INFO,260101,010834
blk_9314642249,3,INFO,260101,010834
blk_9314642249,6,INFO,260101,010834
blk_9314642249,2,INFO,260101,010834
blk_9314642249,7,INFO,260101,010834
blk_9314642249,4,WARN,260101,010834
blk_7383085437,7,INFO,260101,010837
blk_7383085437,1,WARN,260101,010837
blk_7383085437,3,INFO,260101,010837
blk_7383085437,2,INFO,260101,010837
blk_7383085437,6,WARN,260101,010837
blk_7383085437,4,WARN,260101,010838
blk_9664803053,7,INFO,260101,010842
blk_9664803053,2,INFO,260101,010842
blk_9664803053,4,WARN,260101,010842
blk_9664803053,3,WARN,260101,010843
blk_9664803053,6,INFO,260101,010843
blk_5701176775,4,INFO,260101,010845
blk_5701176775,7,INFO,260101,010845
blk_5701176775,3,INFO,260101,010845
blk_5701176775,2,INFO,260101,010845
blk_5701176775,6,INFO,260101,010845
blk_5701176775,1,WARN,260101,010846
blk_0097202614,4,INFO,260101,010849
blk_0097202614,1,INFO,260101,010849
blk_0097202614,6,INFO,260101,010849
blk_0097202614,7,INFO,260101,010849
blk_8656877484,6,INFO,260101,010851
blk_8656877484,4,WARN,260101,010851
blk_8656877484,7,INFO,260101,010851
blk_8656877484,1,INFO,260101,010851
blk_6532139238,6,WARN,260101,010855
blk_6532139238,3,INFO,260101,010855
blk_6532139238,7,INFO,260101,010855
blk_6532139238,2,INFO,260101,010855
blk_6532139238,4,INFO,260101,010855
blk_6532139238,1,INFO,260101,010855
blk_0521287239,1,INFO,260101,010900
blk_0521287239,6,INFO,260101,010900
blk_0521287239,4,INFO,260101,010900
blk_0521287239,2,INFO,260101,010900
blk_0521287239,3,INFO,260101,010900
blk_0799657742,6,INFO,260101,010905
blk_0799657742,2,INFO,260101,010905
blk_0799657742,7,WARN,260101,010905
blk_0799657742,3,WARN,260101,010906
blk_0799657742,1,INFO,260101,010906
blk_0799657742,4,WARN,260101,010906
blk_6786300567,6,WARN,260101,010909
blk_6786300567,7,INFO,260101,010909
blk_6786300567,3,INFO,260101,010909
blk_6786300567,1,WARN,260101,010910
blk_6786300567,4,INFO,260101,010910
blk_6786300567,2,INFO,260101,010910
blk_6477787507,7,WARN,260101,010911
blk_6477787507,2,INFO,260101,010911
blk_6477787507,3,INFO,260101,010911
blk_6477787507,4,WARN,260101,010911
blk_6477787507,1,INFO,260101,010911
blk_9452729900,3,INFO,260101,010916
blk_9452729900,2,WARN,260101,010916
blk_9452729900,4,INFO,260101,010916
blk_9452729900,7,WARN,260101,010916
blk_9452729900,6,INFO,260101,010916
blk_9452729900,1,INFO,260101,010916
blk_9221325533,6,WARN,260101,010918
blk_9221325533,2,INFO,260101,010918
blk_9221325533,4,INFO,260101,010918
blk_9221325533,1,INFO,260101,010918
blk_9221325533,3,INFO,260101,010919
blk_9221325533,7,WARN,260101,010919
blk_0137800651,3,INFO,260101,010922
blk_0137800651,6,WARN,260101,010922
blk_0137800651,4,INFO,260101,010922
blk_0137800651,2,WARN,260101,010922
blk_0137800651,7,INFO,260101,010923
blk_0137800651,1,INFO,260101,010923
blk_2707251331,3,INFO,260101,010927
blk_2707251331,1,WARN,260101,010927
blk_2707251331,2,INFO,260101,010927
blk_2707251331,6,INFO,260101,010927
blk_2707251331,4,INFO,260101,010928
blk_2707251331,7,INFO,260101,010928
blk_0714203635,7,INFO,260101,010931
blk_0714203635,2,INFO,260101,010931
blk_0714203635,4,INFO,260101,010931
blk_0714203635,1,INFO,260101,010931
blk_0714203635,6,INFO,260101,010932
blk_0714203635,3,WARN,260101,010932
blk_5583285326,6,WARN,260101,010934
blk_5583285326,4,WARN,260101,010934
blk_5583285326,2,WARN,260101,010934
blk_5583285326,3,WARN,260101,010935
blk_0640082855,2,INFO,260101,010939
blk_0640082855,1,INFO,260101,010939
blk_0640082855,3,INFO,260101,010939
blk_0640082855,7,INFO,260101,010939
blk_0640082855,6,WARN,260101,010939
blk_1536211239,3,INFO,260101,010942
blk_1536211239,4,INFO,260101,010942
blk_1536211239,6,INFO,260101,010942
blk_1536211239,7,INFO,260101,010943
blk_1536211239,1,INFO,260101,010943
blk_7428607283,6,INFO,260101,010944
blk_7428607283,2,INFO,260101,010944
blk_7428607283,4,INFO,260101,010944
blk_7428607283,1,INFO,260101,010944
blk_7428607283,7,INFO,260101,010944
blk_7428607283,3,INFO,260101,010945
blk_1970181661,3,INFO,260101,010945
blk_1970181661,6,WARN,260101,010945
blk_1970181661,1,WARN,260101,010945
blk_1970181661,2,WARN,260101,010945
blk_1970181661,4,INFO,260101,010946
blk_1364192285,2,WARN,260101,010946
blk_1364192285,4,INFO,260101,010946
blk_1364192285,1,INFO,260101,010946
blk_1364192285,6,INFO,260101,010946
blk_2749635348,1,WARN,260101,010949
blk_2749635348,3,INFO,260101,010949
blk_2749635348,4,INFO,260101,010949
blk_2749635348,2,WARN,260101,010950
blk_7074590880,3,INFO,260101,010952
blk_7074590880,7,INFO,260101,010952
blk_7074590880,2,WARN,260101,010952
blk_7074590880,6,INFO,260101,010952
blk_7074590880,1,INFO,260101,010952
blk_7074590880,4,INFO,260101,010953
blk_1389264618,1,WARN,260101,010956
blk_1389264618,4,WARN,260101,010956
blk_1389264618,6,INFO,260101,010956
blk_1389264618,3,INFO,260101,010956
blk_2780276106,3,INFO,260101,011000
blk_2780276106,2,INFO,260101,011000
blk_2780276106,4,WARN,260101,011000
blk_2780276106,7,INFO,260101,011001
blk_9073312758,2,INFO,260101,011002
blk_9073312758,6,WARN,260101,011002
blk_9073312758,3,INFO,260101,011002
blk_9073312758,4,WARN,260101,011002
blk_9073312758,7,WARN,260101,011003
blk_2960423422,7,INFO,260101,011006
blk_2960423422,4,WARN,260101,011006
blk_2960423422,3,INFO,260101,011006
blk_2960423422,2,INFO,260101,011006
blk_2960423422,1,INFO,260101,011006
blk_2960423422,6,INFO,260101,011007
blk_6203413933,7,INFO,260101,011010
blk_6203413933,2,INFO,260101,011010
blk_6203413933,6,INFO,260101,011010
blk_6203413933,4,INFO,260101,011010
blk_5813747039,7,INFO,260101,011013
blk_5813747039,1,INFO,260101,011013
blk_5813747039,6,INFO,260101,011013
blk_5813747039,3,INFO,260101,011013
blk_9695427697,3,WARN,260101,011015
blk_9695427697,2,INFO,260101,011015
blk_9695427697,4,INFO,260101,011015
blk_9695427697,1,INFO,260101,011015
blk_9695427697,6,INFO,260101,011015
blk_9695427697,7,WARN,260101,011016
blk_9817367620,3,WARN,260101,011018
blk_9817367620,4,INFO,260101,011018
blk_9817367620,7,WARN,260101,011018
blk_9817367620,1,WARN,260101,011018
blk_9817367620,6,INFO,260101,011019
blk_9164887264,2,INFO,260101,011022
blk_9164887264,1,INFO,260101,011022
blk_9164887264,4,INFO,260101,011022
blk_9164887264,9,INFO,260101,011022
blk_9164887264,3,INFO,260101,011023
blk_9164887264,6,WARN,260101,011023
blk_9164887264,7,WARN,260101,011023
blk_9770110976,2,INFO,260101,011024
blk_9770110976,1,WARN,260101,011024
blk_9770110976,4,INFO,260101,011024
blk_9770110976,7,INFO,260101,011025
blk_9770110976,6,WARN,260101,011025
blk_8470816326,2,INFO,260101,011027
blk_8470816326,1,INFO,260101,011027
blk_8470816326,4,INFO,260101,011027
blk_8470816326,6,INFO,260101,011027
blk_8470816326,3,WARN,260101,011027
blk_8470816326,7,INFO,260101,011027
blk_9073303711,7,INFO,260101,011032
blk_9073303711,3,INFO,260101,011032
blk_9073303711,1,INFO,260101,011032
blk_9073303711,4,INFO,260101,011032
blk_9073303711,6,INFO,260101,011032
blk_9073303711,2,INFO,260101,011032
blk_5483862008,2,INFO,260101,011033
blk_5483862008,7,WARN,260101,011033
blk_5483862008,6,WARN,260101,011033
blk_5483862008,4,INFO,260101,011033
blk_4006190603,4,INFO,260101,011038
blk_4006190603,7,INFO,260101,011038
blk_4006190603,6,INFO,260101,011038
blk_4006190603,1,WARN,260101,011038
blk_4006190603,2,INFO,260101,011038
blk_4006190603,3,INFO,260101,011038
blk_8644987537,3,WARN,260101,011039
blk_8644987537,1,INFO,260101,011039
blk_8644987537,7,INFO,260101,011039
blk_8644987537,2,INFO,260101,011039
blk_8644987537,4,WARN,260101,011039
blk_2752267198,2,WARN,260101,011043
blk_2752267198,6,INFO,260101,011043
blk_2752267198,4,INFO,260101,011043
blk_2752267198,1,INFO,260101,011043
blk_8010873770,4,WARN,260101,011047
blk_8010873770,3,INFO,260101,011047
blk_8010873770,6,INFO,260101,011047
blk_8010873770,7,INFO,260101,011048
blk_0048570172,6,INFO,260101,011052
blk_0048570172,1,INFO,260101,011052
blk_0048570172,3,INFO,260101,011052
blk_0048570172,7,WARN,260101,011052
blk_0935771311,2,INFO,260101,011053
blk_0935771311,3,INFO,260101,011053
blk_0935771311,4,WARN,260101,011053
blk_0935771311,7,WARN,260101,011053
blk_1608344668,1,WARN,260101,011056
blk_1608344668,6,INFO,260101,011056
blk_1608344668,3,INFO,260101,011056
blk_1608344668,2,WARN,260101,011056
blk_1608344668,7,WARN,260101,011056
blk_1608344668,4,INFO,260101,011057
blk_7325727124,2,INFO,260101,011100
blk_7325727124,1,WARN,260101,011100
blk_7325727124,3,INFO,260101,011100
blk_7325727124,4,INFO,260101,011100
blk_7325727124,7,INFO,260101,011101
blk_4857050909,4,INFO,260101,011103
blk_4857050909,1,INFO,260101,011103
blk_4857050909,3,WARN,260101,011103
blk_4857050909,2,INFO,260101,011104
blk_4857050909,7,WARN,260101,011104
blk_4857050909,6,INFO,260101,011104
blk_5350330159,7,WARN,260101,011107
blk_5350330159,6,INFO,260101,011107
blk_5350330159,4,INFO,260101,011107
blk_5350330159,1,WARN,260101,011107
blk_4409276796,1,WARN,260101,011110
blk_4409276796,6,INFO,260101,011110
blk_4409276796,4,INFO,260101,011110
blk_4409276796,7,INFO,260101,011110
blk_7936019250,6,WARN,260101,011111
blk_7936019250,2,INFO,260101,011111
blk_7936019250,4,INFO,260101,011111
blk_7936019250,7,INFO,260101,011111
blk_1744640296,2,INFO,260101,011112
blk_1744640296,3,INFO,260101,011112
blk_1744640296,6,INFO,260101,011113
blk_1744640296,7,WARN,260101,011113
blk_1744640296,4,WARN,260101,011113
blk_2116312974,0,INFO,260101,011116
blk_2116312974,4,ERROR,260101,011116
blk_2116312974,3,ERROR,260101,011116
blk_2116312974,1,WARN,260101,011116
blk_2116312974,7,ERROR,260101,011117
blk_2116312974,2,WARN,260101,011117
blk_4991162839,3,ERROR,260101,011119
blk_4991162839,4,WARN,260101,011119
blk_4991162839,7,INFO,260101,011119
blk_4991162839,1,ERROR,260101,011120
blk_4991162839,6,WARN,260101,011120
blk_4991162839,5,INFO,260101,011120
blk_4991162839,2,INFO,260101,011120
blk_4412205731,4,ERROR,260101,011124
blk_4412205731,6,INFO,260101,011124
blk_4412205731,1,WARN,260101,011125
blk_4412205731,0,INFO,260101,011125
blk_4412205731,3,INFO,260101,011125
blk_2786521743,2,INFO,260101,011126
blk_2786521743,7,INFO,260101,011126
blk_2786521743,1,WARN,260101,011126
blk_2786521743,4,WARN,260101,011126
blk_2786521743,6,INFO,260101,011127
blk_2786521743,3,INFO,260101,011127
blk_5812121256,4,INFO,260101,011130
blk_5812121256,6,INFO,260101,011130
blk_5812121256,2,WARN,260101,011130
blk_5812121256,3,WARN,260101,011130
blk_5812121256,1,INFO,260101,011130
blk_5812121256,7,INFO,260101,011130
blk_9395906231,6,INFO,260101,011135
blk_9395906231,4,INFO,260101,011135
blk_9395906231,1,INFO,260101,011135
blk_9395906231,2,INFO,260101,011135
blk_3947552128,4,INFO,260101,011137
blk_3947552128,1,INFO,260101,011137
blk_3947552128,6,INFO,260101,011137
blk_3947552128,2,INFO,260101,011138
blk_3947552128,7,INFO,260101,011138
blk_4899122926,4,INFO,260101,011141
blk_4899122926,1,WARN,260101,011141
blk_4899122926,9,INFO,260101,011141
blk_4899122926,2,INFO,260101,011142
blk_4899122926,6,ERROR,260101,011142
blk_4899122926,8,INFO,260101,011142
blk_8763509773,6,WARN,260101,011146
blk_8763509773,3,INFO,260101,011146
blk_8763509773,2,INFO,260101,011146
blk_8763509773,4,INFO,260101,011147
blk_8763509773,7,WARN,260101,011147
blk_8763509773,1,INFO,260101,011147
blk_6095810236,7,ERROR,260101,011149
blk_6095810236,6,ERROR,260101,011149
blk_6095810236,10,ERROR,260101,011149
blk_6095810236,1,WARN,260101,011149
blk_6095810236,2,INFO,260101,011149
blk_6095810236,9,INFO,260101,011150
blk_5268577294,6,INFO,260101,011151
blk_5268577294,7,WARN,260101,011151
blk_5268577294,4,WARN,260101,011151
blk_5268577294,1,INFO,260101,011151
blk_3166221545,3,INFO,260101,011154
blk_3166221545,2,WARN,260101,011154
blk_3166221545,4,INFO,260101,011154
blk_3166221545,1,INFO,260101,011154
blk_3166221545,6,WARN,260101,011154
blk_3643880668,4,INFO,260101,011159
blk_3643880668,7,WARN,260101,011159
blk_3643880668,2,INFO,260101,011159
blk_3643880668,3,WARN,260101,011159
blk_3643880668,1,INFO,260101,011159
blk_3643880668,6,INFO,260101,011159
blk_6820016767,6,INFO,260101,011202
blk_6820016767,7,INFO,260101,011202
blk_6820016767,3,INFO,260101,011202
blk_6820016767,4,INFO,260101,011202
blk_3450747020,1,INFO,260101,011207
blk_3450747020,4,WARN,260101,011207
blk_3450747020,7,INFO,260101,011207
blk_3450747020,3,INFO,260101,011208
blk_9150423644,1,INFO,260101,011208
blk_9150423644,3,INFO,260101,011208
blk_9150423644,2,WARN,260101,011208
blk_9150423644,7,INFO,260101,011208
blk_9150423644,4,WARN,260101,011209
blk_9150423644,6,INFO,260101,011209
blk_9570331507,7,INFO,260101,011209
blk_9570331507,4,INFO,260101,011209
blk_9570331507,2,WARN,260101,011209
blk_9570331507,6,WARN,260101,011209
blk_1687939493,4,INFO,260101,011213
blk_1687939493,1,INFO,260101,011213
blk_1687939493,2,INFO,260101,011213
blk_1687939493,7,WARN,260101,011213
blk_1687939493,3,INFO,260101,011214
blk_1687939493,6,INFO,260101,011214
blk_9723576863,3,INFO,260101,011215
blk_9723576863,6,INFO,260101,011215
blk_9723576863,1,INFO,260101,011215
blk_9723576863,7,WARN,260101,011215
blk_9447155480,2,INFO,260101,011220
blk_9447155480,3,INFO,260101,011220
blk_9447155480,7,WARN,260101,011220
blk_9447155480,1,INFO,260101,011220
blk_8440389784,7,INFO,260101,011225
blk_8440389784,4,INFO,260101,011225
blk_8440389784,6,WARN,260101,011225
blk_8440389784,2,INFO,260101,011225
blk_9145706757,7,WARN,260101,011226
blk_9145706757,3,INFO,260101,011226
blk_9145706757,4,INFO,260101,011226
blk_9145706757,1,INFO,260101,011226
blk_9278275563,3,INFO,260101,011228
blk_9278275563,6,INFO,260101,011228
blk_9278275563,2,INFO,260101,011228
blk_9278275563,4,INFO,260101,011228
blk_4972377155,1,INFO,260101,011231
blk_4972377155,6,INFO,260101,011231
blk_4972377155,3,INFO,260101,011231
blk_4972377155,2,INFO,260101,011231
blk_9681698062,1,INFO,260101,011235
blk_9681698062,4,INFO,260101,011235
blk_9681698062,6,WARN,260101,011235
blk_9681698062,2,WARN,260101,011235
blk_9681698062,3,WARN,260101,011235
blk_9681698062,7,WARN,260101,011235
blk_6185755968,3,WARN,260101,011240
blk_6185755968,4,INFO,260101,011240
blk_6185755968,1,INFO,260101,011240
blk_6185755968,6,INFO,260101,011240
blk_6185755968,7,WARN,260101,011240
blk_5633123509,2,INFO,260101,011243
blk_5633123509,6,WARN,260101,011243
blk_5633123509,7,WARN,260101,011243
blk_5633123509,3,WARN,260101,011243
blk_5633123509,4,INFO,260101,011243
blk_2985905495,2,INFO,260101,011246
blk_2985905495,4,WARN,260101,011246
blk_2985905495,3,WARN,260101,011246
blk_2985905495,6,INFO,260101,011246
blk_7597662218,2,INFO,260101,011248
blk_7597662218,1,INFO,260101,011248
blk_7597662218,3,INFO,260101,011248
blk_7597662218,6,WARN,260101,011248
blk_6954854808,6,INFO,260101,011253
blk_6954854808,2,INFO,260101,011253
blk_6954854808,3,WARN,260101,011253
blk_6954854808,7,INFO,260101,011253
blk_6954854808,1,INFO,260101,011253
blk_0258792055,1,INFO,260101,011256
blk_0258792055,4,INFO,260101,011256
blk_0258792055,6,INFO,260101,011256
blk_0258792055,2,WARN,260101,011256
blk_5474379026,1,INFO,260101,011300
blk_5474379026,4,INFO,260101,011300
blk_5474379026,7,INFO,260101,011300
blk_5474379026,3,INFO,260101,011301
blk_1276565466,6,INFO,260101,011301
blk_1276565466,4,INFO,260101,011301
blk_1276565466,2,INFO,260101,011301
blk_1276565466,1,WARN,260101,011301
blk_1276565466,7,INFO,260101,011302
blk_1276565466,3,INFO,260101,011302
blk_8570209114,7,INFO,260101,011303
blk_8570209114,4,WARN,260101,011303
blk_8570209114,6,INFO,260101,011303
blk_8570209114,3,INFO,260101,011303
blk_8570209114,2,INFO,260101,011304
blk_1132640136,6,ERROR,260101,011304
blk_1132640136,1,ERROR,260101,011304
blk_1132640136,9,WARN,260101,011304
blk_1132640136,4,INFO,260101,011304
blk_1132640136,5,INFO,260101,011304
blk_1132640136,7,WARN,260101,011304
blk_7442966005,2,INFO,260101,011306
blk_7442966005,6,WARN,260101,011306
blk_7442966005,3,INFO,260101,011306
blk_7442966005,4,INFO,260101,011306
blk_7442966005,1,INFO,260101,011306
blk_7442966005,7,INFO,260101,011306
blk_8514995752,4,INFO,260101,011308
blk_8514995752,7,INFO,260101,011308
blk_8514995752,1,WARN,260101,011308
blk_8514995752,3,INFO,260101,011309
blk_8514995752,2,INFO,260101,011309
blk_8514995752,6,WARN,260101,011309
blk_5958063367,4,INFO,260101,011312
blk_5958063367,7,INFO,260101,011312
blk_5958063367,2,INFO,260101,011312
blk_5958063367,3,INFO,260101,011312
blk_1742139426,6,ERROR,260101,011314
blk_1742139426,9,WARN,260101,011314
blk_1742139426,4,INFO,260101,011314
blk_1742139426,7,ERROR,260101,011314
blk_1742139426,2,ERROR,260101,011314
blk_1742139426,1,INFO,260101,011314
blk_4899391787,1,WARN,260101,011319
blk_4899391787,7,INFO,260101,011319
blk_4899391787,4,INFO,260101,011319
blk_4899391787,3,WARN,260101,011319
blk_4899391787,2,INFO,260101,011320
blk_4899391787,6,INFO,260101,011320
blk_1260197424,2,INFO,260101,011320
blk_1260197424,7,INFO,260101,011320
blk_1260197424,1,INFO,260101,011320
blk_1260197424,6,WARN,260101,011320
blk_1260197424,4,WARN,260101,011320
blk_1260197424,3,WARN,260101,011320
blk_0509800875,1,INFO,260101,011322
blk_0509800875,6,WARN,260101,011322
blk_0509800875,2,INFO,260101,011322
blk_0509800875,3,INFO,260101,011322
blk_2025417926,3,INFO,260101,011323
blk_2025417926,6,INFO,260101,011323
blk_2025417926,2,INFO,260101,011323
blk_2025417926,4,INFO,260101,011323
blk_2633973015,3,ERROR,260101,011328
blk_2633973015,6,ERROR,260101,011328
blk_2633973015,2,INFO,260101,011328
blk_2633973015,1,ERROR,260101,011329
blk_2633973015,0,WARN,260101,011329
blk_4539145875,10,ERROR,260101,011332
blk_4539145875,3,INFO,260101,011332
blk_4539145875,4,ERROR,260101,011332
blk_4539145875,6,ERROR,260101,011332
blk_4539145875,1,INFO,260101,011333
blk_4539145875,7,ERROR,260101,011333
blk_8118074452,2,WARN,260101,011333
blk_8118074452,6,WARN,260101,011333
blk_8118074452,7,INFO,260101,011333
blk_8118074452,4,INFO,260101,011334
blk_8118074452,1,INFO,260101,011334
blk_0221574920,6,WARN,260101,011334
blk_0221574920,3,INFO,260101,011334
blk_0221574920,4,INFO,260101,011334
blk_0221574920,1,INFO,260101,011335
blk_5501319238,3,INFO,260101,011339
blk_5501319238,6,INFO,260101,011339
blk_5501319238,4,INFO,260101,011339
blk_5501319238,2,INFO,260101,011339
blk_5501319238,1,INFO,260101,011339
blk_5501319238,7,INFO,260101,011340
blk_7892443351,2,INFO,260101,011342
blk_7892443351,1,INFO,260101,011342
blk_7892443351,4,INFO,260101,011342
blk_7892443351,6,INFO,260101,011342
blk_1958202127,2,INFO,260101,011346
blk_1958202127,1,WARN,260101,011346
blk_1958202127,3,WARN,260101,011346
blk_1958202127,6,WARN,260101,011347
blk_1958202127,7,INFO,260101,011347
blk_1958202127,4,INFO,260101,011347
blk_1049834477,2,INFO,260101,011348
blk_1049834477,1,INFO,260101,011348
blk_1049834477,4,INFO,260101,011348
blk_1049834477,3,WARN,260101,011348
blk_1049834477,7,INFO,260101,011349
blk_1049834477,6,INFO,260101,011349
blk_3071458858,3,INFO,260101,011351
blk_3071458858,4,INFO,260101,011351
blk_3071458858,1,WARN,260101,011351
blk_3071458858,6,WARN,260101,011351
blk_3071458858,7,WARN,260101,011351
blk_3071458858,2,INFO,260101,011352
blk_8251412697,4,INFO,260101,011352
blk_8251412697,1,INFO,260101,011352
blk_8251412697,6,WARN,260101,011352
blk_8251412697,3,WARN,260101,011352
blk_8251412697,2,INFO,260101,011352
blk_7094578731,7,INFO,260101,011356
blk_7094578731,3,INFO,260101,011356
blk_7094578731,6,INFO,260101,011356
blk_7094578731,2,INFO,260101,011356
blk_7094578731,4,INFO,260101,011357
blk_9731926476,4,WARN,260101,011359
blk_9731926476,2,INFO,260101,011359
blk_9731926476,1,INFO,260101,011359
blk_9731926476,7,INFO,260101,011359
blk_3457462090,7,INFO,260101,011400
blk_3457462090,6,INFO,260101,011400
blk_3457462090,1,INFO,260101,011400
blk_3457462090,4,INFO,260101,011400
blk_3457462090,2,INFO,260101,011400
blk_3457462090,3,WARN,260101,011400
blk_3197835227,1,INFO,260101,011405
blk_3197835227,6,INFO,260101,011405
blk_3197835227,3,INFO,260101,011405
blk_3197835227,2,INFO,260101,011405
blk_3197835227,7,INFO,260101,011405
blk_3679053069,1,INFO,260101,011410
blk_3679053069,6,INFO,260101,011410
blk_3679053069,7,INFO,260101,011410
blk_3679053069,4,WARN,260101,011410
blk_3679053069,2,WARN,260101,011410
blk_3679053069,3,INFO,260101,011410
blk_8753760078,3,INFO,260101,011415
blk_8753760078,7,INFO,260101,011415
blk_8753760078,2,INFO,260101,011416
blk_8753760078,6,INFO,260101,011416
blk_8753760078,4,INFO,260101,011416
blk_8753760078,1,INFO,260101,011416
blk_3242847889,2,INFO,260101,011418
blk_3242847889,7,INFO,260101,011418
blk_3242847889,4,WARN,260101,011418
blk_3242847889,3,WARN,260101,011418
blk_3242847889,1,INFO,260101,011418
blk_0451527814,2,INFO,260101,011423
blk_0451527814,4,WARN,260101,011423
blk_0451527814,6,WARN,260101,011423
blk_0451527814,1,INFO,260101,011423
blk_0451527814,3,INFO,260101,011423
blk_7231162617,2,INFO,260101,011426
blk_7231162617,1,INFO,260101,011426
blk_7231162617,4,INFO,260101,011426
blk_7231162617,6,INFO,260101,011426
blk_7231162617,7,INFO,260101,011427
blk_7231162617,3,INFO,260101,011427
blk_1926296159,2,INFO,260101,011428
blk_1926296159,3,INFO,260101,011428
blk_1926296159,1,INFO,260101,011428
blk_1926296159,7,INFO,260101,011428
blk_1926296159,6,WARN,260101,011428
blk_6872929946,7,INFO,260101,011432
blk_6872929946,4,INFO,260101,011432
blk_6872929946,1,WARN,260101,011432
blk_6872929946,2,INFO,260101,011432
blk_6872929946,6,INFO,260101,011432
blk_6872929946,3,INFO,260101,011433
blk_1519767560,2,WARN,260101,011434
blk_1519767560,6,INFO,260101,011434
blk_1519767560,7,INFO,260101,011434
blk_1519767560,4,INFO,260101,011435
blk_0682171415,7,INFO,260101,011436
blk_0682171415,6,INFO,260101,011436
blk_0682171415,4,INFO,260101,011436
blk_0682171415,3,WARN,260101,011436
blk_0682171415,1,INFO,260101,011436
blk_0682171415,2,INFO,260101,011436
blk_9556829464,7,INFO,260101,011440
blk_9556829464,2,INFO,260101,011440
blk_9556829464,6,INFO,260101,011440
blk_9556829464,4,INFO,260101,011441
blk_6377557316,7,INFO,260101,011445
blk_6377557316,1,INFO,260101,011445
blk_6377557316,6,INFO,260101,011445
blk_6377557316,2,INFO,260101,011445
blk_6377557316,4,INFO,260101,011446
blk_9289118808,3,ERROR,260101,011447
blk_9289118808,8,ERROR,260101,011447
blk_9289118808,1,INFO,260101,011447
blk_9289118808,4,WARN,260101,011447
blk_9289118808,2,INFO,260101,011447
blk_0729882464,4,INFO,260101,011448
blk_0729882464,2,WARN,260101,011448
blk_0729882464,6,INFO,260101,011448
blk_0729882464,3,INFO,260101,011448
blk_8645292600,3,INFO,260101,011449
blk_8645292600,7,INFO,260101,011449
blk_8645292600,6,WARN,260101,011450
blk_8645292600,4,INFO,260101,011450
blk_5625901106,1,WARN,260101,011452
blk_5625901106,2,INFO,260101,011452
blk_5625901106,7,INFO,260101,011452
blk_5625901106,3,INFO,260101,011452
blk_5625901106,4,INFO,260101,011452
blk_6779869670,2,INFO,260101,011455
blk_6779869670,4,INFO,260101,011455
blk_6779869670,6,INFO,260101,011455
blk_6779869670,1,INFO,260101,011456
blk_6779869670,3,INFO,260101,011456
blk_9802921955,2,INFO,260101,011457
blk_9802921955,6,INFO,260101,011457
blk_9802921955,1,INFO,260101,011457
blk_9802921955,7,WARN,260101,011457
blk_9802921955,4,INFO,260101,011457
blk_3476927102,4,INFO,260101,011459
blk_3476927102,1,WARN,260101,011459
blk_3476927102,2,WARN,260101,011459
blk_3476927102,7,INFO,260101,011459
blk_9479068486,4,INFO,260101,011502
blk_9479068486,3,INFO,260101,011502
blk_9479068486,7,INFO,260101,011502
blk_9479068486,6,INFO,260101,011503
blk_9479068486,2,INFO,260101,011503
blk_6934141817,2,INFO,260101,011505
blk_6934141817,6,INFO,260101,011505
blk_6934141817,3,INFO,260101,011505
blk_6934141817,7,INFO,260101,011505
blk_6934141817,1,INFO,260101,011505
blk_6934141817,4,INFO,260101,011506
blk_5083882023,7,INFO,260101,011506
blk_5083882023,6,INFO,260101,011506
blk_5083882023,4,INFO,260101,011506
blk_5083882023,3,INFO,260101,011506
blk_5083882023,2,INFO,260101,011507
blk_8515416104,7,WARN,260101,011511
blk_8515416104,4,INFO,260101,011511
blk_8515416104,2,WARN,260101,011511
blk_8515416104,6,INFO,260101,011511
blk_8515416104,1,WARN,260101,011511
blk_8515416104,3,INFO,260101,011511
blk_8310544886,1,INFO,260101,011512
blk_8310544886,4,WARN,260101,011512
blk_8310544886,6,INFO,260101,011512
blk_8310544886,7,INFO,260101,011512
blk_8310544886,3,WARN,260101,011512
blk_8310544886,2,WARN,260101,011513
blk_9946101568,1,INFO,260101,011513
blk_9946101568,6,INFO,260101,011513
blk_9946101568,4,WARN,260101,011513
blk_9946101568,3,WARN,260101,011514
blk_9946101568,7,INFO,260101,011514
blk_0861279237,7,WARN,260101,011514
blk_0861279237,3,INFO,260101,011514
blk_0861279237,4,INFO,260101,011514
blk_0861279237,6,INFO,260101,011515
blk_2396799134,7,INFO,260101,011515
blk_2396799134,2,INFO,260101,011515
blk_2396799134,4,INFO,260101,011515
blk_2396799134,3,INFO,260101,011515
blk_2396799134,1,INFO,260101,011516
blk_9321578410,1,WARN,260101,011516
blk_9321578410,7,INFO,260101,011516
blk_9321578410,3,INFO,260101,011516
blk_9321578410,2,WARN,260101,011516
blk_9321578410,6,INFO,260101,011516
blk_8340200445,7,INFO,260101,011518
blk_8340200445,3,INFO,260101,011518
blk_8340200445,1,INFO,260101,011518
blk_8340200445,4,WARN,260101,011519
blk_0911497800,2,INFO,260101,011521
blk_0911497800,1,WARN,260101,011521
blk_0911497800,4,WARN,260101,011521
blk_0911497800,7,INFO,260101,011521
blk_0911497800,3,INFO,260101,011521
blk_0911497800,6,INFO,260101,011522
blk_5600929718,1,INFO,260101,011524
blk_5600929718,4,WARN,260101,011524
blk_5600929718,2,INFO,260101,011524
blk_5600929718,3,INFO,260101,011524
blk_5600929718,7,WARN,260101,011524
blk_5600929718,6,INFO,260101,011525
blk_8842801115,6,INFO,260101,011527
blk_8842801115,1,INFO,260101,011527
blk_8842801115,3,WARN,260101,011527
blk_8842801115,4,INFO,260101,011528
blk_7858557993,1,INFO,260101,011529
blk_7858557993,2,WARN,260101,011529
blk_7858557993,4,INFO,260101,011529
blk_7858557993,6,INFO,260101,011530
blk_7858557993,3,WARN,260101,011530
blk_7938587271,7,INFO,260101,011532
blk_7938587271,4,INFO,260101,011532
blk_7938587271,6,INFO,260101,011532
blk_7938587271,3,WARN,260101,011533
blk_7938587271,2,INFO,260101,011533
blk_7938587271,1,WARN,260101,011533
blk_8259447553,1,WARN,260101,011537
blk_8259447553,7,INFO,260101,011537
blk_8259447553,4,INFO,260101,011537
blk_8259447553,2,INFO,260101,011537
blk_8259447553,6,INFO,260101,011537
blk_8259447553,3,INFO,260101,011537
blk_8104163412,1,INFO,260101,011540
blk_8104163412,3,WARN,260101,011540
blk_8104163412,4,INFO,260101,011540
blk_8104163412,2,INFO,260101,011540
blk_8104163412,6,INFO,260101,011540
blk_8104163412,7,WARN,260101,011540
blk_1064472445,6,WARN,260101,011541
blk_1064472445,1,INFO,260101,011541
blk_1064472445,2,WARN,260101,011541
blk_1064472445,7,WARN,260101,011542
blk_3895657315,4,INFO,260101,011546
blk_3895657315,2,INFO,260101,011546
blk_3895657315,1,WARN,260101,011546
blk_3895657315,7,INFO,260101,011547
blk_3895657315,6,INFO,260101,011547
blk_3895657315,3,INFO,260101,011547
blk_1297684444,3,WARN,260101,011548
blk_1297684444,6,WARN,260101,011548
blk_1297684444,4,INFO,260101,011548
blk_1297684444,7,INFO,260101,011548
blk_2444050809,2,INFO,260101,011550
blk_2444050809,1,INFO,260101,011550
blk_2444050809,3,INFO,260101,011550
blk_2444050809,4,INFO,260101,011551
blk_6293109940,2,INFO,260101,011551
blk_6293109940,4,WARN,260101,011551
blk_6293109940,1,WARN,260101,011551
blk_6293109940,7,ERROR,260101,011551
blk_6293109940,9,ERROR,260101,011551
blk_5208120402,3,WARN,260101,011554
blk_5208120402,1,INFO,260101,011554
blk_5208120402,4,INFO,260101,011554
blk_5208120402,7,INFO,260101,011554
blk_5208120402,2,WARN,260101,011554
blk_5208120402,6,INFO,260101,011554
blk_0061448917,6,INFO,260101,011558
blk_0061448917,1,WARN,260101,011558
blk_0061448917,4,INFO,260101,011558
blk_0061448917,7,INFO,260101,011558
blk_1614563369,6,INFO,260101,011600
blk_1614563369,7,INFO,260101,011600
blk_1614563369,1,WARN,260101,011600
blk_1614563369,2,WARN,260101,011600
blk_1614563369,4,INFO,260101,011600
blk_1614563369,3,INFO,260101,011601
blk_9142552300,7,INFO,260101,011604
blk_9142552300,2,INFO,260101,011604
blk_9142552300,3,INFO,260101,011604
blk_9142552300,1,INFO,260101,011604
blk_9142552300,6,INFO,260101,011604
blk_9142552300,4,INFO,260101,011604
blk_9216681093,1,INFO,260101,011607
blk_9216681093,3,WARN,260101,011607
blk_9216681093,4,WARN,260101,011607
blk_9216681093,7,WARN,260101,011607
blk_3173112336,7,INFO,260101,011610
blk_3173112336,3,INFO,260101,011610
blk_3173112336,2,WARN,260101,011611
blk_3173112336,1,WARN,260101,011611
blk_0423497717,4,INFO,260101,011613
blk_0423497717,1,WARN,260101,011613
blk_0423497717,7,INFO,260101,011613
blk_0423497717,2,WARN,260101,011613
blk_3969290088,6,WARN,260101,011615
blk_3969290088,7,INFO,260101,011615
blk_3969290088,2,INFO,260101,011615
blk_3969290088,4,INFO,260101,011615
blk_3969290088,1,INFO,260101,011616
blk_8328359220,2,WARN,260101,011619
blk_8328359220,1,INFO,260101,011619
blk_8328359220,6,INFO,260101,011619
blk_8328359220,7,INFO,260101,011619
blk_2057391397,4,WARN,260101,011621
blk_2057391397,3,INFO,260101,011621
blk_2057391397,2,INFO,260101,011621
blk_2057391397,6,WARN,260101,011622
blk_2057391397,5,WARN,260101,011622
blk_2057391397,7,WARN,260101,011622
blk_2057391397,8,INFO,260101,011622
blk_2057391397,1,WARN,260101,011622
blk_1537741886,4,INFO,260101,011624
blk_1537741886,3,INFO,260101,011624
blk_1537741886,7,WARN,260101,011624
blk_1537741886,6,INFO,260101,011624
blk_1537741886,2,INFO,260101,011624
blk_3258078915,4,INFO,260101,011627
blk_3258078915,6,INFO,260101,011627
blk_3258078915,7,INFO,260101,011627
blk_3258078915,3,INFO,260101,011627
blk_8719216965,2,WARN,260101,011631
blk_8719216965,3,INFO,260101,011631
blk_8719216965,7,INFO,260101,011631
blk_8719216965,4,INFO,260101,011631
blk_8719216965,1,WARN,260101,011632
blk_2510491789,7,INFO,260101,011633
blk_2510491789,2,INFO,260101,011633
blk_2510491789,1,INFO,260101,011633
blk_2510491789,3,INFO,260101,011633
blk_2510491789,6,INFO,260101,011633
blk_2576609446,3,INFO,260101,011637
blk_2576609446,1,WARN,260101,011637
blk_2576609446,2,INFO,260101,011637
blk_2576609446,7,INFO,260101,011637
blk_5160910209,4,WARN,260101,011639
blk_5160910209,3,INFO,260101,011639
blk_5160910209,7,INFO,260101,011639
blk_5160910209,6,INFO,260101,011640
blk_9751945969,1,WARN,260101,011643
blk_9751945969,3,INFO,260101,011643
blk_9751945969,7,INFO,260101,011643
blk_9751945969,4,INFO,260101,011643
blk_9751945969,6,WARN,260101,011643
blk_9751945969,2,INFO,260101,011644
blk_2908169795,3,INFO,260101,011644
blk_2908169795,2,INFO,260101,011644
blk_2908169795,7,INFO,260101,011644
blk_2908169795,6,WARN,260101,011644
blk_0284369241,2,INFO,260101,011646
blk_0284369241,1,INFO,260101,011646
blk_0284369241,3,INFO,260101,011646
blk_0284369241,4,WARN,260101,011646
blk_8322398336,3,INFO,260101,011651
blk_8322398336,4,INFO,260101,011651
blk_8322398336,2,WARN,260101,011651
blk_8322398336,0,INFO,260101,011651
blk_4327683583,1,INFO,260101,011655
blk_4327683583,3,INFO,260101,011655
blk_4327683583,6,INFO,260101,011655
blk_4327683583,4,INFO,260101,011655
blk_4327683583,2,INFO,260101,011655
blk_8700453374,4,INFO,260101,011657
blk_8700453374,1,INFO,260101,011657
blk_8700453374,6,WARN,260101,011657
blk_8700453374,2,INFO,260101,011657
blk_8700453374,3,INFO,260101,011657
blk_9227728595,7,INFO,260101,011702
blk_9227728595,6,INFO,260101,011702
blk_9227728595,1,INFO,260101,011702
blk_9227728595,2,INFO,260101,011702
blk_9227728595,3,INFO,260101,011702
blk_9227728595,4,WARN,260101,011703
blk_7554108799,2,INFO,260101,011706
blk_7554108799,3,INFO,260101,011706
blk_7554108799,1,INFO,260101,011706
blk_7554108799,6,INFO,260101,011706
blk_7554108799,4,INFO,260101,011706
blk_7377418510,7,INFO,260101,011711
blk_7377418510,1,WARN,260101,011711
blk_7377418510,2,INFO,260101,011711
blk_7377418510,4,INFO,260101,011711
blk_7377418510,6,WARN,260101,011711
blk_0333134971,1,INFO,260101,011716
blk_0333134971,2,WARN,260101,011716
blk_0333134971,3,WARN,260101,011716
blk_0333134971,6,INFO,260101,011716
blk_6766053852,6,WARN,260101,011721
blk_6766053852,2,INFO,260101,011721
blk_6766053852,1,INFO,260101,011721
blk_6766053852,3,INFO,260101,011721
blk_6766053852,7,WARN,260101,011722
blk_6766053852,4,INFO,260101,011722
blk_2009450297,6,INFO,260101,011726
blk_2009450297,7,INFO,260101,011726
blk_2009450297,1,INFO,260101,011726
blk_2009450297,4,INFO,260101,011726
blk_2962305713,3,INFO,260101,011730
blk_2962305713,6,WARN,260101,011730
blk_2962305713,7,INFO,260101,011730
blk_2962305713,2,INFO,260101,011730
blk_5707754694,4,INFO,260101,011732
blk_5707754694,7,INFO,260101,011732
blk_5707754694,3,INFO,260101,011732
blk_5707754694,2,INFO,260101,011733
blk_5707754694,1,INFO,260101,011733
blk_6179792845,4,INFO,260101,011737
blk_6179792845,2,WARN,260101,011737
blk_6179792845,6,WARN,260101,011737
blk_6179792845,1,INFO,260101,011737
blk_6179792845,7,INFO,260101,011738
blk_8173536416,7,INFO,260101,011738
blk_8173536416,6,INFO,260101,011738
blk_8173536416,3,INFO,260101,011738
blk_8173536416,4,INFO,260101,011738
blk_8173536416,2,WARN,260101,011738
blk_2126844308,1,INFO,260101,011739
blk_2126844308,7,WARN,260101,011739
blk_2126844308,6,INFO,260101,011739
blk_2126844308,2,INFO,260101,011739
blk_2126844308,3,WARN,260101,011740
blk_2126844308,4,INFO,260101,011740
blk_5180168596,2,INFO,260101,011741
blk_5180168596,7,INFO,260101,011741
blk_5180168596,3,INFO,260101,011741
blk_5180168596,1,INFO,260101,011741
blk_5180168596,4,INFO,260101,011741
blk_5180168596,6,INFO,260101,011741
blk_3627876754,2,INFO,260101,011746
blk_3627876754,7,INFO,260101,011746
blk_3627876754,4,WARN,260101,011746
blk_3627876754,3,INFO,260101,011746
blk_3627876754,6,INFO,260101,011747
blk_6248717494,1,INFO,260101,011747
blk_6248717494,7,INFO,260101,011747
blk_6248717494,6,INFO,260101,011747
blk_6248717494,2,INFO,260101,011747
blk_6248717494,4,INFO,260101,011748
blk_3530097488,4,WARN,260101,011751
blk_3530097488,3,WARN,260101,011751
blk_3530097488,1,INFO,260101,011751
blk_3530097488,2,INFO,260101,011752
blk_9316972545,4,INFO,260101,011754
blk_9316972545,3,INFO,260101,011754
blk_9316972545,7,INFO,260101,011754
blk_9316972545,1,INFO,260101,011754
blk_9316972545,6,INFO,260101,011754
blk_0729101423,3,INFO,260101,011758
blk_0729101423,2,INFO,260101,011758
blk_0729101423,1,WARN,260101,011758
blk_0729101423,4,INFO,260101,011758
blk_0729101423,6,INFO,260101,011759
blk_0729101423,7,WARN,260101,011759
blk_6305464043,3,INFO,260101,011800
blk_6305464043,6,INFO,260101,011800
blk_6305464043,4,WARN,260101,011800
blk_6305464043,7,INFO,260101,011800
blk_5906734456,4,INFO,260101,011802
blk_5906734456,1,INFO,260101,011802
blk_5906734456,3,WARN,260101,011802
blk_5906734456,7,INFO,260101,011802
blk_9971851704,2,WARN,260101,011806
blk_9971851704,3,WARN,260101,011806
blk_9971851704,7,INFO,260101,011806
blk_9971851704,1,WARN,260101,011806
blk_9971851704,6,WARN,260101,011806
blk_9971851704,4,INFO,260101,011807
blk_6264150926,1,INFO,260101,011809
blk_6264150926,7,INFO,260101,011809
blk_6264150926,4,INFO,260101,011809
blk_6264150926,3,INFO,260101,011809
blk_6264150926,2,INFO,260101,011810
blk_6264150926,6,INFO,260101,011810
blk_8433575407,6,WARN,260101,011814
blk_8433575407,2,WARN,260101,011814
blk_8433575407,7,INFO,260101,011814
blk_8433575407,1,INFO,260101,011814
blk_8433575407,4,WARN,260101,011815
blk_8433575407,3,INFO,260101,011815
blk_9517881759,6,INFO,260101,011819
blk_9517881759,1,WARN,260101,011819
blk_9517881759,7,INFO,260101,011819
blk_9517881759,4,INFO,260101,011819
blk_9895894528,4,INFO,260101,011823
blk_9895894528,3,INFO,260101,011823
blk_9895894528,2,INFO,260101,011823
blk_9895894528,6,INFO,260101,011823
blk_9895894528,7,INFO,260101,011823
blk_9895894528,1,INFO,260101,011823
blk_8662061232,7,WARN,260101,011828
blk_8662061232,2,INFO,260101,011828
blk_8662061232,3,INFO,260101,011828
blk_8662061232,1,WARN,260101,011828
blk_8662061232,4,WARN,260101,011828
blk_8662061232,5,ERROR,260101,011829
blk_5024863958,4,INFO,260101,011832
blk_5024863958,1,INFO,260101,011832
blk_5024863958,7,INFO,260101,011832
blk_5024863958,2,INFO,260101,011832
blk_9411717842,7,WARN,260101,011836
blk_9411717842,4,INFO,260101,011836
blk_9411717842,6,INFO,260101,011836
blk_9411717842,3,INFO,260101,011836
blk_9411717842,1,INFO,260101,011836
blk_9411717842,2,INFO,260101,011837
blk_4985820692,6,WARN,260101,011841
blk_4985820692,7,INFO,260101,011841
blk_4985820692,9,ERROR,260101,011841
blk_4985820692,4,ERROR,260101,011841
blk_4985820692,2,ERROR,260101,011842
blk_4985820692,3,WARN,260101,011842
blk_0861620050,2,INFO,260101,011842
blk_0861620050,6,INFO,260101,011842
blk_0861620050,3,INFO,260101,011842
blk_0861620050,7,INFO,260101,011842
blk_0299943651,6,INFO,260101,011843
blk_0299943651,2,INFO,260101,011843
blk_0299943651,3,INFO,260101,011843
blk_0299943651,7,INFO,260101,011844
blk_0299943651,4,INFO,260101,011844
blk_7684469354,4,INFO,260101,011848
blk_7684469354,1,INFO,260101,011848
blk_7684469354,7,INFO,260101,011848
blk_7684469354,6,INFO,260101,011848
blk_7684469354,3,INFO,260101,011849
blk_4254584300,2,INFO,260101,011851
blk_4254584300,6,INFO,260101,011851
blk_4254584300,7,INFO,260101,011851
blk_4254584300,3,INFO,260101,011851
blk_3590194168,2,WARN,260101,011853
blk_3590194168,6,INFO,260101,011853
blk_3590194168,7,INFO,260101,011853
blk_3590194168,4,INFO,260101,011853
blk_3590194168,3,INFO,260101,011853
blk_3590194168,1,INFO,260101,011854
blk_1982995421,7,WARN,260101,011854
blk_1982995421,4,INFO,260101,011854
blk_1982995421,1,INFO,260101,011854
blk_1982995421,2,INFO,260101,011854
blk_1982995421,6,INFO,260101,011855
blk_1877770742,7,WARN,260101,011857
blk_1877770742,8,ERROR,260101,011857
blk_1877770742,3,ERROR,260101,011857
blk_1877770742,6,ERROR,260101,011857
blk_1877770742,1,ERROR,260101,011857
blk_1877770742,2,WARN,260101,011857
blk_1877770742,4,ERROR,260101,011858
blk_6197347851,2,INFO,260101,011858
blk_6197347851,7,INFO,260101,011858
blk_6197347851,4,INFO,260101,011858
blk_6197347851,6,INFO,260101,011859
blk_3599531645,3,WARN,260101,011902
blk_3599531645,1,INFO,260101,011902
blk_3599531645,4,INFO,260101,011902
blk_3599531645,7,INFO,260101,011902
blk_3599531645,2,WARN,260101,011903
blk_1242474559,6,INFO,260101,011907
blk_1242474559,7,INFO,260101,011907
blk_1242474559,4,INFO,260101,011907
blk_1242474559,1,INFO,260101,011907
blk_1242474559,3,INFO,260101,011908
blk_2363812687,2,WARN,260101,011911
blk_2363812687,6,INFO,260101,011911
blk_2363812687,3,INFO,260101,011911
blk_2363812687,7,INFO,260101,011911
blk_2363812687,1,INFO,260101,011911
blk_0022622707,6,INFO,260101,011916
blk_0022622707,2,INFO,260101,011916
blk_0022622707,4,INFO,260101,011916
blk_0022622707,7,INFO,260101,011916
blk_0022622707,3,WARN,260101,011917
blk_0022622707,1,INFO,260101,011917
blk_0146560415,1,INFO,260101,011919
blk_0146560415,2,INFO,260101,011919
blk_0146560415,4,WARN,260101,011919
blk_0146560415,3,INFO,260101,011919
blk_0146560415,6,WARN,260101,011919
blk_0146560415,7,WARN,260101,011920
blk_7267865896,1,WARN,260101,011921
blk_7267865896,2,INFO,260101,011921
blk_7267865896,7,INFO,260101,011921
blk_7267865896,4,WARN,260101,011922
blk_7267865896,3,INFO,260101,011922
blk_7267865896,6,INFO,260101,011922
blk_3871249791,3,WARN,260101,011925
blk_3871249791,6,INFO,260101,011925
blk_3871249791,1,INFO,260101,011925
blk_3871249791,4,INFO,260101,011925
blk_3871249791,2,INFO,260101,011925
blk_9886074828,10,ERROR,260101,011926
blk_9886074828,7,WARN,260101,011926
blk_9886074828,4,WARN,260101,011926
blk_9886074828,2,WARN,260101,011927
blk_9886074828,3,WARN,260101,011927
blk_9886074828,6,WARN,260101,011927
blk_9886074828,1,ERROR,260101,011927
blk_5191223327,7,WARN,260101,011928
blk_5191223327,1,INFO,260101,011928
blk_5191223327,2,INFO,260101,011928
blk_5191223327,3,INFO,260101,011928
blk_5191223327,6,INFO,260101,011929
blk_4950863905,1,INFO,260101,011930
blk_4950863905,2,WARN,260101,011930
blk_4950863905,4,INFO,260101,011930
blk_4950863905,3,INFO,260101,011930
blk_4950863905,6,INFO,260101,011930
blk_4950863905,7,INFO,260101,011930
blk_7951242903,1,INFO,260101,011933
blk_7951242903,4,INFO,260101,011933
blk_7951242903,3,WARN,260101,011933
blk_7951242903,6,INFO,260101,011933
blk_7951242903,7,WARN,260101,011933
blk_7951242903,2,INFO,260101,011934
blk_6966772603,3,INFO,260101,011935
blk_6966772603,2,INFO,260101,011935
blk_6966772603,6,INFO,260101,011935
blk_6966772603,7,INFO,260101,011935
blk_6966772603,4,WARN,260101,011935
blk_6966772603,1,INFO,260101,011935
blk_6347786484,6,INFO,260101,011936
blk_6347786484,7,INFO,260101,011936
blk_6347786484,3,WARN,260101,011936
blk_6347786484,1,WARN,260101,011936
blk_4594934824,3,INFO,260101,011938
blk_4594934824,7,INFO,260101,011938
blk_4594934824,2,INFO,260101,011938
blk_4594934824,6,INFO,260101,011938
blk_4594934824,1,INFO,260101,011938
blk_3559206826,4,INFO,260101,011940
blk_3559206826,3,WARN,260101,011940
blk_3559206826,6,INFO,260101,011940
blk_3559206826,1,INFO,260101,011940
blk_3559206826,7,INFO,260101,011941
blk_3559206826,2,INFO,260101,011941
blk_6028855284,4,WARN,260101,011944
blk_6028855284,7,INFO,260101,011944
blk_6028855284,6,INFO,260101,011944
blk_6028855284,2,INFO,260101,011944
blk_6028855284,3,INFO,260101,011944
blk_5611089936,6,INFO,260101,011948
blk_5611089936,1,INFO,260101,011948
blk_5611089936,3,INFO,260101,011948
blk_5611089936,7,INFO,260101,011948
blk_6483959676,4,INFO,260101,011953
blk_6483959676,3,WARN,260101,011953
blk_6483959676,1,INFO,260101,011953
blk_6483959676,7,INFO,260101,011953
blk_6483959676,6,INFO,260101,011953
blk_6483959676,2,INFO,260101,011954
blk_5386204749,7,INFO,260101,011955
blk_5386204749,1,INFO,260101,011955
blk_5386204749,2,INFO,260101,011955
blk_5386204749,4,INFO,260101,011956
blk_5386204749,3,INFO,260101,011956
blk_5386204749,6,INFO,260101,011956
blk_6454319639,2,INFO,260101,011956
blk_6454319639,7,INFO,260101,011956
blk_6454319639,4,INFO,260101,011956
blk_6454319639,1,INFO,260101,011956
blk_6454319639,6,INFO,260101,011957
blk_6454319639,3,INFO,260101,011957
blk_5565989173,4,INFO,260101,012000
blk_5565989173,2,WARN,260101,012000
blk_5565989173,7,INFO,260101,012000
blk_5565989173,3,INFO,260101,012001
blk_5565989173,6,WARN,260101,012001
blk_6125005678,6,INFO,260101,012001
blk_6125005678,4,WARN,260101,012001
blk_6125005678,2,WARN,260101,012001
blk_6125005678,1,INFO,260101,012001
blk_0131044288,3,INFO,260101,012005
blk_0131044288,6,WARN,260101,012005
blk_0131044288,4,INFO,260101,012005
blk_0131044288,1,WARN,260101,012005
blk_3786629669,6,INFO,260101,012010
blk_3786629669,2,INFO,260101,012010
blk_3786629669,3,WARN,260101,012010
blk_3786629669,7,INFO,260101,012010
blk_3786629669,1,INFO,260101,012010
blk_3786629669,4,WARN,260101,012010
blk_4582523154,3,INFO,260101,012012
blk_4582523154,7,WARN,260101,012012
blk_4582523154,6,INFO,260101,012012
blk_4582523154,2,WARN,260101,012012
blk_4582523154,4,WARN,260101,012012
blk_4582523154,1,INFO,260101,012012
blk_2001714098,1,INFO,260101,012015
blk_2001714098,4,INFO,260101,012015
blk_2001714098,6,WARN,260101,012015
blk_2001714098,7,INFO,260101,012015
blk_5971008299,1,INFO,260101,012018
blk_5971008299,6,WARN,260101,012018
blk_5971008299,4,INFO,260101,012018
blk_5971008299,3,INFO,260101,012018
blk_5971008299,2,INFO,260101,012019
blk_5971008299,7,INFO,260101,012019
blk_8425487634,6,INFO,260101,012019
blk_8425487634,1,INFO,260101,012019
blk_8425487634,7,WARN,260101,012019
blk_8425487634,3,INFO,260101,012019
blk_4141329761,7,INFO,260101,012024
blk_4141329761,3,WARN,260101,012024
blk_4141329761,1,INFO,260101,012024
blk_4141329761,4,WARN,260101,012025
blk_1592169284,3,INFO,260101,012025
blk_1592169284,7,INFO,260101,012025
blk_1592169284,4,INFO,260101,012025
blk_1592169284,1,WARN,260101,012025
blk_1592169284,6,WARN,260101,012025
blk_3927129299,6,WARN,260101,012026
blk_3927129299,7,INFO,260101,012026
blk_3927129299,2,INFO,260101,012026
blk_3927129299,3,INFO,260101,012026
blk_3927129299,4,INFO,260101,012027
blk_2770810096,3,WARN,260101,012029
blk_2770810096,7,INFO,260101,012029
blk_2770810096,6,INFO,260101,012029
blk_2770810096,1,WARN,260101,012029
blk_2770810096,4,INFO,260101,012029
blk_2770810096,2,INFO,260101,012030
blk_5120774029,1,INFO,260101,012030
blk_5120774029,4,INFO,260101,012030
blk_5120774029,7,ERROR,260101,012030
blk_5120774029,2,INFO,260101,012030
blk_5120774029,0,INFO,260101,012031
blk_5120774029,3,INFO,260101,012031
blk_9948219357,4,INFO,260101,012031
blk_9948219357,1,INFO,260101,012031
blk_9948219357,7,INFO,260101,012031
blk_9948219357,6,INFO,260101,012032
blk_9647807749,2,INFO,260101,012032
blk_9647807749,3,WARN,260101,012032
blk_9647807749,1,INFO,260101,012032
blk_9647807749,6,WARN,260101,012032
blk_4848455546,6,WARN,260101,012036
blk_4848455546,2,INFO,260101,012036
blk_4848455546,4,INFO,260101,012036
blk_4848455546,1,INFO,260101,012036
blk_0423804914,3,INFO,260101,012041
blk_0423804914,5,WARN,260101,012041
blk_0423804914,1,INFO,260101,012041
blk_0423804914,2,ERROR,260101,012041
blk_0423804914,6,ERROR,260101,012041
blk_0423804914,8,WARN,260101,012041
blk_0423804914,4,ERROR,260101,012041
blk_1364842641,7,INFO,260101,012045
blk_1364842641,3,INFO,260101,012045
blk_1364842641,6,INFO,260101,012045
blk_1364842641,4,INFO,260101,012045
blk_7580625885,6,INFO,260101,012048
blk_7580625885,2,WARN,260101,012048
blk_7580625885,1,INFO,260101,012048
blk_7580625885,7,INFO,260101,012048
blk_1997131193,3,INFO,260101,012050
blk_1997131193,6,INFO,260101,012050
blk_1997131193,1,INFO,260101,012050
blk_1997131193,4,INFO,260101,012050
blk_1997131193,7,INFO,260101,012051
blk_1997131193,2,INFO,260101,012051
blk_5258999814,1,WARN,260101,012052
blk_5258999814,2,WARN,260101,012052
blk_5258999814,4,WARN,260101,012052
blk_5258999814,6,WARN,260101,012053
blk_5258999814,3,INFO,260101,012053
blk_5258999814,7,INFO,260101,012053
blk_0103626873,4,WARN,260101,012054
blk_0103626873,7,INFO,260101,012054
blk_0103626873,3,INFO,260101,012054
blk_0103626873,2,INFO,260101,012054
blk_0103626873,1,INFO,260101,012055
blk_0144634234,1,INFO,260101,012059
blk_0144634234,2,INFO,260101,012059
blk_0144634234,3,WARN,260101,012059
blk_0144634234,4,INFO,260101,012059
blk_0144634234,7,WARN,260101,012100
blk_9827716826,3,INFO,260101,012101
blk_9827716826,2,INFO,260101,012101
blk_9827716826,6,INFO,260101,012101
blk_9827716826,4,INFO,260101,012101
blk_8624907162,7,INFO,260101,012103
blk_8624907162,4,INFO,260101,012103
blk_8624907162,2,WARN,260101,012103
blk_8624907162,1,INFO,260101,012103
blk_8624907162,6,WARN,260101,012104
blk_6743729706,7,INFO,260101,012104
blk_6743729706,6,INFO,260101,012104
blk_6743729706,2,INFO,260101,012104
blk_6743729706,4,INFO,260101,012104
blk_1075279682,7,WARN,260101,012106
blk_1075279682,1,INFO,260101,012106
blk_1075279682,2,INFO,260101,012106
blk_1075279682,4,INFO,260101,012106
blk_1075279682,3,INFO,260101,012106
blk_4799973041,7,INFO,260101,012108
blk_4799973041,6,INFO,260101,012108
blk_4799973041,4,INFO,260101,012108
blk_4799973041,3,INFO,260101,012108
blk_4799973041,1,INFO,260101,012108
blk_4799973041,2,INFO,260101,012109
blk_0604911102,6,INFO,260101,012110
blk_0604911102,2,WARN,260101,012110
blk_0604911102,1,INFO,260101,012110
blk_0604911102,7,INFO,260101,012110
blk_6048969084,1,INFO,260101,012115
blk_6048969084,4,WARN,260101,012115
blk_6048969084,2,WARN,260101,012115
blk_6048969084,7,INFO,260101,012115
blk_6048969084,6,INFO,260101,012115
blk_4405799702,4,INFO,260101,012119
blk_4405799702,3,WARN,260101,012119
blk_4405799702,1,INFO,260101,012119
blk_4405799702,6,INFO,260101,012119
blk_4405799702,2,INFO,260101,012119
blk_8098512625,7,INFO,260101,012121
blk_8098512625,2,WARN,260101,012121
blk_8098512625,3,INFO,260101,012121
blk_8098512625,6,WARN,260101,012121
blk_8098512625,4,INFO,260101,012121
blk_8098512625,1,WARN,260101,012121
blk_2121713405,4,INFO,260101,012123
blk_2121713405,3,WARN,260101,012123
blk_2121713405,1,INFO,260101,012123
blk_2121713405,6,INFO,260101,012123
blk_2121713405,2,WARN,260101,012123
blk_3056606597,1,WARN,260101,012127
blk_3056606597,3,WARN,260101,012127
blk_3056606597,2,INFO,260101,012127
blk_3056606597,7,INFO,260101,012127
blk_3056606597,6,WARN,260101,012127
blk_3122374089,7,INFO,260101,012128
blk_3122374089,1,INFO,260101,012128
blk_3122374089,3,INFO,260101,012128
blk_3122374089,4,INFO,260101,012128
blk_3122374089,2,INFO,260101,012129
blk_3122374089,6,INFO,260101,012129
blk_4561569551,7,INFO,260101,012130
blk_4561569551,2,WARN,260101,012130
blk_4561569551,4,INFO,260101,012130
blk_4561569551,6,INFO,260101,012130
blk_4561569551,3,INFO,260101,012130
blk_1182733062,2,INFO,260101,012135
blk_1182733062,6,INFO,260101,012135
blk_1182733062,3,WARN,260101,012135
blk_1182733062,4,INFO,260101,012135
blk_1182733062,7,WARN,260101,012136
blk_1182733062,1,INFO,260101,012136
blk_7983783059,7,INFO,260101,012136
blk_7983783059,3,WARN,260101,012136
blk_7983783059,6,INFO,260101,012136
blk_7983783059,2,INFO,260101,012136
blk_7983783059,4,INFO,260101,012137
blk_7983783059,1,WARN,260101,012137
blk_2068302952,3,INFO,260101,012141
blk_2068302952,7,INFO,260101,012141
blk_2068302952,2,INFO,260101,012141
blk_2068302952,4,INFO,260101,012141
blk_2068302952,6,INFO,260101,012142
blk_5619759923,7,INFO,260101,012144
blk_5619759923,1,WARN,260101,012144
blk_5619759923,3,INFO,260101,012144
blk_5619759923,2,WARN,260101,012144
blk_5619759923,4,INFO,260101,012145
blk_4014864348,2,INFO,260101,012145
blk_4014864348,6,INFO,260101,012145
blk_4014864348,3,INFO,260101,012145
blk_4014864348,1,INFO,260101,012145
blk_4014864348,4,INFO,260101,012145
blk_4014864348,7,WARN,260101,012145
blk_3782500908,4,INFO,260101,012148
blk_3782500908,2,INFO,260101,012148
blk_3782500908,7,INFO,260101,012148
blk_3782500908,1,INFO,260101,012148
blk_3782500908,3,INFO,260101,012148
blk_8824978115,6,INFO,260101,012152
blk_8824978115,1,INFO,260101,012152
blk_8824978115,7,INFO,260101,012152
blk_8824978115,2,INFO,260101,012152
blk_8824978115,4,INFO,260101,012153
blk_8824978115,3,INFO,260101,012153
blk_2984039974,2,WARN,260101,012153
blk_2984039974,4,WARN,260101,012153
blk_2984039974,1,INFO,260101,012153
blk_2984039974,6,INFO,260101,012154
blk_2407360766,4,WARN,260101,012156
blk_2407360766,7,INFO,260101,012156
blk_2407360766,2,INFO,260101,012156
blk_2407360766,1,INFO,260101,012156
blk_2407360766,6,INFO,260101,012156
blk_2407360766,3,INFO,260101,012157
blk_4845131529,4,INFO,260101,012200
blk_4845131529,6,INFO,260101,012200
blk_4845131529,2,INFO,260101,012200
blk_4845131529,1,INFO,260101,012200
blk_0990544120,7,INFO,260101,012203
blk_0990544120,6,WARN,260101,012203
blk_0990544120,3,WARN,260101,012203
blk_0990544120,4,WARN,260101,012203
blk_0990544120,2,INFO,260101,012204
blk_3645322544,1,WARN,260101,012208
blk_3645322544,2,INFO,260101,012208
blk_3645322544,4,INFO,260101,012208
blk_3645322544,3,INFO,260101,012208
blk_9975709247,3,INFO,260101,012209
blk_9975709247,4,INFO,260101,012209
blk_9975709247,1,INFO,260101,012209
blk_9975709247,2,INFO,260101,012209
blk_9975709247,6,INFO,260101,012210
blk_9975709247,7,INFO,260101,012210
blk_6640750871,6,WARN,260101,012213
blk_6640750871,7,INFO,260101,012213
blk_6640750871,4,WARN,260101,012213
blk_6640750871,3,WARN,260101,012213
blk_6640750871,2,INFO,260101,012213
blk_5115232534,4,INFO,260101,012215
blk_5115232534,7,WARN,260101,012215
blk_5115232534,1,INFO,260101,012215
blk_5115232534,2,WARN,260101,012216
blk_5115232534,6,INFO,260101,012216
blk_0757412451,3,INFO,260101,012220
blk_0757412451,4,INFO,260101,012220
blk_0757412451,1,INFO,260101,012220
blk_0757412451,2,WARN,260101,012220
blk_7680276774,7,WARN,260101,012222
blk_7680276774,5,INFO,260101,012222
blk_7680276774,1,INFO,260101,012222
blk_7680276774,6,WARN,260101,012222
blk_7680276774,2,WARN,260101,012222
blk_2553314435,1,WARN,260101,012225
blk_2553314435,3,INFO,260101,012225
blk_2553314435,4,INFO,260101,012225
blk_2553314435,6,INFO,260101,012225
blk_2553314435,2,WARN,260101,012225
blk_2553314435,7,INFO,260101,012226
blk_8958892388,6,INFO,260101,012230
blk_8958892388,2,INFO,260101,012230
blk_8958892388,3,WARN,260101,012230
blk_8958892388,7,INFO,260101,012230
blk_8958892388,4,INFO,260101,012230
blk_2286462367,6,INFO,260101,012233
blk_2286462367,3,WARN,260101,012233
blk_2286462367,4,WARN,260101,012233
blk_2286462367,1,INFO,260101,012233
blk_2286462367,2,INFO,260101,012233
blk_7785990989,7,INFO,260101,012236
blk_7785990989,2,WARN,260101,012236
blk_7785990989,1,INFO,260101,012236
blk_7785990989,4,WARN,260101,012237
blk_7785990989,6,WARN,260101,012237
blk_8336107463,1,INFO,260101,012240
blk_8336107463,4,INFO,260101,012240
blk_8336107463,2,WARN,260101,012240
blk_8336107463,6,INFO,260101,012240
blk_7478019187,2,INFO,260101,012241
blk_7478019187,1,INFO,260101,012241
blk_7478019187,4,INFO,260101,012241
blk_7478019187,3,INFO,260101,012241
blk_7478019187,7,INFO,260101,012241
blk_3312355403,7,INFO,260101,012244
blk_3312355403,1,INFO,260101,012244
blk_3312355403,4,WARN,260101,012244
blk_3312355403,3,INFO,260101,012244
blk_3312355403,2,INFO,260101,012245
blk_3312355403,6,INFO,260101,012245
blk_9938736041,3,INFO,260101,012246
blk_9938736041,6,WARN,260101,012246
blk_9938736041,2,INFO,260101,012246
blk_9938736041,4,INFO,260101,012247
blk_9938736041,7,INFO,260101,012247
blk_9938736041,1,INFO,260101,012247
blk_6284134549,4,WARN,260101,012249
blk_6284134549,6,INFO,260101,012249
blk_6284134549,1,INFO,260101,012249
blk_6284134549,3,INFO,260101,012249
blk_8283058976,7,WARN,260101,012253
blk_8283058976,2,INFO,260101,012253
blk_8283058976,4,INFO,260101,012253
blk_8283058976,6,WARN,260101,012253
blk_2743994631,7,WARN,260101,012258
blk_2743994631,4,INFO,260101,012258
blk_2743994631,2,INFO,260101,012258
blk_2743994631,1,WARN,260101,012259
blk_2743994631,6,INFO,260101,012259
blk_2743994631,3,INFO,260101,012259
blk_3367162403,6,INFO,260101,012301
blk_3367162403,4,INFO,260101,012301
blk_3367162403,7,INFO,260101,012301
blk_3367162403,2,INFO,260101,012301
blk_3367162403,3,INFO,260101,012301
blk_3367162403,1,WARN,260101,012301
blk_2126411572,6,INFO,260101,012302
blk_2126411572,7,INFO,260101,012302
blk_2126411572,4,INFO,260101,012302
blk_2126411572,1,INFO,260101,012302
blk_2126411572,2,INFO,260101,012302
blk_9122550659,3,INFO,260101,012303
blk_9122550659,4,WARN,260101,012303
blk_9122550659,1,INFO,260101,012303
blk_9122550659,7,WARN,260101,012303
blk_9122550659,6,INFO,260101,012304
blk_9122550659,2,INFO,260101,012304
blk_7250180309,2,INFO,260101,012304
blk_7250180309,4,INFO,260101,012304
blk_7250180309,7,WARN,260101,012304
blk_7250180309,1,INFO,260101,012304
blk_4721639595,3,INFO,260101,012309
blk_4721639595,7,INFO,260101,012309
blk_4721639595,1,INFO,260101,012309
blk_4721639595,2,WARN,260101,012309
blk_4721639595,6,INFO,260101,012309
blk_8221393631,6,INFO,260101,012311
blk_8221393631,2,WARN,260101,012311
blk_8221393631,4,INFO,260101,012311
blk_8221393631,3,WARN,260101,012311
blk_8221393631,7,INFO,260101,012312
blk_1869676546,3,INFO,260101,012314
blk_1869676546,2,INFO,260101,012314
blk_1869676546,6,WARN,260101,012314
blk_1869676546,7,INFO,260101,012314
blk_1869676546,4,WARN,260101,012314
blk_2354892838,1,INFO,260101,012319
blk_2354892838,3,INFO,260101,012319
blk_2354892838,4,INFO,260101,012319
blk_2354892838,6,INFO,260101,012319
blk_2354892838,2,INFO,260101,012319
blk_2354892838,7,INFO,260101,012320
blk_2012369543,2,INFO,260101,012322
blk_2012369543,4,WARN,260101,012322
blk_2012369543,1,INFO,260101,012322
blk_2012369543,7,INFO,260101,012323
blk_4852384883,7,WARN,260101,012323
blk_4852384883,5,WARN,260101,012323
blk_4852384883,0,INFO,260101,012323
blk_4852384883,3,INFO,260101,012323
blk_4852384883,1,ERROR,260101,012324
blk_4852384883,6,WARN,260101,012324
blk_4540391196,2,INFO,260101,012327
blk_4540391196,7,INFO,260101,012327
blk_4540391196,4,WARN,260101,012327
blk_4540391196,1,INFO,260101,012327
blk_4540391196,3,WARN,260101,012327
blk_4540391196,6,INFO,260101,012328
blk_9697598167,6,INFO,260101,012331
blk_9697598167,2,INFO,260101,012331
blk_9697598167,1,INFO,260101,012331
blk_9697598167,3,INFO,260101,012331
blk_9697598167,7,INFO,260101,012331
blk_9697598167,4,INFO,260101,012332
blk_3380283909,3,WARN,260101,012333
blk_3380283909,2,INFO,260101,012333
blk_3380283909,6,WARN,260101,012333
blk_3380283909,4,INFO,260101,012333
blk_7941061379,6,WARN,260101,012335
blk_7941061379,4,INFO,260101,012335
blk_7941061379,3,INFO,260101,012335
blk_7941061379,7,INFO,260101,012336
blk_7212407722,6,WARN,260101,012338
blk_7212407722,3,WARN,260101,012338
blk_7212407722,2,INFO,260101,012338
blk_7212407722,1,WARN,260101,012338
blk_6881957817,2,INFO,260101,012341
blk_6881957817,4,INFO,260101,012341
blk_6881957817,7,INFO,260101,012341
blk_6881957817,3,WARN,260101,012342
blk_6881957817,6,WARN,260101,012342
blk_6881957817,1,INFO,260101,012342
blk_7209798283,3,WARN,260101,012342
blk_7209798283,6,INFO,260101,012342
blk_7209798283,1,INFO,260101,012342
blk_7209798283,4,INFO,260101,012342
blk_7209798283,2,INFO,260101,012342
blk_7209798283,7,INFO,260101,012343
blk_1836727041,2,INFO,260101,012345
blk_1836727041,4,WARN,260101,012345
blk_1836727041,3,INFO,260101,012345
blk_1836727041,1,INFO,260101,012345
blk_1836727041,6,INFO,260101,012346
blk_0057392541,1,INFO,260101,012347
blk_0057392541,4,WARN,260101,012347
blk_0057392541,3,INFO,260101,012347
blk_0057392541,2,INFO,260101,012347
blk_9779230489,2,INFO,260101,012349
blk_9779230489,1,INFO,260101,012349
blk_9779230489,7,WARN,260101,012349
blk_9779230489,3,INFO,260101,012349
blk_9779230489,6,INFO,260101,012350
blk_9779230489,4,INFO,260101,012350
blk_7547985907,2,INFO,260101,012350
blk_7547985907,1,INFO,260101,012350
blk_7547985907,6,INFO,260101,012350
blk_7547985907,7,INFO,260101,012350
blk_7547985907,4,WARN,260101,012351
blk_8299028944,4,INFO,260101,012354
blk_8299028944,6,INFO,260101,012354
blk_8299028944,3,INFO,260101,012354
blk_8299028944,1,INFO,260101,012354
blk_1481010157,7,WARN,260101,012355
blk_1481010157,6,WARN,260101,012355
blk_1481010157,1,INFO,260101,012355
blk_1481010157,4,INFO,260101,012355
blk_1481010157,2,WARN,260101,012356
blk_7607743231,3,ERROR,260101,012400
blk_7607743231,4,WARN,260101,012400
blk_7607743231,1,ERROR,260101,012400
blk_7607743231,10,INFO,260101,012401
blk_7607743231,6,WARN,260101,012401
blk_8123068924,3,ERROR,260101,012401
blk_8123068924,1,WARN,260101,012401
blk_8123068924,4,WARN,260101,012401
blk_8123068924,7,ERROR,260101,012401
blk_8123068924,5,ERROR,260101,012402
blk_8123068924,8,INFO,260101,012402
blk_8670842969,6,WARN,260101,012406
blk_8670842969,7,INFO,260101,012406
blk_8670842969,1,INFO,260101,012406
blk_8670842969,4,INFO,260101,012406
blk_8670842969,2,INFO,260101,012406
blk_8670842969,3,WARN,260101,012407
blk_5326830997,3,INFO,260101,012411
blk_5326830997,7,INFO,260101,012411
blk_5326830997,2,INFO,260101,012411
blk_5326830997,4,WARN,260101,012411
blk_5326830997,1,INFO,260101,012412
blk_7336476329,6,INFO,260101,012416
blk_7336476329,7,INFO,260101,012416
blk_7336476329,4,INFO,260101,012416
blk_7336476329,1,WARN,260101,012416
blk_7336476329,3,INFO,260101,012416
blk_8356103861,4,INFO,260101,012420
blk_8356103861,2,WARN,260101,012420
blk_8356103861,7,INFO,260101,012420
blk_8356103861,6,INFO,260101,012420
blk_2388651555,3,INFO,260101,012425
blk_2388651555,6,INFO,260101,012425
blk_2388651555,2,INFO,260101,012426
blk_2388651555,4,INFO,260101,012426
blk_2388651555,1,WARN,260101,012426
blk_7359693838,4,INFO,260101,012429
blk_7359693838,7,INFO,260101,012429
blk_7359693838,6,WARN,260101,012429
blk_7359693838,1,INFO,260101,012429
blk_7359693838,3,INFO,260101,012430
blk_7662772152,4,INFO,260101,012431
blk_7662772152,6,INFO,260101,012431
blk_7662772152,2,WARN,260101,012431
blk_7662772152,3,INFO,260101,012431
blk_7662772152,1,WARN,260101,012432
blk_2799746528,4,INFO,260101,012434
blk_2799746528,7,INFO,260101,012434
blk_2799746528,1,INFO,260101,012434
blk_2799746528,3,WARN,260101,012434
blk_2799746528,6,INFO,260101,012434
blk_2799746528,2,WARN,260101,012434
blk_1483985792,6,INFO,260101,012436
blk_1483985792,4,INFO,260101,012436
blk_1483985792,2,INFO,260101,012436
blk_1483985792,3,INFO,260101,012436
blk_8244405456,4,INFO,260101,012438
blk_8244405456,3,INFO,260101,012438
blk_8244405456,6,INFO,260101,012438
blk_8244405456,1,WARN,260101,012438
blk_3607807063,1,INFO,260101,012442
blk_3607807063,3,INFO,260101,012442
blk_3607807063,7,INFO,260101,012442
blk_3607807063,2,INFO,260101,012442
blk_3607807063,4,INFO,260101,012442
blk_3607807063,6,WARN,260101,012442
blk_0489136129,1,INFO,260101,012447
blk_0489136129,6,INFO,260101,012447
blk_0489136129,2,WARN,260101,012447
blk_0489136129,3,INFO,260101,012447
blk_3388913750,2,WARN,260101,012449
blk_3388913750,3,WARN,260101,012449
blk_3388913750,1,WARN,260101,012449
blk_3388913750,4,INFO,260101,012449
blk_3388913750,6,WARN,260101,012449
blk_1444775447,4,INFO,260101,012452
blk_1444775447,2,INFO,260101,012452
blk_1444775447,1,WARN,260101,012452
blk_1444775447,6,WARN,260101,012453
blk_1444775447,7,WARN,260101,012453
blk_1444775447,3,INFO,260101,012453
blk_8038935425,3,WARN,260101,012453
blk_8038935425,2,INFO,260101,012453
blk_8038935425,6,INFO,260101,012453
blk_8038935425,4,INFO,260101,012453
blk_1584280981,3,INFO,260101,012455
blk_1584280981,1,INFO,260101,012455
blk_1584280981,2,INFO,260101,012455
blk_1584280981,7,WARN,260101,012456
blk_1584280981,6,INFO,260101,012456
blk_1584280981,4,WARN,260101,012456
blk_0057554389,2,WARN,260101,012456
blk_0057554389,3,WARN,260101,012456
blk_0057554389,6,INFO,260101,012456
blk_0057554389,1,INFO,260101,012456
blk_5923195706,7,WARN,260101,012458
blk_5923195706,4,INFO,260101,012458
blk_5923195706,1,INFO,260101,012458
blk_5923195706,6,WARN,260101,012458
blk_5923195706,2,INFO,260101,012458
blk_9674497232,7,WARN,260101,012503
blk_9674497232,3,INFO,260101,012503
blk_9674497232,4,WARN,260101,012503
blk_9674497232,6,WARN,260101,012503
blk_9674497232,1,INFO,260101,012503
blk_9674497232,2,INFO,260101,012504
blk_8289847469,7,INFO,260101,012506
blk_8289847469,1,INFO,260101,012506
blk_8289847469,6,INFO,260101,012506
blk_8289847469,3,INFO,260101,012507
blk_6294253113,1,INFO,260101,012511
blk_6294253113,4,INFO,260101,012511
blk_6294253113,7,WARN,260101,012511
blk_6294253113,6,WARN,260101,012511
blk_6294253113,2,INFO,260101,012511
blk_6867233145,3,INFO,260101,012512
blk_6867233145,4,INFO,260101,012512
blk_6867233145,2,WARN,260101,012512
blk_6867233145,1,INFO,260101,012512
blk_6867233145,7,INFO,260101,012512
blk_7649162294,2,WARN,260101,012515
blk_7649162294,6,INFO,260101,012515
blk_7649162294,1,WARN,260101,012515
blk_7649162294,3,INFO,260101,012516
blk_7649162294,7,WARN,260101,012516
blk_7233730815,2,INFO,260101,012520
blk_7233730815,4,WARN,260101,012520
blk_7233730815,1,INFO,260101,012520
blk_7233730815,6,INFO,260101,012521
blk_7233730815,3,WARN,260101,012521
blk_7233730815,7,WARN,260101,012521
blk_7537783626,2,WARN,260101,012525
blk_7537783626,7,INFO,260101,012525
blk_7537783626,1,INFO,260101,012525
blk_7537783626,4,INFO,260101,012526
blk_7537783626,3,INFO,260101,012526
blk_7537783626,6,INFO,260101,012526
blk_1611713004,1,WARN,260101,012527
blk_1611713004,3,WARN,260101,012527
blk_1611713004,4,INFO,260101,012527
blk_1611713004,7,WARN,260101,012528
blk_5437609475,7,WARN,260101,012532
blk_5437609475,3,WARN,260101,012532
blk_5437609475,1,WARN,260101,012532
blk_5437609475,2,WARN,260101,012532
blk_4322946965,4,INFO,260101,012533
blk_4322946965,3,INFO,260101,012533
blk_4322946965,6,WARN,260101,012533
blk_4322946965,1,WARN,260101,012533
blk_1634521588,8,WARN,260101,012537
blk_1634521588,1,INFO,260101,012537
blk_1634521588,3,WARN,260101,012537
blk_1634521588,6,INFO,260101,012537
blk_1634521588,8,ERROR,260101,012537
blk_8730349610,4,WARN,260101,012539
blk_8730349610,9,INFO,260101,012539
blk_8730349610,2,INFO,260101,012540
blk_8730349610,3,INFO,260101,012540
blk_8730349610,1,WARN,260101,012540
blk_6746498983,3,INFO,260101,012543
blk_6746498983,1,INFO,260101,012543
blk_6746498983,2,WARN,260101,012543
blk_6746498983,6,INFO,260101,012543
blk_6746498983,4,INFO,260101,012543
blk_3402724983,6,WARN,260101,012544
blk_3402724983,1,INFO,260101,012544
blk_3402724983,4,INFO,260101,012544
blk_3402724983,2,INFO,260101,012544
blk_5709377844,2,INFO,260101,012549
blk_5709377844,3,INFO,260101,012549
blk_5709377844,1,INFO,260101,012549
blk_5709377844,6,INFO,260101,012549
blk_5709377844,7,WARN,260101,012549
blk_8918505218,1,INFO,260101,012550
blk_8918505218,4,INFO,260101,012550
blk_8918505218,6,INFO,260101,012550
blk_8918505218,2,INFO,260101,012550
blk_8918505218,3,INFO,260101,012550
blk_8706741358,7,INFO,260101,012552
blk_8706741358,2,INFO,260101,012552
blk_8706741358,3,INFO,260101,012552
blk_8706741358,1,INFO,260101,012553
blk_8706741358,6,INFO,260101,012553
blk_8706741358,4,INFO,260101,012553
blk_0712016198,7,INFO,260101,012555
blk_0712016198,6,INFO,260101,012555
blk_0712016198,1,INFO,260101,012555
blk_0712016198,4,WARN,260101,012556
blk_0712016198,3,INFO,260101,012556
blk_0712016198,2,WARN,260101,012556
blk_0994217846,7,INFO,260101,012600
blk_0994217846,3,INFO,260101,012600
blk_0994217846,2,INFO,260101,012600
blk_0994217846,4,WARN,260101,012600
blk_0994217846,6,INFO,260101,012600
blk_7671000562,6,INFO,260101,012604
blk_7671000562,7,WARN,260101,012604
blk_7671000562,2,INFO,260101,012604
blk_7671000562,4,INFO,260101,012605
blk_7671000562,3,INFO,260101,012605
blk_6609896218,6,INFO,260101,012606
blk_6609896218,7,INFO,260101,012606
blk_6609896218,3,INFO,260101,012606
blk_6609896218,4,INFO,260101,012606
blk_6609896218,1,INFO,260101,012606
blk_6609896218,2,INFO,260101,012607
blk_2121084149,4,INFO,260101,012611
blk_2121084149,2,INFO,260101,012611
blk_2121084149,6,INFO,260101,012611
blk_2121084149,3,INFO,260101,012611
blk_2121084149,7,INFO,260101,012611
blk_3621290397,3,INFO,260101,012616
blk_3621290397,6,WARN,260101,012616
blk_3621290397,1,WARN,260101,012616
blk_3621290397,2,INFO,260101,012617
blk_3621290397,7,INFO,260101,012617
blk_3621290397,4,WARN,260101,012617
blk_7082321366,1,INFO,260101,012618
blk_7082321366,2,INFO,260101,012618
blk_7082321366,6,INFO,260101,012618
blk_7082321366,7,INFO,260101,012618
blk_5226800797,6,INFO,260101,012622
blk_5226800797,4,INFO,260101,012622
blk_5226800797,3,WARN,260101,012622
blk_5226800797,1,WARN,260101,012622
blk_5226800797,2,INFO,260101,012622
blk_5226800797,7,WARN,260101,012623
blk_2464953204,1,INFO,260101,012626
blk_2464953204,4,INFO,260101,012626
blk_2464953204,6,WARN,260101,012626
blk_2464953204,2,WARN,260101,012626
blk_6999597119,4,INFO,260101,012627
blk_6999597119,7,INFO,260101,012627
blk_6999597119,1,INFO,260101,012627
blk_6999597119,6,INFO,260101,012627
blk_0161213596,6,INFO,260101,012630
blk_0161213596,1,INFO,260101,012630
blk_0161213596,4,INFO,260101,012630
blk_0161213596,7,INFO,260101,012630
blk_0161213596,3,INFO,260101,012631
blk_0161213596,2,INFO,260101,012631
blk_4230826904,7,INFO,260101,012634
blk_4230826904,4,INFO,260101,012634
blk_4230826904,6,WARN,260101,012634
blk_4230826904,1,WARN,260101,012634
blk_4230826904,2,INFO,260101,012634
blk_7027587373,2,WARN,260101,012638
blk_7027587373,4,INFO,260101,012638
blk_7027587373,1,WARN,260101,012638
blk_7027587373,6,INFO,260101,012638
blk_7027587373,7,INFO,260101,012638
blk_7939106699,1,WARN,260101,012640
blk_7939106699,4,WARN,260101,012640
blk_7939106699,6,INFO,260101,012640
blk_7939106699,3,INFO,260101,012640
blk_7939106699,2,WARN,260101,012641
blk_4988093121,4,INFO,260101,012645
blk_4988093121,7,INFO,260101,012645
blk_4988093121,1,INFO,260101,012645
blk_4988093121,2,INFO,260101,012645
blk_4988093121,6,INFO,260101,012645
blk_4988093121,3,INFO,260101,012645
blk_0134945758,6,INFO,260101,012647
blk_0134945758,1,WARN,260101,012647
blk_0134945758,3,INFO,260101,012647
blk_0134945758,7,INFO,260101,012647
blk_0134945758,4,INFO,260101,012647
blk_2533638712,6,WARN,260101,012651
blk_2533638712,7,INFO,260101,012651
blk_2533638712,4,INFO,260101,012651
blk_2533638712,1,WARN,260101,012651
blk_2533638712,3,INFO,260101,012652
blk_9136860967,4,INFO,260101,012654
blk_9136860967,7,INFO,260101,012654
blk_9136860967,2,INFO,260101,012654
blk_9136860967,6,WARN,260101,012654
blk_9136860967,3,WARN,260101,012655
blk_2765960542,4,INFO,260101,012656
blk_2765960542,7,INFO,260101,012656
blk_2765960542,6,INFO,260101,012656
blk_2765960542,2,INFO,260101,012657
blk_7234113967,2,INFO,260101,012657
blk_7234113967,6,INFO,260101,012657
blk_7234113967,7,WARN,260101,012657
blk_7234113967,3,INFO,260101,012658
blk_7234113967,4,INFO,260101,012658
blk_8098468978,6,INFO,260101,012701
blk_8098468978,4,WARN,260101,012701
blk_8098468978,7,INFO,260101,012701
blk_8098468978,2,INFO,260101,012701
blk_5363199456,4,WARN,260101,012703
blk_5363199456,6,WARN,260101,012703
blk_5363199456,1,WARN,260101,012703
blk_5363199456,2,INFO,260101,012703
blk_5363199456,7,WARN,260101,012703
blk_8996946840,1,INFO,260101,012707
blk_8996946840,7,INFO,260101,012707
blk_8996946840,4,INFO,260101,012707
blk_8996946840,2,INFO,260101,012707
blk_8996946840,6,WARN,260101,012707
blk_1240592027,6,INFO,260101,012710
blk_1240592027,3,WARN,260101,012710
blk_1240592027,7,WARN,260101,012711
blk_1240592027,4,INFO,260101,012711
blk_4943269173,3,INFO,260101,012713
blk_4943269173,2,INFO,260101,012713
blk_4943269173,4,INFO,260101,012713
blk_4943269173,6,INFO,260101,012713
blk_4943269173,1,INFO,260101,012714
blk_4943269173,7,WARN,260101,012714
blk_6595973591,2,INFO,260101,012718
blk_6595973591,1,INFO,260101,012718
blk_6595973591,4,INFO,260101,012718
blk_6595973591,6,INFO,260101,012718
blk_6595973591,7,INFO,260101,012718
blk_7766814202,8,INFO,260101,012721
blk_7766814202,3,WARN,260101,012721
blk_7766814202,7,WARN,260101,012721
blk_7766814202,2,ERROR,260101,012721
blk_7766814202,1,ERROR,260101,012721
blk_2177279238,6,INFO,260101,012725
blk_2177279238,2,INFO,260101,012725
blk_2177279238,7,INFO,260101,012725
blk_2177279238,3,INFO,260101,012726
blk_7593145780,4,INFO,260101,012726
blk_7593145780,3,INFO,260101,012726
blk_7593145780,6,WARN,260101,012726
blk_7593145780,2,WARN,260101,012726
blk_7593145780,7,WARN,260101,012727
blk_7593145780,1,INFO,260101,012727
blk_3845474962,4,INFO,260101,012729
blk_3845474962,7,ERROR,260101,012729
blk_3845474962,1,INFO,260101,012729
blk_3845474962,6,ERROR,260101,012729
blk_3845474962,2,ERROR,260101,012729
blk_3845474962,5,WARN,260101,012729
blk_3845474962,3,ERROR,260101,012730
blk_5902068105,7,WARN,260101,012734
blk_5902068105,3,INFO,260101,012734
blk_5902068105,6,INFO,260101,012734
blk_5902068105,1,INFO,260101,012734
blk_5902068105,4,INFO,260101,012735
blk_5400944183,3,WARN,260101,012737
blk_5400944183,1,INFO,260101,012737
blk_5400944183,6,INFO,260101,012737
blk_5400944183,2,INFO,260101,012738
blk_5400944183,7,INFO,260101,012738
blk_5400944183,4,WARN,260101,012738
blk_9968912222,6,INFO,260101,012739
blk_9968912222,2,WARN,260101,012739
blk_9968912222,7,INFO,260101,012739
blk_9968912222,1,WARN,260101,012739
blk_9968912222,3,INFO,260101,012740
blk_9968912222,4,INFO,260101,012740
blk_5073967379,3,INFO,260101,012740
blk_5073967379,6,WARN,260101,012740
blk_5073967379,2,WARN,260101,012740
blk_5073967379,1,WARN,260101,012741
blk_5073967379,4,INFO,260101,012741
blk_1520183765,2,INFO,260101,012745
blk_1520183765,4,INFO,260101,012745
blk_1520183765,7,INFO,260101,012745
blk_1520183765,6,INFO,260101,012745
blk_1520183765,3,INFO,260101,012745
blk_2421372319,6,INFO,260101,012750
blk_2421372319,4,WARN,260101,012750
blk_2421372319,2,INFO,260101,012750
blk_2421372319,7,INFO,260101,012750
blk_2421372319,3,INFO,260101,012751
blk_8635479689,2,INFO,260101,012755
blk_8635479689,1,WARN,260101,012755
blk_8635479689,3,WARN,260101,012755
blk_8635479689,6,WARN,260101,012755
blk_8635479689,4,INFO,260101,012755
blk_6743971330,6,INFO,260101,012800
blk_6743971330,7,WARN,260101,012800
blk_6743971330,4,INFO,260101,012800
blk_6743971330,2,INFO,260101,012800
blk_6743971330,3,INFO,260101,012800
blk_8836031420,6,INFO,260101,012805
blk_8836031420,7,INFO,260101,012805
blk_8836031420,1,INFO,260101,012805
blk_8836031420,3,WARN,260101,012805
blk_8836031420,4,WARN,260101,012805
blk_8836031420,2,INFO,260101,012806
blk_3446722974,4,WARN,260101,012810
blk_3446722974,6,INFO,260101,012810
blk_3446722974,1,INFO,260101,012810
blk_3446722974,2,INFO,260101,012810
blk_3446722974,7,INFO,260101,012811
blk_3446722974,3,INFO,260101,012811
blk_1830626496,2,INFO,260101,012812
blk_1830626496,6,INFO,260101,012812
blk_1830626496,3,WARN,260101,012812
blk_1830626496,1,INFO,260101,012812
blk_0795641328,1,INFO,260101,012815
blk_0795641328,3,INFO,260101,012815
blk_0795641328,6,INFO,260101,012815
blk_0795641328,4,INFO,260101,012815
blk_0795641328,7,INFO,260101,012815
blk_5214541612,7,WARN,260101,012818
blk_5214541612,2,WARN,260101,012818
blk_5214541612,4,INFO,260101,012818
blk_5214541612,3,INFO,260101,012818
blk_0044631396,7,INFO,260101,012823
blk_0044631396,6,INFO,260101,012823
blk_0044631396,2,INFO,260101,012823
blk_0044631396,3,INFO,260101,012823
blk_0044631396,1,WARN,260101,012824
blk_8858321376,3,WARN,260101,012824
blk_8858321376,4,INFO,260101,012824
blk_8858321376,6,INFO,260101,012824
blk_8858321376,7,INFO,260101,012824
blk_8858321376,2,INFO,260101,012824
blk_3399293249,6,INFO,260101,012827
blk_3399293249,3,WARN,260101,012827
blk_3399293249,2,INFO,260101,012827
blk_3399293249,1,INFO,260101,012827
blk_3399293249,10,INFO,260101,012828
blk_0095706806,4,WARN,260101,012828
blk_0095706806,7,INFO,260101,012828
blk_0095706806,2,INFO,260101,012828
blk_0095706806,3,INFO,260101,012828
blk_2126910781,4,INFO,260101,012832
blk_2126910781,1,INFO,260101,012832
blk_2126910781,2,INFO,260101,012832
blk_2126910781,3,WARN,260101,012832
blk_2126910781,7,INFO,260101,012833
blk_2126910781,6,WARN,260101,012833
blk_4320317055,1,WARN,260101,012837
blk_4320317055,2,WARN,260101,012837
blk_4320317055,6,INFO,260101,012837
blk_4320317055,4,INFO,260101,012837
blk_4320317055,7,INFO,260101,012837
blk_6504779636,7,WARN,260101,012838
blk_6504779636,4,WARN,260101,012838
blk_6504779636,6,INFO,260101,012838
blk_6504779636,2,INFO,260101,012838
blk_6504779636,1,INFO,260101,012838
blk_6504779636,3,INFO,260101,012839
blk_2906158567,7,WARN,260101,012841
blk_2906158567,2,INFO,260101,012841
blk_2906158567,6,INFO,260101,012841
blk_2906158567,1,INFO,260101,012841
blk_2906158567,4,INFO,260101,012842
blk_2906158567,3,WARN,260101,012842
blk_2726306290,6,WARN,260101,012843
blk_2726306290,4,INFO,260101,012843
blk_2726306290,2,INFO,260101,012843
blk_2726306290,3,INFO,260101,012843
blk_2726306290,1,INFO,260101,012844
blk_8280295505,4,INFO,260101,012845
blk_8280295505,3,INFO,260101,012845
blk_8280295505,7,INFO,260101,012845
blk_8280295505,6,INFO,260101,012846
blk_8280295505,2,INFO,260101,012846
blk_8280295505,1,INFO,260101,012846
blk_2437921866,4,INFO,260101,012846
blk_2437921866,7,INFO,260101,012846
blk_2437921866,1,INFO,260101,012846
blk_2437921866,6,INFO,260101,012846
blk_2437921866,2,INFO,260101,012846
blk_2437921866,3,INFO,260101,012846
blk_4831411206,7,INFO,260101,012850
blk_4831411206,1,INFO,260101,012850
blk_4831411206,4,INFO,260101,012851
blk_4831411206,3,WARN,260101,012851
blk_4831411206,2,WARN,260101,012851
blk_3216157452,4,INFO,260101,012853
blk_3216157452,7,WARN,260101,012853
blk_3216157452,1,INFO,260101,012853
blk_3216157452,3,INFO,260101,012853
blk_3216157452,2,INFO,260101,012853
blk_9352681988,4,INFO,260101,012855
blk_9352681988,2,INFO,260101,012855
blk_9352681988,7,WARN,260101,012855
blk_9352681988,3,INFO,260101,012855
blk_9352681988,1,INFO,260101,012856
blk_9352681988,6,WARN,260101,012856
blk_1667816779,2,WARN,260101,012858
blk_1667816779,7,INFO,260101,012858
blk_1667816779,4,INFO,260101,012858
blk_1667816779,6,INFO,260101,012859
blk_1667816779,1,INFO,260101,012859
blk_1667816779,3,WARN,260101,012859
blk_9781837562,6,INFO,260101,012859
blk_9781837562,4,WARN,260101,012859
blk_9781837562,3,INFO,260101,012859
blk_9781837562,1,INFO,260101,012859
blk_9781837562,7,INFO,260101,012859
blk_9781837562,2,INFO,260101,012859
blk_8110313676,1,WARN,260101,012902
blk_8110313676,7,INFO,260101,012902
blk_8110313676,2,INFO,260101,012902
blk_8110313676,6,WARN,260101,012902
blk_8110313676,3,WARN,260101,012903
blk_1162966620,7,INFO,260101,012907
blk_1162966620,2,INFO,260101,012907
blk_1162966620,3,INFO,260101,012907
blk_1162966620,4,INFO,260101,012907
blk_4981838441,2,ERROR,260101,012909
blk_4981838441,1,ERROR,260101,012909
blk_4981838441,3,WARN,260101,012909
blk_4981838441,0,ERROR,260101,012909
blk_4981838441,7,INFO,260101,012910
blk_4981838441,4,INFO,260101,012910
blk_7197548466,2,INFO,260101,012911
blk_7197548466,4,WARN,260101,012911
blk_7197548466,1,WARN,260101,012911
blk_7197548466,6,WARN,260101,012912
blk_6005351697,1,INFO,260101,012914
blk_6005351697,2,INFO,260101,012914
blk_6005351697,4,INFO,260101,012914
blk_6005351697,6,WARN,260101,012915
blk_3535725183,1,WARN,260101,012919
blk_3535725183,6,WARN,260101,012919
blk_3535725183,4,INFO,260101,012919
blk_3535725183,7,INFO,260101,012920
blk_1272357901,2,WARN,260101,012924
blk_1272357901,1,INFO,260101,012924
blk_1272357901,6,INFO,260101,012924
blk_1272357901,4,INFO,260101,012925
blk_2335115071,6,INFO,260101,012925
blk_2335115071,2,WARN,260101,012925
blk_2335115071,9,WARN,260101,012925
blk_2335115071,4,ERROR,260101,012925
blk_2335115071,1,INFO,260101,012926
blk_2335115071,3,WARN,260101,012926
blk_9185480786,4,WARN,260101,012927
blk_9185480786,2,INFO,260101,012927
blk_9185480786,1,WARN,260101,012927
blk_9185480786,3,INFO,260101,012927
blk_9185480786,6,INFO,260101,012928
blk_9185480786,7,INFO,260101,012928
blk_4148166788,2,INFO,260101,012931
blk_4148166788,4,INFO,260101,012931
blk_4148166788,7,INFO,260101,012931
blk_4148166788,1,INFO,260101,012931
blk_4148166788,3,INFO,260101,012931
blk_4148166788,6,INFO,260101,012931
blk_9571550455,1,WARN,260101,012933
blk_9571550455,6,WARN,260101,012933
blk_9571550455,7,INFO,260101,012933
blk_9571550455,2,WARN,260101,012933
blk_9571550455,3,INFO,260101,012933
blk_9571550455,4,INFO,260101,012933
blk_8633574392,6,INFO,260101,012934
blk_8633574392,4,WARN,260101,012934
blk_8633574392,3,INFO,260101,012934
blk_8633574392,1,INFO,260101,012934
blk_8633574392,2,INFO,260101,012935
blk_3170596942,7,WARN,260101,012939
blk_3170596942,1,INFO,260101,012939
blk_3170596942,6,INFO,260101,012939
blk_3170596942,4,INFO,260101,012939
blk_3170596942,2,INFO,260101,012939
blk_6369277974,3,INFO,260101,012943
blk_6369277974,1,WARN,260101,012943
blk_6369277974,4,INFO,260101,012943
blk_6369277974,6,INFO,260101,012943
blk_6369277974,7,INFO,260101,012943
blk_6369277974,2,INFO,260101,012943
blk_6860757385,1,WARN,260101,012947
blk_6860757385,6,INFO,260101,012947
blk_6860757385,3,INFO,260101,012947
blk_6860757385,4,INFO,260101,012947
blk_6860757385,2,INFO,260101,012947
blk_2975211586,7,INFO,260101,012949
blk_2975211586,6,INFO,260101,012949
blk_2975211586,1,INFO,260101,012949
blk_2975211586,2,INFO,260101,012949
blk_2975211586,3,INFO,260101,012950
blk_2975211586,4,INFO,260101,012950
blk_9968162033,4,INFO,260101,012952
blk_9968162033,7,INFO,260101,012952
blk_9968162033,2,INFO,260101,012952
blk_9968162033,1,INFO,260101,012952
blk_9968162033,3,INFO,260101,012952
blk_1696445011,1,INFO,260101,012955
blk_1696445011,4,INFO,260101,012955
blk_1696445011,7,WARN,260101,012955
blk_1696445011,3,INFO,260101,012955
blk_1696445011,2,INFO,260101,012955
blk_1696445011,6,INFO,260101,012955
blk_0216222369,6,INFO,260101,013000
blk_0216222369,4,INFO,260101,013000
blk_0216222369,2,WARN,260101,013000
blk_0216222369,7,INFO,260101,013000
blk_0216222369,1,INFO,260101,013000
blk_7309988774,3,WARN,260101,013005
blk_7309988774,7,INFO,260101,013005
blk_7309988774,4,WARN,260101,013005
blk_7309988774,2,INFO,260101,013005
blk_7607223733,7,INFO,260101,013007
blk_7607223733,3,WARN,260101,013007
blk_7607223733,6,WARN,260101,013007
blk_7607223733,4,INFO,260101,013007
blk_8066531048,7,INFO,260101,013010
blk_8066531048,1,INFO,260101,013010
blk_8066531048,6,WARN,260101,013010
blk_8066531048,3,WARN,260101,013010
blk_8066531048,4,WARN,260101,013010
blk_8066531048,2,INFO,260101,013011
blk_8905952282,3,WARN,260101,013014
blk_8905952282,6,INFO,260101,013014
blk_8905952282,1,INFO,260101,013014
blk_8905952282,2,INFO,260101,013014
blk_8905952282,4,WARN,260101,013015
blk_6089116301,6,INFO,260101,013016
blk_6089116301,4,INFO,260101,013016
blk_6089116301,2,WARN,260101,013016
blk_6089116301,7,INFO,260101,013016
blk_6089116301,3,INFO,260101,013016
blk_6089116301,1,INFO,260101,013016
blk_7732785066,2,WARN,260101,013021
blk_7732785066,7,WARN,260101,013021
blk_7732785066,1,INFO,260101,013021
blk_7732785066,6,INFO,260101,013021
blk_7732785066,3,INFO,260101,013021
blk_1572367741,7,INFO,260101,013022
blk_1572367741,3,INFO,260101,013022
blk_1572367741,2,INFO,260101,013022
blk_1572367741,4,INFO,260101,013022
blk_1572367741,6,INFO,260101,013022
blk_9818957270,6,INFO,260101,013024
blk_9818957270,1,INFO,260101,013024
blk_9818957270,2,INFO,260101,013024
blk_9818957270,3,INFO,260101,013024
blk_8461087038,6,INFO,260101,013025
blk_8461087038,2,INFO,260101,013025
blk_8461087038,1,INFO,260101,013025
blk_8461087038,4,WARN,260101,013025
blk_8461087038,3,WARN,260101,013025
blk_4759139688,4,INFO,260101,013026
blk_4759139688,7,INFO,260101,013026
blk_4759139688,6,INFO,260101,013026
blk_4759139688,1,INFO,260101,013026
blk_1962019116,7,INFO,260101,013031
blk_1962019116,3,INFO,260101,013031
blk_1962019116,6,INFO,260101,013031
blk_1962019116,4,WARN,260101,013032
blk_1962019116,2,INFO,260101,013032
blk_7704751096,1,INFO,260101,013033
blk_7704751096,2,INFO,260101,013033
blk_7704751096,3,WARN,260101,013033
blk_7704751096,7,WARN,260101,013033
blk_9668361550,7,INFO,260101,013035
blk_9668361550,4,INFO,260101,013035
blk_9668361550,5,ERROR,260101,013035
blk_9668361550,1,ERROR,260101,013035
blk_9668361550,2,ERROR,260101,013035
blk_0310873246,1,INFO,260101,013037
blk_0310873246,2,INFO,260101,013037
blk_0310873246,3,INFO,260101,013037
blk_0310873246,4,INFO,260101,013037
blk_0310873246,7,WARN,260101,013037
blk_0441989496,10,ERROR,260101,013041
blk_0441989496,1,ERROR,260101,013041
blk_0441989496,6,INFO,260101,013041
blk_0441989496,3,ERROR,260101,013041
blk_0441989496,2,ERROR,260101,013042
blk_0441989496,5,INFO,260101,013042
blk_0441989496,4,WARN,260101,013042
blk_0441989496,7,INFO,260101,013042
blk_8800753453,1,INFO,260101,013043
blk_8800753453,4,INFO,260101,013043
blk_8800753453,2,WARN,260101,013043
blk_8800753453,6,INFO,260101,013043
blk_8800753453,7,INFO,260101,013043
blk_8800753453,3,INFO,260101,013044
blk_7930694077,3,WARN,260101,013045
blk_7930694077,1,INFO,260101,013045
blk_7930694077,6,INFO,260101,013045
blk_7930694077,2,INFO,260101,013045
blk_7930694077,7,INFO,260101,013046
blk_7930694077,4,INFO,260101,013046
blk_6391426071,4,WARN,260101,013048
blk_6391426071,2,INFO,260101,013048
blk_6391426071,3,INFO,260101,013048
blk_6391426071,1,WARN,260101,013048
blk_6391426071,7,INFO,260101,013048
blk_6391426071,6,INFO,260101,013049
blk_5792583713,7,INFO,260101,013050
blk_5792583713,6,WARN,260101,013050
blk_5792583713,3,INFO,260101,013051
blk_5792583713,2,INFO,260101,013051
blk_5792583713,1,INFO,260101,013051
blk_3318733706,7,WARN,260101,013055
blk_3318733706,1,WARN,260101,013055
blk_3318733706,6,WARN,260101,013055
blk_3318733706,2,WARN,260101,013055
blk_3318733706,3,INFO,260101,013055
blk_3318733706,4,INFO,260101,013055
blk_6878268572,2,WARN,260101,013058
blk_6878268572,7,INFO,260101,013058
blk_6878268572,1,INFO,260101,013058
blk_6878268572,6,INFO,260101,013058
blk_0609243116,2,INFO,260101,013102
blk_0609243116,4,WARN,260101,013102
blk_0609243116,1,INFO,260101,013102
blk_0609243116,7,WARN,260101,013102
blk_9536965907,6,INFO,260101,013103
blk_9536965907,7,INFO,260101,013103
blk_9536965907,3,INFO,260101,013103
blk_9536965907,4,INFO,260101,013103
blk_9536965907,1,WARN,260101,013103
blk_9133567893,10,WARN,260101,013108
blk_9133567893,2,INFO,260101,013108
blk_9133567893,1,WARN,260101,013108
blk_9133567893,3,WARN,260101,013108
blk_9133567893,7,ERROR,260101,013108
blk_8379678023,2,INFO,260101,013110
blk_8379678023,6,INFO,260101,013110
blk_8379678023,4,INFO,260101,013110
blk_8379678023,3,WARN,260101,013111
blk_8379678023,1,INFO,260101,013111
blk_8379678023,7,INFO,260101,013111
blk_0392579822,2,INFO,260101,013113
blk_0392579822,1,WARN,260101,013113
blk_0392579822,6,INFO,260101,013113
blk_0392579822,3,INFO,260101,013113
blk_0392579822,4,INFO,260101,013113
blk_0392579822,7,INFO,260101,013114
blk_2364886743,2,INFO,260101,013115
blk_2364886743,3,INFO,260101,013115
blk_2364886743,1,WARN,260101,013115
blk_2364886743,7,INFO,260101,013115
blk_2364886743,4,INFO,260101,013115
blk_1367127646,3,INFO,260101,013118
blk_1367127646,6,INFO,260101,013118
blk_1367127646,2,INFO,260101,013118
blk_1367127646,1,INFO,260101,013118
blk_1367127646,7,INFO,260101,013118
blk_1596842298,4,INFO,260101,013121
blk_1596842298,10,ERROR,260101,013121
blk_1596842298,7,ERROR,260101,013121
blk_1596842298,10,INFO,260101,013121
blk_1596842298,6,WARN,260101,013121
blk_7253410836,3,INFO,260101,013124
blk_7253410836,2,INFO,260101,013124
blk_7253410836,1,INFO,260101,013124
blk_7253410836,4,INFO,260101,013124
blk_7253410836,7,WARN,260101,013125
blk_6350150085,6,INFO,260101,013126
blk_6350150085,4,INFO,260101,013126
blk_6350150085,2,INFO,260101,013126
blk_6350150085,3,INFO,260101,013127
blk_6350150085,7,WARN,260101,013127
blk_6350150085,1,INFO,260101,013127
blk_2725585347,4,INFO,260101,013131
blk_2725585347,7,INFO,260101,013131
blk_2725585347,2,INFO,260101,013131
blk_2725585347,6,INFO,260101,013131
blk_9360877108,1,INFO,260101,013136
blk_9360877108,6,WARN,260101,013136
blk_9360877108,2,WARN,260101,013136
blk_9360877108,7,INFO,260101,013136
blk_9360877108,4,INFO,260101,013137
blk_2068138239,1,WARN,260101,013139
blk_2068138239,6,WARN,260101,013139
blk_2068138239,3,WARN,260101,013139
blk_2068138239,4,INFO,260101,013139
blk_2068138239,7,INFO,260101,013139
blk_6690559890,2,INFO,260101,013141
blk_6690559890,3,WARN,260101,013141
blk_6690559890,7,INFO,260101,013141
blk_6690559890,1,INFO,260101,013141
blk_6690559890,4,INFO,260101,013142
blk_5658318160,1,WARN,260101,013144
blk_5658318160,4,INFO,260101,013144
blk_5658318160,7,INFO,260101,013144
blk_5658318160,2,INFO,260101,013145
blk_5658318160,3,WARN,260101,013145
blk_3223586542,4,INFO,260101,013147
blk_3223586542,1,INFO,260101,013147
blk_3223586542,7,INFO,260101,013147
blk_3223586542,6,INFO,260101,013147
blk_3223586542,3,WARN,260101,013148
blk_3223586542,2,WARN,260101,013148
blk_7099720897,6,INFO,260101,013151
blk_7099720897,2,INFO,260101,013151
blk_7099720897,4,INFO,260101,013151
blk_7099720897,7,INFO,260101,013151
blk_3075808265,1,INFO,260101,013156
blk_3075808265,2,INFO,260101,013156
blk_3075808265,3,INFO,260101,013156
blk_3075808265,6,INFO,260101,013156
blk_3449253524,3,INFO,260101,013159
blk_3449253524,6,INFO,260101,013159
blk_3449253524,4,WARN,260101,013159
blk_3449253524,1,INFO,260101,013159
blk_1944890169,7,INFO,260101,013204
blk_1944890169,6,INFO,260101,013204
blk_1944890169,2,WARN,260101,013204
blk_1944890169,4,INFO,260101,013204
blk_1944890169,3,INFO,260101,013205
blk_1944890169,1,INFO,260101,013205
blk_5383003765,6,WARN,260101,013207
blk_5383003765,7,INFO,260101,013207
blk_5383003765,3,WARN,260101,013207
blk_5383003765,4,INFO,260101,013207
blk_5383003765,1,INFO,260101,013207
blk_5383003765,2,INFO,260101,013208
blk_2333072825,7,INFO,260101,013209
blk_2333072825,6,WARN,260101,013209
blk_2333072825,1,WARN,260101,013209
blk_2333072825,3,INFO,260101,013209
blk_2333072825,2,WARN,260101,013210
blk_2333072825,4,INFO,260101,013210
blk_6687921560,2,WARN,260101,013212
blk_6687921560,7,INFO,260101,013212
blk_6687921560,1,INFO,260101,013212
blk_6687921560,3,INFO,260101,013213
blk_8435501504,2,INFO,260101,013216
blk_8435501504,3,INFO,260101,013216
blk_8435501504,7,WARN,260101,013216
blk_8435501504,6,INFO,260101,013217
blk_8435501504,1,INFO,260101,013217
blk_0131215945,6,INFO,260101,013219
blk_0131215945,2,INFO,260101,013219
blk_0131215945,4,INFO,260101,013219
blk_0131215945,1,INFO,260101,013219
blk_0131215945,7,INFO,260101,013219
blk_0131215945,3,INFO,260101,013220
blk_5748190821,2,WARN,260101,013220
blk_5748190821,3,INFO,260101,013220
blk_5748190821,1,INFO,260101,013220
blk_5748190821,6,INFO,260101,013220
blk_5506942653,6,INFO,260101,013223
blk_5506942653,1,INFO,260101,013223
blk_5506942653,4,INFO,260101,013223
blk_5506942653,3,WARN,260101,013223
blk_5506942653,2,INFO,260101,013223
blk_5506942653,7,INFO,260101,013223
blk_4693334445,2,INFO,260101,013227
blk_4693334445,4,INFO,260101,013227
blk_4693334445,6,INFO,260101,013228
blk_4693334445,1,WARN,260101,013228
blk_4693334445,3,WARN,260101,013228
blk_4693334445,7,INFO,260101,013228
blk_4145014533,1,ERROR,260101,013229
blk_4145014533,3,INFO,260101,013229
blk_4145014533,2,ERROR,260101,013229
blk_4145014533,9,ERROR,260101,013229
blk_4145014533,4,INFO,260101,013229
blk_4145014533,7,INFO,260101,013230
blk_4145014533,9,WARN,260101,013230
blk_4145014533,6,WARN,260101,013230
blk_9745784492,1,INFO,260101,013234
blk_9745784492,3,INFO,260101,013234
blk_9745784492,7,WARN,260101,013234
blk_9745784492,6,WARN,260101,013234
blk_5317113223,3,INFO,260101,013237
blk_5317113223,4,INFO,260101,013237
blk_5317113223,7,INFO,260101,013237
blk_5317113223,6,INFO,260101,013238
blk_5317113223,1,INFO,260101,013238
blk_0262543177,3,INFO,260101,013238
blk_0262543177,1,INFO,260101,013238
blk_0262543177,7,INFO,260101,013238
blk_0262543177,2,INFO,260101,013238
blk_0262543177,4,INFO,260101,013238
blk_0262543177,6,WARN,260101,013238
blk_3837078053,2,INFO,260101,013243
blk_3837078053,3,INFO,260101,013243
blk_3837078053,7,INFO,260101,013243
blk_3837078053,1,INFO,260101,013243
blk_1829938854,10,ERROR,260101,013246
blk_1829938854,6,WARN,260101,013246
blk_1829938854,8,ERROR,260101,013246
blk_1829938854,1,INFO,260101,013246
blk_1829938854,4,WARN,260101,013246
blk_1829938854,2,ERROR,260101,013246
blk_8359802471,3,INFO,260101,013247
blk_8359802471,6,INFO,260101,013247
blk_8359802471,4,INFO,260101,013248
blk_8359802471,2,INFO,260101,013248
blk_1190317328,4,INFO,260101,013248
blk_1190317328,6,INFO,260101,013248
blk_1190317328,2,INFO,260101,013248
blk_1190317328,3,WARN,260101,013248
blk_1190317328,7,INFO,260101,013248
blk_0177730641,4,INFO,260101,013252
blk_0177730641,2,INFO,260101,013252
blk_0177730641,6,INFO,260101,013252
blk_0177730641,3,INFO,260101,013253
blk_5461435356,4,INFO,260101,013257
blk_5461435356,6,INFO,260101,013257
blk_5461435356,3,INFO,260101,013257
blk_5461435356,2,WARN,260101,013257
blk_5461435356,7,INFO,260101,013257
blk_0174020081,3,WARN,260101,013258
blk_0174020081,6,ERROR,260101,013258
blk_0174020081,8,INFO,260101,013258
blk_0174020081,7,WARN,260101,013259
blk_0174020081,1,INFO,260101,013259
blk_0502262785,1,INFO,260101,013259
blk_0502262785,2,INFO,260101,013259
blk_0502262785,4,INFO,260101,013259
blk_0502262785,6,INFO,260101,013259
blk_0502262785,7,INFO,260101,013259
blk_0502262785,3,INFO,260101,013259
blk_8797513996,7,INFO,260101,013301
blk_8797513996,6,INFO,260101,013301
blk_8797513996,2,INFO,260101,013301
blk_8797513996,3,INFO,260101,013301
blk_4855061419,6,INFO,260101,013304
blk_4855061419,1,WARN,260101,013304
blk_4855061419,3,WARN,260101,013305
blk_4855061419,2,INFO,260101,013305
blk_4855061419,4,INFO,260101,013305
blk_4855061419,7,WARN,260101,013305
blk_3380808541,4,ERROR,260101,013309
blk_3380808541,7,ERROR,260101,013309
blk_3380808541,1,INFO,260101,013309
blk_3380808541,3,ERROR,260101,013309
blk_3380808541,6,ERROR,260101,013309
blk_4701228400,1,INFO,260101,013314
blk_4701228400,4,INFO,260101,013314
blk_4701228400,6,INFO,260101,013314
blk_4701228400,7,WARN,260101,013314
blk_4701228400,3,INFO,260101,013315
blk_8291417114,3,INFO,260101,013315
blk_8291417114,1,WARN,260101,013315
blk_8291417114,6,INFO,260101,013315
blk_8291417114,7,INFO,260101,013315
blk_8291417114,4,INFO,260101,013315
blk_8291417114,2,INFO,260101,013316
blk_2740223420,3,WARN,260101,013317
blk_2740223420,2,WARN,260101,013317
blk_2740223420,7,WARN,260101,013317
blk_2740223420,1,INFO,260101,013318
blk_2740223420,6,WARN,260101,013318
blk_8383211942,2,INFO,260101,013318
blk_8383211942,6,INFO,260101,013318
blk_8383211942,3,INFO,260101,013318
blk_8383211942,4,INFO,260101,013318
blk_8383211942,7,INFO,260101,013318
blk_8383211942,1,INFO,260101,013319
blk_2730558461,2,INFO,260101,013319
blk_2730558461,7,INFO,260101,013319
blk_2730558461,6,INFO,260101,013319
blk_2730558461,4,INFO,260101,013319
blk_2730558461,3,INFO,260101,013320
blk_4975692154,2,WARN,260101,013322
blk_4975692154,3,INFO,260101,013322
blk_4975692154,7,INFO,260101,013322
blk_4975692154,6,INFO,260101,013322
blk_1605484051,7,INFO,260101,013325
blk_1605484051,4,INFO,260101,013325
blk_1605484051,6,WARN,260101,013325
blk_1605484051,3,WARN,260101,013325
blk_1605484051,1,INFO,260101,013325
blk_1605484051,2,INFO,260101,013326
blk_0961448023,2,ERROR,260101,013330
blk_0961448023,4,ERROR,260101,013330
blk_0961448023,0,WARN,260101,013330
blk_0961448023,6,INFO,260101,013330
blk_0961448023,3,WARN,260101,013330
blk_0961448023,1,INFO,260101,013331
blk_3905887759,4,INFO,260101,013331
blk_3905887759,2,INFO,260101,013331
blk_3905887759,6,INFO,260101,013331
blk_3905887759,3,WARN,260101,013331
blk_3905887759,7,INFO,260101,013332
blk_3905887759,1,INFO,260101,013332
blk_2555526872,3,WARN,260101,013333
blk_2555526872,6,INFO,260101,013333
blk_2555526872,1,WARN,260101,013333
blk_2555526872,2,INFO,260101,013333
blk_2144763133,6,WARN,260101,013337
blk_2144763133,2,INFO,260101,013337
blk_2144763133,3,WARN,260101,013337
blk_2144763133,7,INFO,260101,013337
blk_2144763133,4,INFO,260101,013337
blk_2144763133,1,INFO,260101,013337
blk_3400296595,7,INFO,260101,013339
blk_3400296595,3,INFO,260101,013339
blk_3400296595,6,WARN,260101,013339
blk_3400296595,2,INFO,260101,013340
blk_4240863351,4,INFO,260101,013341
blk_4240863351,7,INFO,260101,013341
blk_4240863351,1,INFO,260101,013341
blk_4240863351,2,WARN,260101,013341
blk_1404826533,6,INFO,260101,013346
blk_1404826533,4,INFO,260101,013346
blk_1404826533,2,INFO,260101,013346
blk_1404826533,3,WARN,260101,013347
blk_1404826533,7,INFO,260101,013347
blk_1404826533,1,INFO,260101,013347
blk_4338672969,7,INFO,260101,013347
blk_4338672969,1,WARN,260101,013347
blk_4338672969,4,INFO,260101,013347
blk_4338672969,2,INFO,260101,013348
blk_4338672969,3,INFO,260101,013348
blk_4338672969,6,WARN,260101,013348
blk_0766270445,4,ERROR,260101,013349
blk_0766270445,6,INFO,260101,013349
blk_0766270445,2,WARN,260101,013349
blk_0766270445,9,INFO,260101,013349
blk_0766270445,9,INFO,260101,013349
blk_0766270445,1,INFO,260101,013350
blk_0766270445,7,WARN,260101,013350
blk_3444016753,1,WARN,260101,013351
blk_3444016753,3,INFO,260101,013351
blk_3444016753,6,WARN,260101,013351
blk_3444016753,4,INFO,260101,013351
blk_3444016753,7,INFO,260101,013352
blk_3444016753,2,INFO,260101,013352
blk_7771503901,7,INFO,260101,013354
blk_7771503901,3,WARN,260101,013354
blk_7771503901,1,INFO,260101,013354
blk_7771503901,4,INFO,260101,013354
blk_2775151873,2,INFO,260101,013355
blk_2775151873,6,INFO,260101,013355
blk_2775151873,7,INFO,260101,013355
blk_2775151873,4,INFO,260101,013355
blk_2775151873,3,INFO,260101,013355
blk_2775151873,1,INFO,260101,013355
blk_0026250831,2,INFO,260101,013400
blk_0026250831,6,INFO,260101,013400
blk_0026250831,1,INFO,260101,013400
blk_0026250831,3,INFO,260101,013400
blk_0026250831,7,INFO,260101,013400
blk_0026250831,4,INFO,260101,013400
blk_3476454779,7,INFO,260101,013405
blk_3476454779,3,INFO,260101,013405
blk_3476454779,2,INFO,260101,013405
blk_3476454779,1,INFO,260101,013406
blk_3476454779,4,WARN,260101,013406
blk_1362335442,6,INFO,260101,013407
blk_1362335442,3,INFO,260101,013407
blk_1362335442,2,WARN,260101,013407
blk_1362335442,7,INFO,260101,013407
blk_1362335442,1,WARN,260101,013408
blk_9281274041,1,INFO,260101,013410
blk_9281274041,3,WARN,260101,013410
blk_9281274041,2,INFO,260101,013410
blk_9281274041,6,INFO,260101,013411
blk_3782380716,6,ERROR,260101,013411
blk_3782380716,10,INFO,260101,013411
blk_3782380716,3,INFO,260101,013411
blk_3782380716,1,ERROR,260101,013411
blk_3782380716,7,INFO,260101,013411
blk_3782380716,2,WARN,260101,013412
blk_3782380716,0,ERROR,260101,013412
blk_3782380716,4,INFO,260101,013412
blk_9200934936,3,INFO,260101,013413
blk_9200934936,4,INFO,260101,013413
blk_9200934936,6,INFO,260101,013413
blk_9200934936,2,WARN,260101,013413
blk_6572739272,3,WARN,260101,013415
blk_6572739272,2,INFO,260101,013415
blk_6572739272,4,WARN,260101,013415
blk_6572739272,7,INFO,260101,013415
blk_6572739272,1,WARN,260101,013415
blk_6572739272,6,WARN,260101,013416
blk_2482818043,3,INFO,260101,013419
blk_2482818043,7,INFO,260101,013419
blk_2482818043,2,WARN,260101,013419
blk_2482818043,4,INFO,260101,013419
blk_6766943264,3,INFO,260101,013423
blk_6766943264,2,INFO,260101,013423
blk_6766943264,6,INFO,260101,013423
blk_6766943264,7,WARN,260101,013423
blk_6766943264,1,INFO,260101,013423
blk_6766943264,4,WARN,260101,013423
blk_2119541482,4,INFO,260101,013425
blk_2119541482,3,INFO,260101,013425
blk_2119541482,6,WARN,260101,013425
blk_2119541482,2,INFO,260101,013426
blk_2119541482,7,WARN,260101,013426
blk_1291918315,7,INFO,260101,013429
blk_1291918315,6,INFO,260101,013429
blk_1291918315,0,INFO,260101,013429
blk_1291918315,3,ERROR,260101,013429
blk_1291918315,9,ERROR,260101,013429
blk_1291918315,1,ERROR,260101,013430
blk_7898098936,3,INFO,260101,013432
blk_7898098936,1,INFO,260101,013432
blk_7898098936,6,WARN,260101,013432
blk_7898098936,2,WARN,260101,013432
blk_7898098936,4,INFO,260101,013432
blk_0106353822,4,INFO,260101,013433
blk_0106353822,6,WARN,260101,013433
blk_0106353822,1,INFO,260101,013433
blk_0106353822,2,INFO,260101,013433
blk_9012699490,1,WARN,260101,013434
blk_9012699490,6,INFO,260101,013434
blk_9012699490,3,INFO,260101,013434
blk_9012699490,7,INFO,260101,013434
blk_9012699490,4,WARN,260101,013434
blk_1968999242,7,INFO,260101,013435
blk_1968999242,1,INFO,260101,013435
blk_1968999242,3,INFO,260101,013435
blk_1968999242,2,INFO,260101,013435
blk_1968999242,4,WARN,260101,013436
blk_4036641779,3,INFO,260101,013438
blk_4036641779,7,INFO,260101,013438
blk_4036641779,4,INFO,260101,013438
blk_4036641779,6,INFO,260101,013438
blk_4036641779,2,INFO,260101,013438
blk_6557765279,6,INFO,260101,013439
blk_6557765279,3,INFO,260101,013439
blk_6557765279,4,INFO,260101,013439
blk_6557765279,1,INFO,260101,013439
blk_6557765279,2,WARN,260101,013439
blk_6557765279,7,INFO,260101,013440
blk_1827132370,2,INFO,260101,013441
blk_1827132370,3,WARN,260101,013441
blk_1827132370,4,INFO,260101,013441
blk_1827132370,7,INFO,260101,013441
blk_1827132370,6,INFO,260101,013441
blk_1827132370,1,INFO,260101,013442
blk_3631625236,4,INFO,260101,013442
blk_3631625236,2,INFO,260101,013442
blk_3631625236,6,INFO,260101,013442
blk_3631625236,1,INFO,260101,013442
blk_9202570492,7,INFO,260101,013444
blk_9202570492,2,INFO,260101,013444
blk_9202570492,6,WARN,260101,013444
blk_9202570492,3,INFO,260101,013445
blk_9202570492,1,INFO,260101,013445
blk_9202570492,4,WARN,260101,013445
blk_4241021927,4,INFO,260101,013446
blk_4241021927,3,INFO,260101,013446
blk_4241021927,7,WARN,260101,013446
blk_4241021927,6,INFO,260101,013446
blk_4241021927,2,WARN,260101,013447
blk_4241021927,1,WARN,260101,013447
blk_0509672443,4,INFO,260101,013447
blk_0509672443,3,INFO,260101,013447
blk_0509672443,1,INFO,260101,013447
blk_0509672443,2,INFO,260101,013447
blk_1853396077,1,INFO,260101,013451
blk_1853396077,4,INFO,260101,013451
blk_1853396077,7,WARN,260101,013451
blk_1853396077,2,INFO,260101,013451
blk_1853396077,6,WARN,260101,013451
blk_1157670690,3,WARN,260101,013452
blk_1157670690,2,INFO,260101,013452
blk_1157670690,7,INFO,260101,013452
blk_1157670690,4,INFO,260101,013452
blk_1157670690,1,INFO,260101,013453
blk_8506087911,4,INFO,260101,013456
blk_8506087911,2,INFO,260101,013456
blk_8506087911,1,INFO,260101,013456
blk_8506087911,7,INFO,260101,013456
blk_8506087911,3,INFO,260101,013456
blk_8506087911,6,INFO,260101,013457
blk_8524202272,2,INFO,260101,013500
blk_8524202272,3,WARN,260101,013500
blk_8524202272,4,WARN,260101,013500
blk_8524202272,7,INFO,260101,013500
blk_9975380004,8,WARN,260101,013505
blk_9975380004,3,INFO,260101,013505
blk_9975380004,7,ERROR,260101,013505
blk_9975380004,1,WARN,260101,013506
blk_9975380004,2,ERROR,260101,013506
blk_9975380004,4,WARN,260101,013506
blk_9975380004,6,INFO,260101,013506
blk_9975380004,5,ERROR,260101,013506
blk_3580903805,1,WARN,260101,013507
blk_3580903805,3,INFO,260101,013507
blk_3580903805,4,INFO,260101,013507
blk_3580903805,6,INFO,260101,013508
blk_3580903805,2,WARN,260101,013508
blk_4827201472,4,WARN,260101,013512
blk_4827201472,6,INFO,260101,013512
blk_4827201472,2,INFO,260101,013512
blk_4827201472,3,WARN,260101,013512
blk_4827201472,7,WARN,260101,013512
blk_4633765162,7,INFO,260101,013514
blk_4633765162,3,INFO,260101,013514
blk_4633765162,2,WARN,260101,013514
blk_4633765162,6,WARN,260101,013514
blk_4633765162,4,WARN,260101,013515
blk_4633765162,1,INFO,260101,013515
blk_4816963861,4,INFO,260101,013515
blk_4816963861,7,INFO,260101,013515
blk_4816963861,1,INFO,260101,013516
blk_4816963861,3,INFO,260101,013516
blk_4816963861,6,INFO,260101,013516
blk_1806259453,2,INFO,260101,013519
blk_1806259453,6,INFO,260101,013519
blk_1806259453,4,INFO,260101,013519
blk_1806259453,3,INFO,260101,013519
blk_1806259453,1,INFO,260101,013519
blk_0908688778,3,WARN,260101,013523
blk_0908688778,7,WARN,260101,013523
blk_0908688778,2,INFO,260101,013523
blk_0908688778,6,INFO,260101,013523
blk_0908688778,9,INFO,260101,013523
blk_4534502945,3,INFO,260101,013524
blk_4534502945,6,INFO,260101,013524
blk_4534502945,2,INFO,260101,013524
blk_4534502945,1,INFO,260101,013525
blk_4534502945,4,INFO,260101,013525
blk_6509704818,6,INFO,260101,013528
blk_6509704818,1,INFO,260101,013528
blk_6509704818,3,WARN,260101,013528
blk_6509704818,2,INFO,260101,013529
blk_5630982530,1,INFO,260101,013533
blk_5630982530,2,INFO,260101,013533
blk_5630982530,3,INFO,260101,013533
blk_5630982530,7,INFO,260101,013533
blk_5630982530,4,INFO,260101,013533
blk_5630982530,6,INFO,260101,013533
blk_1595907659,7,WARN,260101,013534
blk_1595907659,4,INFO,260101,013534
blk_1595907659,2,INFO,260101,013534
blk_1595907659,3,INFO,260101,013534
blk_8145569837,1,INFO,260101,013538
blk_8145569837,2,INFO,260101,013538
blk_8145569837,4,INFO,260101,013538
blk_8145569837,6,INFO,260101,013538
blk_8145569837,7,INFO,260101,013539
blk_8145569837,3,INFO,260101,013539
blk_2322955320,6,INFO,260101,013543
blk_2322955320,2,WARN,260101,013543
blk_2322955320,3,INFO,260101,013543
blk_2322955320,7,INFO,260101,013543
blk_2322955320,1,INFO,260101,013543
blk_2322955320,4,WARN,260101,013543
blk_1339398461,7,INFO,260101,013546
blk_1339398461,4,INFO,260101,013546
blk_1339398461,1,INFO,260101,013546
blk_1339398461,2,INFO,260101,013546
blk_1339398461,6,INFO,260101,013547
blk_1339398461,3,INFO,260101,013547
blk_0256053460,7,INFO,260101,013547
blk_0256053460,1,INFO,260101,013547
blk_0256053460,3,INFO,260101,013547
blk_0256053460,6,INFO,260101,013547
blk_0256053460,2,INFO,260101,013547
blk_0256053460,4,INFO,260101,013547
blk_8878472594,1,INFO,260101,013551
blk_8878472594,7,INFO,260101,013551
blk_8878472594,6,INFO,260101,013551
blk_8878472594,2,INFO,260101,013551
blk_8787766462,2,INFO,260101,013552
blk_8787766462,7,INFO,260101,013552
blk_8787766462,4,INFO,260101,013552
blk_8787766462,1,INFO,260101,013553
blk_8787766462,3,INFO,260101,013553
blk_7104529265,3,INFO,260101,013557
blk_7104529265,7,WARN,260101,013557
blk_7104529265,2,WARN,260101,013557
blk_7104529265,4,INFO,260101,013557
blk_7596215014,2,INFO,260101,013558
blk_7596215014,7,INFO,260101,013558
blk_7596215014,3,INFO,260101,013558
blk_7596215014,1,WARN,260101,013558
blk_7596215014,6,WARN,260101,013558
blk_7596215014,4,INFO,260101,013559
blk_0923472848,6,INFO,260101,013600
blk_0923472848,1,WARN,260101,013600
blk_0923472848,7,WARN,260101,013600
blk_0923472848,2,INFO,260101,013600
blk_0923472848,4,INFO,260101,013600
blk_3346497814,1,WARN,260101,013604
blk_3346497814,7,INFO,260101,013604
blk_3346497814,4,WARN,260101,013604
blk_3346497814,9,INFO,260101,013604
blk_3346497814,6,ERROR,260101,013605
blk_3346497814,3,INFO,260101,013605
blk_3346497814,9,INFO,260101,013605
blk_2632734162,6,INFO,260101,013609
blk_2632734162,4,INFO,260101,013609
blk_2632734162,7,INFO,260101,013610
blk_2632734162,2,WARN,260101,013610
blk_2632734162,1,INFO,260101,013610
blk_0263231084,3,INFO,260101,013611
blk_0263231084,7,INFO,260101,013611
blk_0263231084,2,INFO,260101,013611
blk_0263231084,4,INFO,260101,013611
blk_8972338624,3,INFO,260101,013615
blk_8972338624,6,INFO,260101,013615
blk_8972338624,7,WARN,260101,013615
blk_8972338624,2,INFO,260101,013616
blk_8972338624,4,INFO,260101,013616
blk_7581153651,2,INFO,260101,013619
blk_7581153651,4,INFO,260101,013619
blk_7581153651,6,INFO,260101,013619
blk_7581153651,7,INFO,260101,013620
blk_7581153651,3,INFO,260101,013620
blk_7581153651,1,INFO,260101,013620
blk_1037717736,1,WARN,260101,013623
blk_1037717736,6,INFO,260101,013623
blk_1037717736,2,WARN,260101,013623
blk_1037717736,7,INFO,260101,013623
blk_1037717736,4,INFO,260101,013624
blk_1037717736,3,INFO,260101,013624
blk_5830271835,2,WARN,260101,013626
blk_5830271835,1,INFO,260101,013626
blk_5830271835,4,WARN,260101,013626
blk_5830271835,3,INFO,260101,013626
blk_6524890585,6,WARN,260101,013630
blk_6524890585,3,WARN,260101,013630
blk_6524890585,1,INFO,260101,013630
blk_6524890585,7,WARN,260101,013630
blk_6524890585,2,INFO,260101,013630
blk_6524890585,4,INFO,260101,013630
blk_7615887816,2,WARN,260101,013633
blk_7615887816,6,INFO,260101,013633
blk_7615887816,4,INFO,260101,013633
blk_7615887816,7,INFO,260101,013634
blk_7615887816,1,WARN,260101,013634
blk_8507607355,3,INFO,260101,013636
blk_8507607355,2,WARN,260101,013636
blk_8507607355,1,INFO,260101,013636
blk_8507607355,6,INFO,260101,013637
blk_8507607355,7,INFO,260101,013637
blk_8507607355,4,WARN,260101,013637
blk_3149253029,7,WARN,260101,013639
blk_3149253029,6,WARN,260101,013639
blk_3149253029,1,WARN,260101,013639
blk_3149253029,3,INFO,260101,013639
blk_3149253029,4,INFO,260101,013640
blk_3149253029,2,WARN,260101,013640
blk_7431036441,7,INFO,260101,013642
blk_7431036441,6,WARN,260101,013642
blk_7431036441,4,WARN,260101,013642
blk_7431036441,2,INFO,260101,013642
blk_7431036441,1,INFO,260101,013643
blk_7431036441,3,WARN,260101,013643
blk_4941811785,7,INFO,260101,013643
blk_4941811785,3,INFO,260101,013643
blk_4941811785,6,WARN,260101,013643
blk_4941811785,1,INFO,260101,013643
blk_4941811785,4,INFO,260101,013644
blk_4941811785,2,WARN,260101,013644
blk_0364752042,3,INFO,260101,013644
blk_0364752042,1,WARN,260101,013644
blk_0364752042,4,INFO,260101,013644
blk_0364752042,7,INFO,260101,013644
blk_0364752042,2,WARN,260101,013645
blk_8710200627,2,INFO,260101,013646
blk_8710200627,7,INFO,260101,013646
blk_8710200627,1,WARN,260101,013646
blk_8710200627,3,INFO,260101,013646
blk_8710200627,4,INFO,260101,013646
blk_8710200627,6,INFO,260101,013646
blk_5123011703,1,INFO,260101,013651
blk_5123011703,6,INFO,260101,013651
blk_5123011703,2,INFO,260101,013651
blk_5123011703,3,INFO,260101,013651
blk_6070317841,7,INFO,260101,013656
blk_6070317841,2,INFO,260101,013656
blk_6070317841,6,INFO,260101,013656
blk_6070317841,3,INFO,260101,013656
blk_8619805399,4,INFO,260101,013657
blk_8619805399,6,WARN,260101,013657
blk_8619805399,2,WARN,260101,013657
blk_8619805399,7,WARN,260101,013658
blk_4302274048,1,INFO,260101,013700
blk_4302274048,2,WARN,260101,013700
blk_4302274048,3,INFO,260101,013700
blk_4302274048,4,INFO,260101,013700
blk_4302274048,7,INFO,260101,013701
blk_4302274048,6,WARN,260101,013701
blk_4023096776,6,WARN,260101,013705
blk_4023096776,4,INFO,260101,013705
blk_4023096776,2,INFO,260101,013705
blk_4023096776,7,INFO,260101,013705
blk_4023096776,1,WARN,260101,013706
blk_4023096776,3,WARN,260101,013706
blk_1588042181,1,INFO,260101,013709
blk_1588042181,3,WARN,260101,013709
blk_1588042181,4,INFO,260101,013709
blk_1588042181,7,INFO,260101,013709
blk_1588042181,2,WARN,260101,013710
blk_7773178722,6,INFO,260101,013713
blk_7773178722,7,WARN,260101,013713
blk_7773178722,3,INFO,260101,013713
blk_7773178722,1,INFO,260101,013713
blk_7773178722,4,WARN,260101,013714
blk_7773178722,2,WARN,260101,013714
blk_9519945845,4,INFO,260101,013716
blk_9519945845,3,INFO,260101,013716
blk_9519945845,1,INFO,260101,013716
blk_9519945845,7,WARN,260101,013716
blk_6408312482,1,INFO,260101,013719
blk_6408312482,3,INFO,260101,013719
blk_6408312482,7,WARN,260101,013719
blk_6408312482,2,INFO,260101,013719
blk_6408312482,6,INFO,260101,013719
blk_3461676242,1,WARN,260101,013722
blk_3461676242,7,INFO,260101,013722
blk_3461676242,4,INFO,260101,013722
blk_3461676242,3,INFO,260101,013722
blk_3461676242,2,INFO,260101,013722
blk_6466881266,3,INFO,260101,013725
blk_6466881266,2,INFO,260101,013725
blk_6466881266,6,INFO,260101,013725
blk_6466881266,4,INFO,260101,013725
blk_4057264402,6,INFO,260101,013728
blk_4057264402,7,INFO,260101,013728
blk_4057264402,3,INFO,260101,013728
blk_4057264402,1,WARN,260101,013729
blk_8877647535,7,INFO,260101,013730
blk_8877647535,3,INFO,260101,013730
blk_8877647535,4,WARN,260101,013730
blk_8877647535,1,WARN,260101,013731
blk_3797975906,4,INFO,260101,013735
blk_3797975906,1,INFO,260101,013735
blk_3797975906,6,WARN,260101,013735
blk_3797975906,7,INFO,260101,013735
blk_3797975906,3,INFO,260101,013736
blk_3797975906,2,INFO,260101,013736
blk_3854272288,4,WARN,260101,013737
blk_3854272288,7,INFO,260101,013737
blk_3854272288,6,INFO,260101,013737
blk_3854272288,2,INFO,260101,013737
blk_3854272288,1,INFO,260101,013737
blk_9692486083,3,INFO,260101,013740
blk_9692486083,2,INFO,260101,013740
blk_9692486083,6,INFO,260101,013740
blk_9692486083,1,WARN,260101,013740
blk_9692486083,7,WARN,260101,013740
blk_2220999470,3,WARN,260101,013741
blk_2220999470,2,INFO,260101,013741
blk_2220999470,1,INFO,260101,013741
blk_2220999470,7,INFO,260101,013741
blk_2220999470,4,INFO,260101,013741
blk_2220999470,6,INFO,260101,013741
blk_1061067402,4,INFO,260101,013743
blk_1061067402,2,INFO,260101,013743
blk_1061067402,3,INFO,260101,013743
blk_1061067402,6,INFO,260101,013743
blk_1061067402,1,INFO,260101,013743
blk_1061067402,7,INFO,260101,013743
blk_0689509900,6,WARN,260101,013744
blk_0689509900,4,INFO,260101,013744
blk_0689509900,7,INFO,260101,013744
blk_0689509900,1,INFO,260101,013744
blk_0689509900,3,WARN,260101,013745
blk_6571369067,3,INFO,260101,013749
blk_6571369067,7,WARN,260101,013749
blk_6571369067,6,INFO,260101,013749
blk_6571369067,4,INFO,260101,013749
blk_0633848179,7,INFO,260101,013753
blk_0633848179,6,INFO,260101,013753
blk_0633848179,4,INFO,260101,013753
blk_0633848179,1,INFO,260101,013753
blk_0633848179,2,INFO,260101,013754
blk_0633848179,3,WARN,260101,013754
blk_0197000449,1,INFO,260101,013754
blk_0197000449,3,INFO,260101,013754
blk_0197000449,4,INFO,260101,013754
blk_0197000449,2,INFO,260101,013755
blk_5597049020,7,WARN,260101,013755
blk_5597049020,1,INFO,260101,013755
blk_5597049020,2,WARN,260101,013755
blk_5597049020,6,INFO,260101,013755
blk_5597049020,3,WARN,260101,013755
blk_5597049020,4,INFO,260101,013756
blk_9218746423,4,INFO,260101,013757
blk_9218746423,7,WARN,260101,013757
blk_9218746423,0,WARN,260101,013757
blk_9218746423,3,ERROR,260101,013757
blk_9218746423,2,WARN,260101,013757
blk_9218746423,6,WARN,260101,013758
blk_7062715370,7,INFO,260101,013801
blk_7062715370,2,INFO,260101,013801
blk_7062715370,6,WARN,260101,013801
blk_7062715370,4,INFO,260101,013801
blk_7062715370,3,WARN,260101,013801
blk_7062715370,1,WARN,260101,013802
blk_6023246118,4,WARN,260101,013803
blk_6023246118,7,INFO,260101,013803
blk_6023246118,1,INFO,260101,013803
blk_6023246118,2,WARN,260101,013804
blk_6023246118,3,INFO,260101,013804
blk_6023246118,6,WARN,260101,013804
blk_5656315358,1,INFO,260101,013804
blk_5656315358,3,INFO,260101,013804
blk_5656315358,4,INFO,260101,013804
blk_5656315358,7,INFO,260101,013804
blk_5656315358,6,INFO,260101,013805
blk_6306445765,6,WARN,260101,013805
blk_6306445765,4,INFO,260101,013805
blk_6306445765,7,INFO,260101,013805
blk_6306445765,2,INFO,260101,013806
blk_1928067870,6,INFO,260101,013808
blk_1928067870,2,INFO,260101,013808
blk_1928067870,1,INFO,260101,013808
blk_1928067870,3,INFO,260101,013808
blk_9930870234,7,WARN,260101,013812
blk_9930870234,4,INFO,260101,013812
blk_9930870234,6,INFO,260101,013812
blk_9930870234,3,INFO,260101,013812
blk_8746109437,3,WARN,260101,013817
blk_8746109437,6,ERROR,260101,013817
blk_8746109437,7,INFO,260101,013817
blk_8746109437,1,ERROR,260101,013817
blk_8746109437,10,ERROR,260101,013817
blk_9191102364,3,WARN,260101,013819
blk_9191102364,2,INFO,260101,013819
blk_9191102364,1,INFO,260101,013820
blk_9191102364,6,INFO,260101,013820
blk_9191102364,4,INFO,260101,013820
blk_0852324953,7,INFO,260101,013822
blk_0852324953,1,INFO,260101,013822
blk_0852324953,3,INFO,260101,013822
blk_0852324953,4,WARN,260101,013822
blk_5088728639,9,WARN,260101,013823
blk_5088728639,7,WARN,260101,013823
blk_5088728639,4,WARN,260101,013823
blk_5088728639,2,ERROR,260101,013823
blk_5088728639,1,ERROR,260101,013823
blk_7881930317,1,INFO,260101,013824
blk_7881930317,4,INFO,260101,013824
blk_7881930317,7,INFO,260101,013824
blk_7881930317,3,INFO,260101,013825
blk_7881930317,2,INFO,260101,013825
blk_7881930317,6,INFO,260101,013825
